{
  "id" : null,
  "date" : -1935860400000,
  "place" : "",
  "entry" : "28 Августа.\n1) Короткая молитва: Не оставляй меня Ты (не могу назвать Тебя). Помогай мнѣ служить Тебѣ въ дѣлѣ Твоемъ, быть съ Тобою, въ Тебѣ и Тобою.[460]\n2) Поѣсть, когда голоденъ, выпить воды, когда хочется пить, большое удовольствіе тѣлу. Но отказаться отъ ѣды, питья, отъ всего, чего хочетъ тѣло, уже не удовольствіе, а радость души. Знаетъ это только тотъ, кто испыталъ это.\n",
  "source" : "Полное собрание сочинений. Том 56."
}