{
  "id" : null,
  "date" : -3597505200000,
  "place" : "",
  "entry" : "18) Помѣрѣ остарѣнія все менѣе и менѣе чувствуешь реальность людей. Въ дѣтствѣ всѣ люди, к[оторыхъ] я зналъ, были, казалось, неизмѣнны, такіе, какіе были, но по мѣрѣ движенія жизни они все болѣе и болѣе измѣняющіяся духовны[я] проявленія. И теперь для меня маленькая Таничка есть уже не опредѣленное существо, a измѣняющая[ся] форма проявленія духа.\n19) Все думалъ о томъ, что время есть, какъ говоритъ Аміель, вращеніе передо мной сферы. Но я-то гдѣ? И вдругъ мнѣ ясно стало, что я вращаюсь вмѣстѣ со сферой (безконечной) и вмѣстѣ съ тѣмъ стою надъ ней (или въ ней), созерцая ее. И мнѣ вдругъ пришла удивительная мысль по своей простотѣ и п[отому], ч[то] она никогда не приходила мнѣ, — именно, что если есть движеніе (а мы всѣ сознаемъ движеніе жизни), то движеніе можетъ быть только относительно чего нибудь неподвижнаго. И это неподвижное духовное и есть то я, к[оторое] созерцаетъ движущуюся жизнь.\nКакъ удивительно ясно и просто — не доказательство, а уясненіе той безсмертной духовности, к[отор]ая составляетъ сущность я человѣка, да и всякаго существа. Жизнь трепещетъ въ каждомъ существѣ именно отъ того, что каждое существо движется вмѣстѣ со всѣми и вмѣстѣ съ тѣмъ неподвижно, какъ сознаніе.\n—————————————————————————————————\nЧувствую себя умственно бодро. Но теперь вечеръ, и не стану работать.\n",
  "source" : "Полное собрание сочинений. Том 56."
}