{
  "id" : null,
  "date" : -1974308400000,
  "place" : "Я  П",
  "entry" : "10 Іюня 1907. Я. П.\nФизически слабъ. На душѣ хорошо. Любовное отношеніе становится привычкой. Ахъ, коли бы съ дѣтства пріобрѣталась эта привычка! Возможно ли это? Я думаю: да. Записать кое-что:\n1) Все больше и больше почти физически страдаю отъ неравенства: богатства, излишествъ нашей жизни среди нищеты; и не могу уменьшить этого неравенства. Въ этомъ тайный трагизмъ моей жизни.\n2) Какое великое слово: «ищите Ц[арства] Б[ожія] и правды Его, и остальное приложится вамъ». Это значитъ: будете искать остальнаго во всѣхъ разныхъ видахъ, какъ всѣ ищутъ, и навѣрное не найдете, и Ц[арства] Б[ожія] нетолько не найдете, но удалитесь отъ него. И наоборотъ: ищите Ц[арства] Б[ожія] — и найдете его и все остальное. Это — единственное средство полученія остальнаго. Какъ хотѣлось бы убѣдить въ этомъ людей.\n",
  "source" : "Полное собрание сочинений. Том 56."
}