{
  "id" : null,
  "date" : -2793121200000,
  "place" : "",
  "entry" : "[28 июня.] 28. С Сережей разговор, продолжение вчерашнего о Боге. Он и они думают, что сказать: я не знаю этого, это нельзя доказать, это мне не нужно, что это признак ума и образованья. Тогда как это-то признак невежества. «Я не знаю никаких планет, ни оси, на к[оторой] вертится земля, ни экликтик каких-то непонятных, и не хочу это брать на веру, а вижу ходит солнце, и звезды как-то ходят». Да ведь доказать вращение земли и путь ее, и мутацию, и предварение равноденствий очень трудно, и остается еще много неясного и, главное, трудно вообразимого, но преимущество то, что всё сведено к единству. Также и в области нравственной и духовной — свести к единству вопросы: что делать, что знать, чего надеяться? Над сведением их к единству бьется всё человечество. И вдруг разъединить всё, сведенное к единству, представляется людям заслугой, кот[орой] они хвастают. — Кто виноват? — Учим их старательно обрядам и закону Божию, зная вперед, что это не выдержит зрелости, и учим множеству знаний, ничем не связанных. И остаются все без единства, с разрозненными знаниями и думают, что это приобретение.\nСережа признал, что он любит плотскую жизнь и верит в нее. Я рад ясной постановке вопроса. —\n————————————————————————————————————\nПошел к Константину. Он неделю болен, бок, кашель. Теперь разлилась желчь. Курносенк[ов] б[ыл] в желчи. Кондратий умер желчью. Бедняки умирают желчью! «От скуки» умирают.\nУ бабы грудница есть, три девочки есть, а хлеба нет. В 4-м часу еще не ели. Девочки пошли за ягодами, поели. Печь топлена, чтоб не пусто было и грудная не икала. Кон[стантин] повез последнюю овцу.\n————————————————————————————————————\nДома ждет Городенской косой больной мужик. Его довез сосед. Стои[т] на пришпекте.\nУ нас обед огромный с шампанским. Тани наряжены. Пояса 5 рублевые на всех детях. Обедают, а уже телега едет на пикник промежду мужицких телег, везущих измученный работой народ. —\n————————————————————————————————————\nПошел к ним, но ослабел. 3 бабы — Егора безрукого, Архипа Резунова и Ларивонова — ворочаются с пустыми чашками от поручицы. Она (умница) дает творог, да не застали — уехала на дачу. Нечем разговеться.\n————————————————————————————————————\nКонст[антин] из Тулы едет, подвозит Власа. Белки желтые, в шубе Петровками, живот к спине подвело, боится умереть от скуки — желча. — Ничего не хочется. —\n————————————————————————————————————\nУтром жена его говорила, что приходила к нам, не дождалась. Ребенок дома кричит, девчонка не управится, а другая лошадь стережет, а муж на печи. — Скверно.\n————————————————————————————————————\nВчера вечером разговор с Кузм[инским] о том, что Богоявл[енский] не революционер, если он хочет приобрести социальные книги.\n————————————————————————————————————\n",
  "source" : "Полное собрание сочинений. Том 49"
}