{
  "id" : null,
  "date" : -1962903600000,
  "place" : "Я  П",
  "entry" : "20 Окт. 1907. Я. П.\nЗапнулся въ своей работѣ. И два дня ничего не дѣлалъ. Очень не нравится мнѣ перечисленi[е] грѣховъ и соблазновъ. Нынче какъ будт[о] немного распутываюсь. За это время былъ нездоровъ и теперь еще не справился — желудкомъ. Были посѣтители: Заболотнюкъ, отказывается отъ военн[ой] службы, и нынче Новичковъ. Получаю телеграммы угрожающія и страшно ругательныя письма. Къ стыду своему, долженъ признаться, что это огорчаетъ меня. Осужденіе всеобщее и озлобленіе, вызванное письмомъ, такъ и осталось для меня непонятно. Я сказалъ то, что есть, и просилъ напрасно не тревожиться и меня оставить въ покоѣ. И вдругъ..... Удивительно и непонятно. Одно объясненіе — что имъ пріятно думать, что все, что я говорилъ и говорю о христіанствѣ, ложь и лицемѣріе, такъ что можно на это не обращать вниманія. Былъ Сутковой — ѣдетъ въ Самару. Записать:\n1) Вѣра въ Бога въ томъ, чтобы, несмотря на осужденія людей, дѣлать то, чего хочетъ Богъ, и быть спокойнымъ.\n2) Хорошо избавиться от любострастія, отъ гнѣва, отъ любостяжанія, но лучше всего во много разъ — избавиться отъ заботы о славѣ людской. Ничто такъ не подрываетъ духовную деятельность.\n3) Успѣхъ Евреевъ основанъ на ложной постановкѣ жизни. Выдаются люди безъ вѣры (вѣра ихъ самая отжившая). Не тѣмъ ли объясняются и успѣхи Японцевъ?\n4) Сонъ отличается отъ бдящей дѣятельности тѣмъ, что во снѣ невозможно главное дѣло жизни: нравственное уcиліе. Отъ этого во снѣ спокойно дѣлаешь ужасныя по безнравственности дѣла.\n",
  "source" : "Полное собрание сочинений. Том 56."
}