{
  "id" : null,
  "date" : -2792343600000,
  "place" : "",
  "entry" : "7 Июля. Кормилицы внучка. Отнимать надо, хлеба нет. — Не пахан пар, подати. —\n————————————————————————————————————\nЩукин всё подает прошения Игнатьеву. — Бессарабские старообрядцы.\n————————————————————————————————————\nСтаруха беззубая, морщинистая — лжет, что из-под Крапивны. Сноха гонит.\nЖенщина с девочкой. Ягодненская. Больной глаз, плачет. Лжет о печке, слезы льются на камень. —\n————————————————————————————————————\nДва солдата — из Тулы и Киева по монастырям.\n————————————————————————————————————\n",
  "source" : "Полное собрание сочинений. Том 49"
}