{
  "id" : null,
  "date" : -1964977200000,
  "place" : "Я  П",
  "entry" : "26 Сент. 1907. Я. П.\nНемного стѣсненъ въ писаніи тѣмъ, что Рѣпинъ пишетъ мой портретъ — ненужный, скучный, но не хочется огорчить его. Живется хорошо. Долго было состояніе сознанія своего великаго блага. Дня 4 вслѣдствіе болѣзнен[наго] состоянія была тоска и борьба. Слава Богу, ни въ чемъ особенно не приходится каяться.\nВсе составлялъ нов[ый] К[ругъ] Чт[енія] и окончи[лъ] очень начерно. Очень много посѣтител[ей]. Я въ модѣ теперь. И это тяжело. Поша б[ылъ]. Очень люблю его. Жалѣю объ Чертковѣ. Былъ Рѣпинъ общинникъ — горячій и пото[му] опасный. Хорошо думается. Хочется написать о женщинахъ и о сумашествіи устройс[тва] міра.[263] И интересныя письма отвѣт[ить]. Записать надо:\n1) Отчего безграмотные люди разумнѣ[е] ученыхъ? Отъ того, что въ ихъ сознан[іи] не нарушена естественная и разумная постепенность важности предметовъ, вопросо[въ]. Ложная же наука производитъ это нарушенi[е].\n2) Требованія семьи не могутъ оправдать противныя нравственности поступки, также какъ взятый на себя подрядъ не можетъ оправдать безчестныхъ разсчетовъ съ поставщик[ами].\n3) Требованія семьи, это мои требован[iя] для семьи.\n4) Нужда для семьи нужнѣе, чѣмъ роскошь.\n5) Мнѣ, богатому человѣку, надо дать воспитаніе дѣтямъ: какъ одѣвать ихъ, кормить? какъ ихъ учить? Для человѣка въ нуждѣ вопросы эти рѣшены, и всегда лучше, чѣмъ для человѣка богатаго.\n6) Смотрю на крошку внучку Таничку и думаю: будетъ большая, старая, какъ ея мать, бабка, и спрашиваю себя: какъ это произойдетъ? Отчего? И вотъ, самое это простое и важное явленіе всѣ знаютъ, и никто матерьяльнымъ путемъ научны[мъ] нетолько не можетъ объяснить, а и не пытается объяснить. Неясно написалъ, но очень ясно въ душѣ, и постараюсь послѣ яснѣе выразить.\n7) NN[264] не любитъ хорошаго человѣка, вредитъ, бранитъ его. Но человѣкъ умираетъ, и неловк[о] бранить, особенно отъ того, ч[то] всѣ жалѣютъ. И вот NN[265] увѣряетъ, что онъ всегда очень любилъ.\n8) Наше воспитаніе людей похоже на выведеніе такихъ плодовъ (яблокъ и т. п.), въ к[оторыхъ] все почти была бы одна оболочка (вкусная) сѣмени. Чтобы сѣмени, если можно, совсѣмъ бы не было. Воспитывать людей такъ, чтобы души был[о] какъ можно меньше, а было бы одно тѣл[о].\n9) Только благодаря времени, движенію, возможно осужденіе себя, раскаяніе и вслѣдствіи этого радость духовнаг[о] роста. —\nТолько [благодаря] пространству, отдѣленност[и], возможна любовь и радость ея.\nДля не движущагося и не отдѣленнаго существа — для Бога — нѣтъ ни радости духовнаго роста, ни блага любви.\n10) Внѣшніе знаки поклоненія Богу нужны, необходимы людямъ. Человѣкъ, к[оторый], будучи одинъ, перекрестится, скажетъ: Госп[оди], помилуй, этимъ показываетъ признаніе своего отношенія къ Существующему Непостижимому. Жалки люди, не признающіе этого отношенi[я].\n11) Богъ хочетъ блага всѣмъ. Если я хочу жить по волѣ Бога, то долженъ желать блага всѣмъ, т. е. любить.\n12) Во мнѣ живетъ то, что хочетъ блага. Я только по недоразумѣнію думаю, что я хочу блага себѣ. Желаніе блага, живущее во мнѣ, не можетъ желать блага себѣ одному. Желаніе блага есть голосъ Бога, желающаго блага всему.\n13) Для разумнаго человѣка, живущаго духовной жизнью,[266] разумъ есть руководитель жизни. Для неразумнаго, живущаго тѣлесной жизнью, разумъ есть только орудіе, к[оторое] можетъ быть съ пользой употреблено для блага личной жизни.\n",
  "source" : "Полное собрание сочинений. Том 56."
}