{
  "id" : null,
  "date" : -2051204400000,
  "place" : "",
  "entry" : "II т[омъ].\nНегодовані[е] народ[а].\nМар[ія] Ѳед[оровна]. Алек[сандръ] обвиняетъ не себя, а народъ.\n————————————————————————————————————\nСперанскій послѣ англоманіи, наполеоновецъ.\nПоѣзд[к]а въ Витебс[къ] съ Сперанск[имъ].\nПеремундиров[ать] арм[ію] по образцу Франц[узской].\nХочетъ захватить княжества.\nНаполеонъ дразнитъ Алекс[андра].\nПріѣздъ въ Москву 1810.\n304 примѣч[аніе]\nУмилені[е] отъ пріема народомъ, слезы.\n————————————————————————————————————\nСватовство за Анну Павл[овну].\nАл[ександръ] согласе[нъ].\nВывихнулъ ногу въ Петер[бургѣ].\nIII т[омъ].\n3 стр[аница]\nПрисутствi[е] въ Совѣтѣ.\nНемилость Сперанскаго.\n————————————————————————————————————\nОбъяснен[iе], почему Спер[анскаго] надо удалить.\nОбозлил[ся] — разстрѣлять Сперанск[аго].\n————————————————————————————————————\nУмиляется передъ самимъ собою и плачетъ.\n————————————————————————————————————\nРугаетъ людей «подлецы».\nОтсѣкли руку, и сейчасъ же друго[е].\nОбѣдъ въ Петерб[ургѣ]. Молебенъ въ Казан[скомъ] соборѣ.\nПріѣздъ въ Виль[но], балы.\nНаружность Алек[сандра].\n",
  "source" : "Полное собрание сочинений. Том 55"
}