{
  "id" : null,
  "date" : -1934391600000,
  "place" : "",
  "entry" : "Понемногу выздоравливаю. Юбилей — много пріятнаго для низшей души, но трудное сдѣлалъ для высшей души. Но жаловаться на себя не очень могу. Все понемногу выкорабкиваюсь. Нынче взялъ тетрадь именно для того, чтобы записать то, ч[то] утромъ и ночью въ первый разъ почувствовалъ, именно почувствовалъ, что центръ тяжести моей жизни перенесся уже изъ плотско[й] въ духовную жизнь: почувствовалъ свое равнодушiе полное ко всему тѣлесному и неперестающій интересъ къ своему духовному росту, т. е. сво[ей] духовной жизни.\nИ нужно, хочется записать:\n1) Придумалъ остроумное и бойкое словечк[о] противъ человѣка, напечатавшаго миѣ непріятное, и хотѣлъ записать. Потомъ вспомнилъ, что это нехорошо, и рѣшилъ не писать. И стало очень хорошо на душѣ. Если сомнѣваешься въ томъ, даетъ ли духовная жизнь, удовлетворенiе ея требованій такое же благо, какъ удовлетвореніе тѣлесныхъ желаній, или вообще даетъ ли благо? если сомнѣваешься, то постарайся сдѣлать такое доброе, хоть немного самоотверженн[ое] дѣло, и устроить такъ, чтобы никто никогда не узналъ. Сдѣлай это и[461] увидишь, что удовлетворенi[е] духовн[ыхъ] требованій не менѣе радостно, чѣмъ тѣлесныхъ.\nОхъ, слава людская! какъ она путаетъ насъ! Какъ важно освобождаться отъ нея. Да, градаціи: 1) для себя, 2) для людей, 3) для себя — Бога. Отъ перваго до второг[о] — малое разстояніе, отъ втора[го] до третья[го] — огромное.\nНынче былъ пріѣзжій тяжелый юноша. Оставилъ тяжелое впечатлѣніе. Сейча[съ] придутъ тульскіе революціонеры.\n",
  "source" : "Полное собрание сочинений. Том 56."
}