{
  "id" : null,
  "date" : -2863364400000,
  "place" : "",
  "entry" : "7[344] Апреля. На прогулке — богомолки — две костромские, 6 вологодских. Костромская широкорожая девка. Два раза была в Киеве, была в Соловках. «Я девка!» указывая на сумку, «и дом и дети, всё тут».\nСтарушка вологодская. В островах (лесах) барки рубят. Лес матерый.\n",
  "source" : "Полное собрание сочинений. Том 48"
}