{
  "id" : null,
  "date" : -2792257200000,
  "place" : "",
  "entry" : "8 Июля. Бедный прикащик, не пьяное лицо.\nУпорный полусумашедший в синем, мужик о подаренной земле.\n————————————————————————————————————\nЗять старик с женою, старик Ягоднен[ской] из Сибири.\n————————————————————————————————————\n",
  "source" : "Полное собрание сочинений. Том 49"
}