{
  "id" : null,
  "date" : -3086535600000,
  "place" : "",
  "entry" : "11 Марта. Молот ударил железо. Железо и молот теплы. Железо на поверхности земли есть вот что:\nизлишек угла есть тепло и движение. В газе есть скрытое тепло, в железе скрытое движение. То и другое разрешается, когда оно в своем месте.\nвот газ —\nСила сцепления частиц равна излишку угла.\nСила разрыва газа равна недостатку угла.\n————————————————————————————————————\nДва дерева трутся, излишек освобождается в газ — огонь.\n————————————————————————————————————\nКремень и железо, откалываясь, освобождают огонь.\n————————————————————————————————————\nDavy Works Vol. II, p. 8. Кремень и огниво не дают огня в безвозд[ушном] пространстве, но плавятся при микроскоп[ическом] исслед[овании]. Трение в воздухе производит тепло, т. е. отделяет части кремня и освобождает лучи.\nФарадей установил соответствие электричества и химических сил.\nСжатый воздух выпущенный, электр[ический] термометр и всякий газ дает холод — потому что сжатие есть недостаток угла. Он берет в себя лучи для настоящего угла. —\n————————————————————————————————————\nСжатый газ дает тепло.\nСжимая тело, я освобождаю лучи. — Как и железо.\nВытягивая воздух, я охлаждаю, т. е. увеличиваю угол — холод.\nУвеличение угла — холод, уменьшение — тепло.\nОпыты вращения и произведения тепла между полюсами электромагнита показывают, что сила электромагнита есть освобожденное тепло. (Далее.)\nJoule нашел, что равные силы производят равную величину тепла, на какие бы тела ни была обращена сила. Грести воду, ртуть. Тереть металл и т. д.\nИ что тепло, нужное для возвышения температуры воды на 1° Фаренг[ейта], равно 772 футам-фунтам и обратно. Это выражает только то, что при соединении разных углов излишек угла всегда равен недостатку, т. е. сила равна теплу и есть, одно и то же.\nПадение ядра на плиту производит тепло, угол стремится уменьшиться, скрытое движение выражается и противодействие выражается освобожденным теплом. Быстрота падения обратно пропорциональна квадрату расстояния.\nТело,[180] стремящееся ed к уменьшению своего угла в ab, стремится из с в а и из е в g — са = ge.\n[181]При ударе железа о железо сила движения переходит в равную силу тепла. — Т. е. лучи расширенные переходят в одну точку f и тепло развивается в квадрате катета СМ.\nCapacität[182] тепла есть только большая или меньшая сила притяжения частиц, т. е. излишек или недостаток угла.\nБрилиант горит в кислороде. —\nДля брилианта большой излишек угла, для кислорода недостаток. Их сводят. Совершается соединение и излишние лучи — огонь.\nЧертеж I. ab есть брилиант, ed есть кислород, ab недостает, а кв[адрату] М до нормы cd недостает SfC до нормы. Если сумма этих двух углов даст число нормальное, величина на eb, то есть химическое родство.\nЭлектрич[ество] трения есть вызывание боковой силы — выпрямление лучей.\nДва тела всегда дают неравные — стремятся друг к другу и все к низу. Проводники те, в к[оторых] лучи дальше друг от друга.\nМагнитн[ая] сила есть стремление к выпрямлению, происходящее от поворота земли на своей оси у полюса.\nЭто обращенье назади.\nПересечения лучей ломанных от недостатка и излишка угла дают все возможные формы частицами соединения материи, железо и газ.\nКристаллы. —\nПри соединении тел, если для нормы преобладает недостаток угла, он выкидывается тепл[ом], если излишек, то он падает тяжестью. —\n",
  "source" : "Полное собрание сочинений. Том 48"
}