{
  "id" : null,
  "date" : -1946055600000,
  "place" : "",
  "entry" : "1) Развѣ не ясно, какой полный невѣжда этотъ професоръ Геккель. Каковы же его ученики? Возражать не стоитъ: возраженіе въ Евангеліи, но они не знаютъ его, безнадежно не знаютъ, рѣшивъ, что они выше его.\nА если люди такъ невѣжественны, что могутъ по закону убивать, то что же законъ? И все рушится.[393]\n2) Нельзя спрашивать: перемѣнить ли жизнь? Перемѣнить надо жизнь только тогда, когда нельзя не перемѣнять. И тогда нечего спрашивать. А для того, чтобы притти въ такое положеніе, надо внутренне, духовно измѣниться.[394]\n",
  "source" : "Полное собрание сочинений. Том 56."
}