{
  "id" : null,
  "date" : -2862241200000,
  "place" : "",
  "entry" : "20 Апр. С детьми ходил в Тулу. Старинушка из Старой Русы, 94 года, 4-й раз идет в Киев. Был старшиной поселенцем при Ракчееве. Рассказ о Ракчееве. Царь сказал: собаке собачья и смерть. Про казни. Спервака жутко. Так жутко, руки, ноги трясутся, а наглядишься, всё равно как не человека мучают. Известно за напрасно. Зять всё молчит. А дочь бойкая. — Монах молодой, глупое лицо, впалый нос, курчавый, из духов[ного] звания. Ходил в Оптину, ищет, где лучше жить. Противу Московских обителей далеко, подали капусты с квасом, щи да кашу с маслом, и встали разговевшись. У нас 5 перемен. С собой принесешь в обитель и жить хорошо, а то трудно тоже послушание.\n",
  "source" : "Полное собрание сочинений. Том 48"
}