{
  "id" : null,
  "date" : -2704647600000,
  "place" : "",
  "entry" : "[5/17 апреля.] Встал поздно — вял. Та же грусть. Теперь особенно, при виде всех дома. Полотеры чистят, мы пачкали. — Я опустился и стал менее строг к себе. Не замечаю своих грехов. Подбодрись. Вчера письмо от Черткова. Репин говорил, что и Крамской назвал его сумашедшим. Читал Психиатрию, о помещике Я., жившем с своей дворней. Письмо от Мирского и стихи. Поразительно. Он христианин. Стихи прекрасны по содержанию и 13-тилетнего мальчика по форме. Пришел Страхов. Он похудел. Та же узость и мертвенность. А мог бы проснуться. Пошел погулять. Обед. Целый обед, кроме покупок и недовольства теми, к[оторые] нам служат — ничего. Всё тяжел[ее] и тяжелее. Слепота их удивительна. После обеда, пришел Ронжев — скучно. Чертков. Еще тверже и глубже запахал. Он ест с людьми, но люди у него служащие. Потом пришел Страхов и пришла Таня — отвратительно. С Страховым разговор о том, что нельзя следовать правилу, — т. е. нет правил. Вмешательство безумное, бестолковое в разговор, и нельзя даже показать этого безумия. Если показать, гнев и обвинение в личной злобе. Если не показывать, то уверенность, что так и надо, и падение всё глубже и глубже. Жду выхода.\n",
  "source" : "Полное собрание сочинений. Том 49"
}