{
  "id" : null,
  "date" : -3052062000000,
  "place" : "Ясная Поляна",
  "entry" : "14 Апреля [Ясная Поляна]. Травы много, лист зеленеет. Было тепло; захолодало. —\nВечер. Низкие, темные, не сплошные, разорванные на заре тучи. Тихо, глухо, сыро, тепло, пахуче — лиловатый оттенок.\nПервая весна. — Скотина лохматая, из под зимних лохмотьев светятся полянки перелинявших мест.\nВторая весна. Лист на березе в весь рост, как платочек мягкий. Голубые пригорки незабудок, желтые поля свергибуса — пчела серо-черная гудит и вьется и впивается. Лопухи крапивы, рожь в трубку, лезет по часам. Примрозы желтые. На острых травк[ах], на кончиках, радуги в росе. Пашут по[д] гречу. Черно, странно. Бабы треплют пеньку и стелют серые холсты. Песни соловьев, кукушек и баб по вечерам. Дороги не накатаны еще.\n———————————————————————————————————\nСередина зимы. Был 3 суток снег с мятелью, 10 град[усов] мороза. Сизо, бело, волна. В лесу стволы, деревья, кусты[140] занесены с севера. На деревне овины, скирды, одна сторона белая. Баба прошла за кормом, провалил[ась] выше онуч. В сарайчик дверь щит соломенный.\nНосят все в сапогах.\nПропил кафт[ан], рубаху и портки.\nКараульщики на досках играют.\nПодносит вино с поцелуем мужу, поклонилась — гостю.\nПолотенцо подарила, серебр[ом] шитое.\nСукно — торговал рубль на рубль. —\nВеником в бане закрываются.\nМедведи торбан[ят].\nПетрушка Уксусо[в].\nКак Савелий Иваныч оделся нищим посмотр[еть] невесту. —\nЗа вдовой мужик поставил ратника.\nПоп вдовой обедает у дворянина.\nПриказный боится показать именье.\nПолавочники.\n———————————————————————————————————\nПолон дом народа.\n———————————————————————————————————\nИ тайно обмывает прокаженных.\n———————————————————————————————————\nПо темницам ходила\nСлепые играют\n———————————————————————————————————\nДурак — Ник[олай] Серг[еевич].\nАнис[им] Яковл[евич].\nПав[ел] Иван[ович].\n———————————————————————————————————\n———————————————————————————————————\nБольшак, Кирилушка.\nАким, Еремка.\n———————————————————————————————————\n",
  "source" : "Полное собрание сочинений. Том 48"
}