{
  "id" : null,
  "date" : -2018199600000,
  "place" : "Я  П",
  "entry" : "18 Янв. 1906. Я. П.\nВсе нездоровится. Занимаюсь понемногу Кругомъ Чтенія.\nДумалъ нынче о томъ, что мнѣ, старику, дѣлать? Силъ мало, они слабѣютъ замѣтно. Я нѣсколько разъ въ жизни считалъ себя близкимъ къ смерти. И — какъ глупо — забывалъ, старался забывать это — забывать что? То, что я умру, и что во всякомъ случаѣ — 5, 10, 20, 30 лѣтъ, смерть всетаки очень близка. Теперь я уже по годамъ своимъ естественно считаю за себя близкимъ къ смерти, и забывать это уже не къ чему, да и нельзя. Что же мнѣ, старому, безсильному, дѣлать? спрашивалъ я себя. И казалось, что нечего, ни на что силъ нѣтъ. И нынче такъ ясно понялъ ясный и радостный отвѣтъ. Что дѣлать? Уже показано, что умирать. Въ этомъ теперь, въ этомъ и всегда оно было, мое дѣло. И надо сдѣлать это дѣло какъ можно лучше: умирать и умереть хорошо. Дѣло передъ тобой, прекрасное и неизбѣжное, а ты ищешь дѣла. Это мнѣ было очень радостно. Начинаю привыкать смотрѣть на смерть, на умиранье не какъ на конецъ дѣла, а какъ на самое дѣло.\nЧиталъ вчера и нынче Максимова Сибирь и Каторга. Чудные сюжеты: 1) подносчика въ кабакѣ, наказан[наго] кнутомъ, чтобъ скрыть стыдъ купеч[еской] дочки; 2) чудный сюжетъ: Странникъ.\n",
  "source" : "Полное собрание сочинений. Том 55"
}