{
  "id" : null,
  "date" : -1975172400000,
  "place" : "",
  "entry" : "Пріѣхалъ Сер[ежа]. И съ нимъ б[ыло] хорошо. Поправлялъ Чертк[ова] статью. Немно[го] написалъ Д[ѣтскій] К[ругъ] Ч[тенія]. Отвѣт[илъ] письмо Тюмень. — Послалъ 3000 Сутково[му].\n————————————————————————————————\nБезумная жизнь людей. Состарѣвшееся безум[іе] считается разумной жизнью. Новое безуміе считается прогресомъ. Вѣра, политика, наука, искуство, педа[го]гик[а], промышленность, торговля, банки (деньги), земледѣліе, печать, общеніе половъ, добродѣтель, медицин[а], психіатрія, наслажден[iя] (табакъ, вино).[538]\n",
  "source" : "Полное собрание сочинений. Том 56."
}