{
  "id" : null,
  "date" : -2704906800000,
  "place" : "",
  "entry" : "[2/14 апреля.] Встал поздно. Комната уже была убрана. Говорил с Урусовым до 4. Она еще мягче — болезненная и смирная. Пошел к Вольфу. Обедал. Пришел Сережа — сначала раздраженный, потом мягкий и добрый. Шил сапоги. За чаем поговорили тихо и лег в 121/2. Дурно то, что ничего не делал. Она забыла про свою злость и рада была, что я простил. И то лучше. Безумная жизнь страшно жалка.\n",
  "source" : "Полное собрание сочинений. Том 49"
}