{
  "id" : null,
  "date" : -3079450800000,
  "place" : "Лето",
  "entry" : "Лето, Июнь.\nСинева — парит — грозы. Побеги на деревьях — росы. Цветы везде. Желтые поля свергибуза. Голубых незабудок. Птица соловьи. Народ песни. — Волнуется рожь, начала только. Ягода, грибы. — Сено преет. Гречихи лопушатся.\nНавоз пахнет. Дороги накатаны в поля.\nВ лесу теснота. Гул пчел. Рои бегут. Липа отяжелела от цвета. Шиповник. Низы луга, стоят серые метелки некошенные.\nНачало Августа.\nДороги накатаны хлебом.\nПозднее сено на рядах, духи болотные.\nСинева в дали.\nНочи тайные, звездные.\nПтиц нет — тишина.\nБелые грибы.\nНа репьях пчелы.\nПлод на липе.\nЗапах яблока.\nДым густой, пахучий.\nГустота и тяжесть во всем.\nСкирды, недокладенные на гумнах.\nВода стальная и тихая, густая.\n",
  "source" : "Полное собрание сочинений. Том 48"
}