{
  "id" : null,
  "date" : -2859390000000,
  "place" : "22,",
  "entry" : "[23 мая.] 22, 23. Грозы по две днем. Ударило в двух местах. Стручки на акации. Мухи показались и липнут.\n24 М. Зашел дождик дробненький. Еще не миновал, а соловушка уже высвистывает. —\nК крыше чердачок. После дождя одна сторона суха.\nИван да Марья сплошь покры[вает]. Грудной чай расцвел.\n26 М. Одуванчики осыпались, жирные красные стебли. — Рожь побурела: усики вверху, колоса пожелтели. Овес завострился.\n",
  "source" : "Полное собрание сочинений. Том 48"
}