{
  "id" : null,
  "date" : -3152890800000,
  "place" : "",
  "entry" : "1870. 2 Февраля.\nЯ слышу критиков: «Катанье на святках, атака Багратиона, охота, обед, пляска — это хорошо; но его историческая теория, философия — плохо, ни вкуса, ни радости».\nОдин повар готовил обед.[384] Нечистоты, кости, кровь он бросал и выливал на[385] двор. Собаки стояли у дверей кухни и бросались на то, что бросал повар. Когда он убил курицу, теленка, и выбросил[386] кровь и кишки, когда он бросил кости, собаки были довольны и говорили: он хорошо готовил обед. Он хороший повар. Но когда повар стал чистить[387] яйца, каштаны, артишоки и выбрасывать скорлупу на[388] двор, собаки бросились, понюхали и отвернули носы и сказали:[389] Прежде он хорошо готовил обед, а теперь испортился, он дурной повар. Но повар продолжал готовить обед, и обед съели те, для которых он был приготовлен.\nСколько бы ни говорили о том, что в драме должно преобладать действие над разговором, для того, чтобы драма не была балет, нужно, чтобы лица высказывали себя речами.\nТот же, кто хорошо говорит, плохо действует, и потому выразить самому себе герою словами нельзя. Чем больше он будет говорить, тем меньше ему будут верить. Если же будут говорить другие, а не он, то и внимание будет устремлено на них, а не на него. —\nКомедия — герой смешного — возможен, но трагедия,[390] при[391] психологическом развитии нашего времени, страшно трудна.[392] Оттого только в учебниках можно говорить об Ифигении, Эгмонте, Генрихе IV, Кориолане и т. д. Но ни читать, ни давать их нет возможности. — Оттого бездарные подражатели могут подражать подражанию (слабому) Пушкина, Борису Годунову. Оттого белый стих, о котором останется несомненной истиной то, что на будущего себя сказал Пушкин:\nПослушай, дедушка, мне всякий раз, Когда взгляну на этот замок Ретлер, Приходит в голову, чтó если это проза, Да и дурная. —\nВзятие Корсуни Владимира эпопея.\nМеншиков женит Петра II на дочери, его изгнание и смерть — драма.\n",
  "source" : "Полное собрание сочинений. Том 48"
}