{
  "id" : null,
  "date" : -1962298800000,
  "place" : "Сегодня   Я  П",
  "entry" : "Сегодня 27 Окт. 1907. Я. П.\nОтрываюсь отъ работы, чтобы записать то, что съ утра испытываю невыразимую, умиленную радость сознанія жизни[278] любви, любви ко всѣмъ и ко Всему. Какая радость! Какое счастіе! Какъ не благодарить То, Того, Кто даетъ мнѣ это.\n",
  "source" : "Полное собрание сочинений. Том 56."
}