{
  "id" : null,
  "date" : -1980183600000,
  "place" : "",
  "entry" : "[3 апреля]. Писалъ Д[ѣтскій] К[ругъ] Ч[тенія] плохо. Длинн[ое] хороше[е] письм[о] отъ Бабабар[ати].\nАпрѣлъ 3.\nС[офья] А[ндреевна] уѣхала [въ] Москву. Здоровье лучше. Боюсь — сейчасъ ходилъ и простудился.\nѢздилъ верхомъ. Письмо отъ Наташи. Писалъ и Ев[ангеліе] и К[ругъ] Ч[тенія]. Не дурно. Урокъ съ меньши[ми], очень хоро[шъ].\nАпрѣлъ 4.\nГолова болитъ, и не думается. Но утромъ рѣшилъ о формѣ еван[гелія].\n",
  "source" : "Полное собрание сочинений. Том 56."
}