{
  "id" : null,
  "date" : -2704129200000,
  "place" : "Нельзя запрещать людям высказывать друг другу свои мысли о том как лучше устроиться",
  "entry" : "[11/23 апреля.] Поздно. Читал переписку Н[атальи] Арм[фельд]. Высокого строя. Тип легкомысленный, честный, веселый, даровитый и добрый. — Нельзя запрещать людям высказывать друг другу свои мысли о том, как лучше устроиться. А это одно, до бомб, делали наши революционеры. — Мы так одурели, что это выражение своих мыслей нам кажется преступлением. Утром же ходил к Страхову. Хорошо говорил с ним и Фетом. Пришел Соловьев. Мне он не нужен и тяжел, и жалок. — За обедом два шурина. — Петя противен, Саша сноснее. Ушел к Сереже. Опять слабость смертная. Дома шил сапоги. Но вышел пить чай и присел к столу, и до 2 часов. Стыдно, гадко. Страшное уныние. Весь полон слабости. Надо как во сне беречь себя, чтобы во сне не испортить нужного на яву. Затягивает и затягивает меня илом, и бесполезны мои содрогания. Только бы не без протеста меня затянуло. — Злобы не было. Тщеславия тоже мало, или не было. Но слабости, смертной слабости полны эти дни. Хочется смерти настоящей. Отчаяния нет. Но хотелось бы жить, а не караулить свою жизнь.\n",
  "source" : "Полное собрание сочинений. Том 49"
}