{
  "id" : null,
  "date" : -1971457200000,
  "place" : "",
  "entry" : "[13 июля.]\nПропустилъ два дня. Нынче 13 Іюля. Вчера 12. Чувствовалъ себя бодро, писалъ Не убій, ѣздилъ къ Ч[ертковымъ]. Вечеромъ б[ылъ] актеръ, потомъ чтеніе статьи Наживина и споръ о Дж[орджѣ].\nТретьяго дня 11 пріѣхала Таня. Очень радостно б[ыло] съ ней. Она мнѣ очень дорога по сердцу и тѣмъ, ч[то] хороша. Писалъ плохо «Не убій». Б[ылъ] Чертковъ. Куча писемъ скучныхъ.\n",
  "source" : "Полное собрание сочинений. Том 56."
}