{
  "id" : null,
  "date" : -1986836400000,
  "place" : "Я  П",
  "entry" : "16 Янв. 1907. Я. П.\nНочью думалъ о томъ, что такое время. Я представлялъ себѣ это вращеніемъ сферы (Аміель), но проще представить себѣ это усиленіемъ зрѣнія духовнаго. Я вижу себя все яснѣе и яснѣе, и если бы я былъ одинъ въ мірѣ и я бы не состоялъ изъ открывающихся мнѣ существъ,[14] я бы не зналъ движенія: былъ бы только я, какимъ я вижу себя[15] сейчасъ. Но вмѣстѣ со мной открываются моему зрѣнію другія существа: иныя скорѣе, иныя медленнѣе.[16] Эфемериду,[17] при мнѣ рождающуюся[18] и при мнѣ[19] умирающую,[20] я вижу всю въ то время, какъ я только вижу[21] маленькую открывающуюся часть себя,[22] — и дубъ,[23] только 1/10 частью[24] открывающійся мнѣ. (Все, кажется, даже навѣрное, чепуха).\nЧиталъ статейку, присланную Bolton Наll'омъ, о непротивленіи. Авторъ говоритъ, что нарушаетъ свойственное людямъ единство, единеніе отдѣльная воля каждаго, что надо отречься отъ своей воли (и въ этомъ онъ правъ) и нетольк[о] не противиться, но исполнять все то, что отъ тебя требуютъ, п[отому] ч[то] предъявляемыя къ тебѣ требованія, это — требованія жизни міра. А жизнь знаетъ, что ей нужно. И въ этомъ онъ не правъ, п[отому] ч[то] жизнь міра есть жизнь существъ, руководящихся свойственными каждому — органами. Въ числѣ органовъ человѣка высшій есть разумъ, и человѣкъ не можетъ, не долженъ отказаться отъ него, такъ какъ жизнь міра складывается изъ дѣятельности людей, руководимыхъ разумомъ. Единеніе людей совершится не отказомъ людей отъ разума, а признаніемъ всѣми его законовъ.\n",
  "source" : "Полное собрание сочинений. Том 56."
}