{
  "id" : null,
  "date" : -1983639600000,
  "place" : "",
  "entry" : "Только, чтобы записать:\n1) Для чего я — отдѣленное проявленіе Бога? Для того, чтобы я имѣлъ благо сознанія себя и общенія со всѣмъ міромъ (Разъяснить послѣ.)\n2) Дѣтямъ нуженъ и не вреденъ догматизмъ.\n",
  "source" : "Полное собрание сочинений. Том 56."
}