{
  "id" : null,
  "date" : -1970420400000,
  "place" : "",
  "entry" : "[549]Третьяго дня 25 Іюля. Работалъ надъ статьей Н[е] У[бій]. Уѣхалъ Лева. Очень добро жаль его. Ѣздилъ верхомъ одинъ. Вечеромъ прекрасн[ый] разговоръ съ Ч[ертковымъ]. Былъ Илья. Доволенъ какъ м[ѣдный] г[рошъ].\n24 Іл. Писалъ либо письм[о] либо статью. Письмо отдалъ Ч[ерткову] для отправки. Былъ у Ч[ертковыхъ]. Съ Левой сдержанн[о], не упрекаю себя, ч[то] не говорилъ.\nПеречелъ статью, кажется возможна. Саша[550] радуетъ очень. Письма хорошіе.\n",
  "source" : "Полное собрание сочинений. Том 56."
}