{
  "id" : null,
  "date" : -3149002800000,
  "place" : "",
  "entry" : "19 Марта. Что бы ни производил поэт или мыслитель, он должен знать, что в то время, как он пишет, уже с разных сторон сидят сотни людей, пытавшихся неудачно на том поприще, к[оторое] избрал поэт или мыслитель, с обмокнутыми в свою желчь перьями, наготове растерзать всё то, что произведет мыслитель. —\nВера в прогресс есть неверие или непонимание великого Бога и верование в маленького. — Они формулируют прогресс так, чтобы движение всего, т. е. сущность жизни, направлялась к целям, им желательным — или понятным. Нет законов, кроме тех, которые ведут к нам приятному и понятному. Нет Бога, кроме нашего желания. — Идолопоклонство одно и то же. Всегда было и будет. —\nВесьма трудно созерцать жизнь прошедших поколений без снисходительной улыбки взрослого к играм детей. А это-то сознаваемое превосходство есть главный источник заблуждений и непонимания прошедшей жизни. —\nМожно, напротив, за правило поставить: то, в чем мы представляемся себе ушедшими вперед прошлых поколений, не есть существенное жизни; то, напротив, в чем мы всегда одинаковы, есть сущность жизни. —\n",
  "source" : "Полное собрание сочинений. Том 48"
}