{
  "id" : null,
  "date" : -1981566000000,
  "place" : "",
  "entry" : "Мартъ 18.\nВидѣлъ во снѣ ясно несостоят[ельность] своей жизни и будто измѣняю ее. Хорошо думалъ о разсказѣ заваленныхъ. Поправилъ Вовенарга. Много мыслей вызвалъ журн[алъ] Baba Barati и Малеваный. Да, да, начало новой жизни міра.\n",
  "source" : "Полное собрание сочинений. Том 56."
}