{
  "id" : null,
  "date" : -2797354800000,
  "place" : "Евстегний",
  "entry" : "10 Мая. Женщина Лапотковская. Евстегний. Богатый дом. Но много убогих. Старуха бабка слепая, тетка хромая, 2 детей, хозяин косолапый. Один работник, ловкий на всё. Стал выпивать. — Работал на дороге, получил расчет, пропил. Отец ругал. Другой раз пропил. Совестно домой идти. С товарищем пошли в Лапотково. Не заходя домой, украл, сбив пробой, одежду. Свою бросил. Был на поруках. Осудили на год в острог. Дома сняли надел. Теперь вопрос, принять ли в общество. Два приговора — не принимать. — Вышло время. Просят. —\nДементий Меркулов, Терехин Лапотковской. Прибегал босиком здоровяк за Евангелием.\n————————————————————————————————————\nЗахаровская баба. Семья 10 душ, сноха вдовая и 2 детей, другая сноха солдатка и один вернувшийся солдат.\n————————————————————————————————————\n[49] На деревне. Козлов позвал к матери. — Пришел вперед Александр с женой — пьян. «Вот видите». — «Солдат». Норовит уйти. Кормить детей. Замаялся один, без отца плохо.\n————————————————————————————————————\n",
  "source" : "Полное собрание сочинений. Том 49"
}