{
  "id" : null,
  "date" : -1925233200000,
  "place" : "Сегодня   Я  П",
  "entry" : "Сегодня 29 Дек. 1908. Я. П.\nОчень хорош[о] себя чувствую. Въ первый разъ, хотя и плохо, но охотно писалъ — не зна[ю], какъ назвать? Можетъ быть: Нѣтъ виноватыхъ. Могу себѣ представить, вижу возможность, и съ удовольствіемъ. Утромъ, ночью думалъ такъ ясно, какъ несчастны богатые: несчастны п[отому], ч[то] одно истинное благо въ жизни — любовь и отъ себя къ себѣ, богатый же всегда лишенъ этого. Чѣмъ больше онъ раздаетъ, тѣмъ больше отъ него требуютъ, меньше его любятъ, и онъ [не] можетъ любить тѣхъ, кот[орые] видятъ въ немъ только кошель. И это до тѣхъ поръ, пока онъ все раздастъ. Только тогда является возможность любовнаго общен[ія] со всѣми. А любовь полная тольк[о] тогда, когда со всѣми.\nУдивительно хорошо себя и чувствую и сознаю. Такъ легко всѣхъ любить. Да, помоги мнѣ соединиться съ Тобою, въ Тебѣ и во всѣхъ проявленіяхъ Твоихъ и жить Тобою. Помоги, хочу, однаго хочу.\nѢздилъ далеко верхомъ съ М[арьей] Н[иколаевной], Сер[ежей] мал[енькимъ] и его учит[елемъ]. Иду обѣдать.\n",
  "source" : "Полное собрание сочинений. Том 56."
}