{
  "id" : null,
  "date" : -2795281200000,
  "place" : "",
  "entry" : "3 Июня. Кучер Хомякова, отец, сын и мать. Идут в Москву. Две погорелые старухи, Головенские (коротко подоткнуты). Бибиков с Сережей и Кривцовым едут к царю с иконой в 700 р. Сережа читал дело о земле. Надо выписать. — «Слушали, признав: Земле — справка; приказали».\n————————————————————————————————————\nХодил гулять, беседа с Иваном Андреичем.\n————————————————————————————————————\n",
  "source" : "Полное собрание сочинений. Том 49"
}