{
  "id" : null,
  "date" : -2032110000000,
  "place" : "Нынче  Я  П",
  "entry" : "Нынче 10 Августа 1905. Я. П.\nБылъ въ Пироговѣ. Два или три дня чувствовалъ себя особенно слабымъ, но послѣ 3-хъ дней стало работаться, и почти кончилъ Коньцъ Вѣка. Было очень хорошо въ уединеніи и у Маши. — Вернулся 7-го, и здѣсь было хорошо. Вчера нагрѣшилъ, раздражился о сочиненіяхъ — печатан[іи] ихъ. Разумѣется, я кругомъ виноватъ. Хорошо ли, дурно это, но всегда послѣ такого грѣха: разрыва любовной связи точно рана болитъ. Спрашивалъ себя: что значитъ эта боль? И не могъ найти другаго отвѣта, какъ только то, что открывается (посредствомъ времени) сущность своего существа. Считаешь его лучшимъ, чѣмъ оно есть.\nСтранное испытываю я теперь въ хорошія минуты ощущеніе пониманія смысла жизни, такого яснаго, что становится жутко. Надо попытаться выразить. Записать:\n1) Различіе между мущиной и женщиной: у мущины похоть всегда, но такая, что можно ее удержать. У женщины временами — неудержимая. — (Разсказъ (В.)).\n2) Какая явная нелѣпость — насиліемъ уничтожать насиліе.\nРазсказъ: подмѣненный ребенокъ.\n",
  "source" : "Полное собрание сочинений. Том 55"
}