{
  "id" : null,
  "date" : -2791738800000,
  "place" : "",
  "entry" : "14 Июля.[56] Немец, купцы до Моршанска. Из Моршанска. Богурусланская кухарка с семьей. Была у барина на даче. Он кормил с семьей. Восточная будто, строгая, мрачная красота и вдруг старая, беспомощная улыбка. Фартук с дивана спороли, оросили. Затереть годится. — Дети набалованы, а едет на работу.\n————————————————————————————————————\nВ горничных большеротая, с огромным мешком. Из Ниж[него] Ломова. Идет жать. Не отвыкла. Брату 28 р. послала.\n————————————————————————————————————\nКалужская живет в Самаре, муж прялки делает. Была бой баба, 4 дочерей выдала. Осуждает всех. — Звезда к концу света. — Купец сказывал: царь просил у синода земли под дворец. Дали. Еще детям. Дали. Еще племяшам и братьям. Дали. Еще вобчим детям. Дали. Самим ничего не осталось.\n————————————————————————————————————\n15 И. Оренб[ургская] дорога. Солдат с артелью идет кирпич бить, 57 лет. Один с женой кормится. До 60 лет добью, способие получать стану. Как кормиться. Корс[унского] уезда. За 70 в[ерст] пришли, до парохода, проехали до Самары. Старики подбивали идти пеши, чтоб проездные деньги остались. Был спор об 38 к[опейках]. Настаивали, чтобы лишних 30 в[ерст] пройти за 38 к[опеек]. —\nБыл солдатом, пошел женатый. Жену 16 лет не видал.\nВчера облом мужчина с женой, косая сажень в плечах. — Прилег на жену. Не думая, лег на пол. Ничего в головах и заснул.\n————————————————————————————————————\nВчера же из Ильмина мужик с женой и девочкой, продал дом, пошел кормиться.\n————————————————————————————————————\nУ Власовых. Савелий наивный мужик. В атмосфере корыстолюбия. В мраке.\n————————————————————————————————————\nСамарский хутор. Приехали домой.\n16 И. Ходил и ездил смотреть лошадей.\nНесносная забота. Праздность. Стыд.\n————————————————————————————————————\n17 И. Нынче хочу писать и работать.\n————————————————————————————————————\nСафронова лошадь просила.\n————————————————————————————————————\nЕмельянов.\n————————————————————————————————————\nТатьяна Рыжкова.\n————————————————————————————————————\n18 И., пятница. Ходил хлеб смотреть. Встретил молокана молодого.\n[57] С Сережей спор о душе. — Доказать и объяснить. —\n19 И. Суббота. Никитич. Я ему, Романычу, толковал политические дела. —\nНикитич знает переселения маршрутных. Маршрутные все пропали, как мухи. —\n————————————————————————————————————\n",
  "source" : "Полное собрание сочинений. Том 49"
}