{
  "id" : null,
  "date" : -3345044400000,
  "place" : "",
  "entry" : "————————————————————————————————————\nПодумалъ, что если буду такъ совершенствоваться, то скоро нечего будетъ дѣлать. Не бойся, 1000 лѣтъ проживешь, не додѣлаешь 1/1000 части.[1865]\nСовершенствовал[ся] прежде, но не для Бога.\n————————————————————————————————————\nЛюбовь Фофа[нова?] — такой уже не было.\n————————————————————————————————————\nУспѣхъ — потомъ все меньше и мень[ше] — скучно.\n",
  "source" : "Полное собрание сочинений. Том 55"
}