{
  "id" : null,
  "date" : -1948302000000,
  "place" : "",
  "entry" : "6 Апрѣля.\n1) Вѣдь жизнь каждаго изъ насъ не въ томъ или иномъ устройствѣ, а въ благѣ не личномъ, а въ благѣ общемъ. Общее же благо пріобрѣтается не устройствомъ съ спорами, злобой, насиліемъ, а только любовью. Главное же то, что это возможно, это въ моей власти, это свойственно моей природѣ, а то — устройство — и не въ моей власти и противно моей природѣ.\n2) (къ статьѣ) Но этого никогда не будетъ.\nБыло время, когда не было и государствъ, а были, какъ теперь, сами собою управляющіеся народы. Почему же думать, что вѣчно будетъ одно и то же? И каждый изъ насъ прежде сосалъ грудь, потомъ игралъ въ игрушки, потомъ учился, потомъ женился, потомъ работалъ, воспитывалъ дѣтей, потомъ старѣлъ, умнѣлъ, оставлялъ прежнее и т. д.\n",
  "source" : "Полное собрание сочинений. Том 56."
}