{
  "id" : null,
  "date" : -2825089200000,
  "place" : "отава",
  "entry" : "23 Июня. 8-й ч[ас] вечера. Жара была. Сгребли копны, в холодке. Пахнет, сыро, отава светлая.\n24. Везде покосы. Мужи[ки] с косами. Бабы с граб[лями], воза, копны.\nПоздно вечером пригнали стадо. Жирны[е] молоч[ные] коровы, пот.\n",
  "source" : "Полное собрание сочинений. Том 48"
}