{
  "id" : null,
  "date" : -1952276400000,
  "place" : "",
  "entry" : "Постоянно получаю письма съ сомнѣніями и опроверженіями непротивленія. Какъ это знаменательно! Никто не сомнѣвается въ заповѣди не убій, не укради, не лги и др. А между тѣмъ всѣ тѣ необыкновенные случаи, которые придумываются для непротивленія, приложимы и ко всѣмъ другимъ запрещеніямъ и указаніямъ. Отчего это? Оттого, что заповѣдь непротивленія есть заповѣдь всѣхъ заповѣдей, — такая заповѣдь, непризнаніе которой разрѣшаетъ неисполненіе всѣхъ другихъ. Прежде я говорилъ, что я прожилъ 80 лѣтъ и никогда не видалъ тѣхъ случаевъ, о которыхъ пишутъ, а въ эти 80 лѣтъ не прожилъ ни одного дня, часа, не видавъ страшнаго зла отъ неисполненія этой заповѣди.\n",
  "source" : "Полное собрание сочинений. Том 56."
}