{
  "id" : null,
  "date" : -2855156400000,
  "place" : "",
  "entry" : "11 Июля. Жары несколько дней, кузнечики. Липовый цвет, малина. Льны изумрудно-зелены, белые гречи, и янтарится рожь.\nВ припадочку пью у Потапк[ина] болота в ключе. Не видать воды, только на днище кипит из дыры в орех, поднимает и кружит крупинки земли, зерен, соломы.\nРожь зажинают. Овес запестрился желтым зерном.\n",
  "source" : "Полное собрание сочинений. Том 48"
}