{
  "id" : null,
  "date" : -2860513200000,
  "place" : "",
  "entry" : "10 Мая вечер. 8 ч[асов]. В тени на зелени, на лазоревых незабудках гуще лазорь.\n11 Мая, распустились — желтые цветы капустной. Разлив незабудок. Черно протоптана дорожка в глуши, как снегом усыпана черемух[овым] листом.\n",
  "source" : "Полное собрание сочинений. Том 48"
}