{
  "id" : null,
  "date" : -1952017200000,
  "place" : "",
  "entry" : "[1)] Анночкѣ: пойми, что ты не самка, a человѣкъ. А главное, помни, что твое дѣло — совершенствованіе твоей души, а не бракъ. И потому, если не удался бракъ или ошиблась, оступилась, не только не отчаивайся, но знай, что въ этомъ исправленіи ошибки — твоя жизнь и твое благо. Если и станешь самкой, то стань человѣческой, — не скажу выше, а человѣчнѣе животнаго.\n[2)] Цѣломудріе. Родъ прекратится. Ну такъ поѣдемъ въ бардель.\n",
  "source" : "Полное собрание сочинений. Том 56."
}