{
  "id" : null,
  "date" : -2798132400000,
  "place" : "",
  "entry" : "1 Мая. Кобелевской хромой. «Убить не убила, а на горе оставила. Ездил, побирался. Лошади нет. Пожалуйста, пожалуйста». Убедительно, просто. — Должно быть, пьет.\n————————————————————————————————————\nЩекинская баба — кровища ушла. Голова дурна. Обреклась к Троице.\nСтарик обнищал. Сумы не сметывала.\n————————————————————————————————————\nСолдат старый, из кантонистов, портной: «Бог привел двух расстрелять». — «Значит, закон есть». «Прежде засекали на смерть, а теперь нельзя. Такой закон нашли».\n————————————————————————————————————\nГригорий Болхин в ободранной поддевке, робко просил.\n————————————————————————————————————\nПодыванковской брат больной сестры. У сестры нос преет. — На бедность.\n————————————————————————————————————\nЯгодненский мужик — нет лошади, семян — (по слухам).\n————————————————————————————————————\nБабуринской Михайла — сын в больнице — (по слухам).\n————————————————————————————————————\nСолдат с женой старой, величественный вид и голос (оборванец) — (по слухам).\n————————————————————————————————————\nСолдат оборванный. Одинокий, веселый, что заработаю, то пропью. И не могу. Нельзя. Пропью.\n————————————————————————————————————\nБыл на Груманте. Лошадь не нужна; больше из зависти, что Никите дали. Мальчишка собрал[ся] стеречь.\n————————————————————————————————————\nСергей взволновался о земле. Отводят землю. Мужикам велено быть по местам.\n————————————————————————————————————\nСтарушка бестолковая, об усадьбе просить. Я тоже бедная.\n————————————————————————————————————\nОзерская молодайка, лбом об сапог. По слухам оделяет.\n————————————————————————————————————\nРассказ оборвыша солдата. Как стерег. Одежда по дням хозяйская. Сушкин, Дегтерев, Красноглазов, Добрынин марки. Кормят в богадельне. —\nЗапирают на постоялых дворах, чтоб не унесли. Отстерег. Ну, магарыч четверть 1,20 выпили еще. Потом ничего не отдали. Вечером приходи.\n————————————————————————————————————\n",
  "source" : "Полное собрание сочинений. Том 49"
}