{
  "id" : null,
  "date" : -3138289200000,
  "place" : "Человек рождается",
  "entry" : "21 Июля. 1870. Человек рождается, это значит, что он индивидуализируется — получает способность видеть всё индивидуально. Он живет. Это значит — он больше и больше стирает свою индивидуальность и перестает быть один и сливается со всем.[167] Человек умирает (медленно иногда — старость), он перестает быть индивид[уумом]. Индивидуальность тяготит его.\n———————————————————————————————————\nДети и старые — похожи, но разница в том, что ребенок не умеет беречь себя, но любит только себя. Старик привык беречь себя, но не любит. Реб[енок] любит жизнь и не боится смерти. Старик не любит жизнь и боится смерти. —\nУмереть — значит избавиться от заблуждения, через которое всё видишь индивидуально. Родиться — значит из жизни общей перейти к заблуждению индивидуальности. Только на середине, во всей силе жизни, можно видеть и свое заблуждение индивидуальности и можно сознавать истину всеобщей жизни. Только один момент на вершине горы видны оба ската ее.\n———————————————————————————————————\n",
  "source" : "Полное собрание сочинений. Том 48"
}