{
  "id" : null,
  "date" : -2035738800000,
  "place" : "Я  П",
  "entry" : "29 Іюня 1905. Я. П.\nБольше недѣли нездоровъ желудкомъ. Почти ничего не дѣлалъ. Лева здѣсь. Мнѣ его всей душой жалко, но помочь ему невозможно. Мож[етъ] б[ыть], такъ и нужно. И ему хорошо въ его слѣпотѣ. Только нынче немного пописалъ Сил[оамскую] Куп[ель]. Пошу чѣмъ больше вижу, тѣмъ больше цѣню и люблю. <Саша[?] грубѣетъ. Или нѣтъ идеаловъ или очень низкіе>.[662] Здоровье С[они] не опредѣленно. Скорѣе вѣроятно, что нѣтъ дурнаго. Съ ней очень хорошо.\nЗаписать надо: самое главное.\n1) Записано такъ: Время — это сама жизнь. Эта мысль пришла почти во снѣ и, какъ всегда въ полуснѣ или во снѣ, показалась особенно важной и глубокой. Сущность мысли та, что міръ, «Все», неподвижно и невременно, но для меня, отдѣльнаго существа, онъ постепенно раскрывается: снимаются покровы, скрывающіе его отъ меня, сознаніе мое расширяется, освобождается, и въ этомъ моя жизнь. Это не ясно, но мнѣ не хочется отказаться отъ этого.\n2) (къ Силоам[ской] башнѣ). Измѣненіе государственнаго устройства можетъ произойти только тогда, когда установится новая центральная власть, или когда люди мѣстами сложатся въ такія cоединенія, при к[оторыхъ] правительственная власть будетъ не нужна. A внѣ этихъ двухъ положеній могутъ быть бунты, но не перемѣна устройства.\n3) Toqueville говоритъ, что большая революція произошла именно во Франціи, а не въ другомъ мѣстѣ, именно п[отому] ч[то][663] вездѣ положеніе народа было хуже, задавленнѣе, чѣмъ во Франціи. En détruisant en partie les institutions du moyen âge on avait rendu cent fois plus odieux ce qui en restait.[664] Это вѣрно. И по той же причинѣ новая, слѣдующая революцiя освобожденія земли должна произойти въ Россіи, такъ какъ вездѣ положеніе народа по отношенію къ землѣ хуже, чѣмъ въ Россiи.\n4) Какъ хорошо быть больнымъ! Въ болѣзни ясно видно, что важно и что неважно въ жизни. А въ этомъ вся мудрость. Я испыталъ это на дняхъ.\n5) Желать умирать нельзя, п[отому] ч[то] желать умирать значитъ желать будущаго, а истинная жизнь внѣ времени.\n6) Я пережилъ 3 отношенія къ брачной жизни: 1) бракъ ненарушимъ, счастливъ ли, несчастливъ ли, терпи, какъ свое тѣ[ло], и нѣтъ порывовъ, отчаянія, романовъ. 2) Согласье душъ, страсть, поэтическая любовь, Вертеръ, страданія любви, и 3) Не нравится супругъ или супруга, расходись и возьми новаго или новую.\n7) Хорошо бы написать объ отношеніи неиспорченныхъ дѣтей къ вегетарьянству, какъ они твердо знаютъ, что нельзя лишать жизни.\n8) Революція только та благотворна, кот[орая] разрушаетъ старое только тѣмъ, что уже установила новое. (Гурійцы.) Не склеивать рану, не вырѣзать ее, а[665] вытѣснять ее живой клѣтчаткой.\n9) Увеличеніе свободы есть просвѣтлѣніе сознанія.\n10) Свобода есть освобожденіе отъ иллюзіи, обмана личности.\n11) Какъ французы были призваны въ 1790 году къ тому, чтобы обновить міръ, такъ къ тому же призваны русскіе въ 1905.\n",
  "source" : "Полное собрание сочинений. Том 55"
}