{
  "id" : null,
  "date" : -2796663600000,
  "place" : "Чурюкина",
  "entry" : "18 Мая. Чурюкина старуха приемыш. Слезы капают на пыль.\n————————————————————————————————————\nАлек[сандр] Петр[ович]. — У Дм[итрия] Федор[овича] пища. «Не пышный стол».\n————————————————————————————————————\nВечером у Вас[илия] Ив[ановича] Маликов и Соколов. Разговор с Соколовым. Он хотел бы, чтобы на земле было царство небесное. Горячий, честный малый. — Домой пришел. Утром Сережа вывел меня из себя, и Соня напала непонятно и жестоко. Сер[ежа] говорит: учение Христа всё известно, но трудно. Я говорю: нельзя сказать «трудно» бежать из горящей комнаты в единственную дверь. «Трудно».\nВечером рассказал, что Маликов делает больше для правительства, чем округ жандармов. С пеной у рта начали ругать Маликова — подлыми приемами, я замолчал. Начали разговор. — Вешать — надо, сечь — надо, бить по зубам без свидетелей и слабых — надо, народ как бы не взбунтовался — страшно. Но жидов бить — не худо. Потом в перемежку разговор о блуде — с удовольствием.\nКто-нибудь сумашедший — они или я.\n————————————————————————————————————\nПриходил Власка денег просить 15 р. на пролетку. В саду Шинтяков. —\n————————————————————————————————————\n",
  "source" : "Полное собрание сочинений. Том 49"
}