{
  "id" : null,
  "date" : -3255620400000,
  "place" : "Середина ",
  "entry" : "[Середина ноября 1866 г.]\nКартинки мячики.\nGotthelf книжку.\nК Башилову рукопись.\nДеньги граверам.\nРыбий жир — Ферейн\nМузей переписку\nНаташа говорит себе — Теперь все говорят про меня: что за грация: Что за голос! Что за милое лицо! И в самом деле я знаю, что я милое лицо, и это правда. —\nР[іerre] масон. В М[оскве?] А[ндрею?] дают.\nN. Ростов перед Фридланд[ом] делает блестящую атаку. Он себя преодолел и храбр. Он победил, но никто про то не знает. В полку его уважают, но в шта[бе] и не слыхали.\nНаташа говеет и молится на екатинье. — Ну и за синод. —\nДеньги [1 неразобр.]\nСлужи, мой друг, служи, но не надейся на силы челове[ческие].\n<Geheime Gesc[hichten]\nVendramini. 64 г. Приб[авления] к Р[усскому] И[нвалиду]. Либо в Сыне Отечества. —>\n————————————————————————————————————\nГофман. Вебер Физика [1 неразобр.]\n————————————————————————————————————\n1 черемуха.\n2 Тр[удно] учит[елю], легко уч[енику].\n",
  "source" : "Полное собрание сочинений. Том 48"
}