{
  "id" : null,
  "date" : -2798218800000,
  "place" : "",
  "entry" : "30 Апреля.\nСтранник хохол, разговорчивый. Молодой человек, старик Симбирско-Самарской. Б.\nФедюшка взяли на тягу в тележке, он испугался — уехали. Жестокость. Щекинская баба, нога в ранах и бедность.\nИполит возит песок, а у него жена умерла. Убралась в 5 дней. Брат велит жениться, да не хочется. —\n————————————————————————————————————\n",
  "source" : "Полное собрание сочинений. Том 49"
}