{
  "id" : null,
  "date" : -1945710000000,
  "place" : "Я  П",
  "entry" : "6 Мая 1908. Я. П.\nВсе занятъ статьей. Дня четыре посвятилъ для воспоминаній о солдатѣ для Поши. Не очень дурно, но задорн[о]. Нынче не письма, а разговоръ о правѣ на мои сочинені[я] послѣ смерти. Трудно перенесъ. Записать много есть въ книжечк[ахъ], а теперь хочется записать:\n1) то, что въ первый разъ сейчасъ, гуляя, ясно вполнѣ понялъ благодѣтельнос[ть] осужденій, укоровъ, стыда людскаго. Понялъ, какъ это загоняетъ въ себя, — разумѣется, если есть въ себѣ то, куда уйти. Прямо хорошо, желательно.\n2) Умереть значить уйти туда, откуда пришелъ. Что тамъ? Должно быть, хорошо, по тѣмъ чудеснымъ существамъ дѣтямъ, к[оторыя] приходятъ оттуда.\n",
  "source" : "Полное собрание сочинений. Том 56."
}