{
  "id" : null,
  "date" : -1949684400000,
  "place" : "Яс  Пол",
  "entry" : "21 Марта 1908. Яс. Пол.\nВсе время, не все время, а дней 5 нездоровилось, но на душѣ продолжа[ло] быть оч[ень] хорошо. Послѣдній день, вчера б[ыло] очень слабо. Нынче спалъ до[368] 9 часовъ и, несмотря на нездоровье, писалъ статью очень хорошо. Все, что б[ыло] неясно, уяснилось, и гуляя думалъ, и кажет[ся] все ясно, и допишу. За послѣднее время работалъ надъ новымъ изданіемъ Кр[уга] Чт[енія] (Гусевъ такъ хорошо, любовно помогаетъ) и еще надъ любимымъ милой Мар[ьей] Алек[сандровной] Дѣтскимъ евангеліемъ, какъ мы его называемъ. И работа и та и другая были очень пріятныя, особенно надъ Евангел[іемъ]. Съ дѣтьми сталъ заниматься по утрамъ, но часто пропускаю.\nЗа это время непріятныя заботы объ юбилеѣ, не мои — мои только о томъ, какъ бы прекратить его. Сейчасъ получилъ по этому случаю ругательное письмо. Хочу исполнить желаніе пишущаго — послать въ газету и при этомъ случаѣ ясно и опредѣленн[о] высказаться. Вот и все. Саша выписываетъ изъ книжечекъ. Выпишу кое что и я.\n1) Въ знаніи важно не количество знаній, даже не точность ихъ (п[отому] ч[то] совершенно точныхъ знаній нѣтъ и никогда не будетъ), а разумная связность ихъ: то, чтобы онѣ со всѣхъ сторонъ освѣщали[369] міръ. Въ родѣ того, ч[то] бываетъ въ постройкахъ. Постройка можетъ быть великолѣпна или бѣдна: зимній дворецъ и шалашъ, но и то и другое — разумныя построй[ки] только[370] тогда, когда они защищаю[тъ] со всѣ[хъ] сторонъ отъ непогоды и даютъ возможность жить въ нихъ и зимой и лѣтомъ; но самыя великолѣпныя 3 стѣны безъ 4-й или 4 безъ крыш[и] или безъ оконъ и печи много хуже бѣдной хаты, въ к[отор]ой можно укрыться и не задыхаться и не мерзну[ть]. Тоже и въ научныхъ знаніяхъ, теперешн[ихъ] знаніяхъ ученыхъ въ сравненіи съ знані[ями] безграмотнаго крестьянина земледѣльца. Эта истина должна быть основой воспитанія и образованія. Расширять знанія надо равномѣрн[о].\n",
  "source" : "Полное собрание сочинений. Том 56."
}