{
  "id" : null,
  "date" : -1987095600000,
  "place" : "",
  "entry" : "Январь 13.\nСпалъ некрѣпко, слабъ. Обрадованъ б[ылъ] мыслью о движеньи. Боюсь изложить. Въ Н[овомъ] В[ремени] недобросовѣстная выписка изъ Обр[ащенія] къ Н[ароду].\nПолучилъ Ксеноф[онта] и чита[лъ] отмѣчая.\n",
  "source" : "Полное собрание сочинений. Том 56."
}