{
  "id" : null,
  "date" : -1936724400000,
  "place" : "",
  "entry" : "18 Августа.\n1) Въ тѣлѣ каждаго человѣка живетъ духъ Божій. Не былого бы въ тѣлѣ людей единаго для всѣхъ духа Божьяго, не было бы жизни. Не было бы тѣлъ людскихъ, раздѣляющихъ людей, также не было бы жизни.\n2) Любовь человѣка соединяетъ его съ людьми и Богомъ, даетъ ему высшее благо. Этой любви не было бы, если бы не было тѣла, и потому тѣло необходимо для блага людей.[456]\n3) Жизнь это освобожденіе души отъ тѣла, и когда освобожденіе въ любви, жизнь — благо.\n4) Освобожденіе отъ жизни любовью — благо. Мѣшаютъ этому благу ошибки — грѣхи.\n5) Если бы не было духа, заключеннаго въ тѣлѣ, не было бы жизни. Мы не имѣемъ никакого права говорить о духѣ и о тѣлѣ отдѣльно. Мы не знаемъ и не можемъ знать ни того, ни другого въ раздѣленіи, но мы не можемъ понимать нашу жизнь безъ этого раздѣленія, такъ какъ знаемъ, что вся наша жизнь есть неперестающее уничтоженіе тѣла и уясненіе духа. При смерти совершается полное уничтоженіе тѣла и уясненіе духа и исчезновеніе его.\n",
  "source" : "Полное собрание сочинений. Том 56."
}