{
  "id" : null,
  "date" : -1925146800000,
  "place" : "Я  П ",
  "entry" : "30 Дек. Я. П. 1908.\nПриехал Н[иколай] Н[иколаевич]. Получил трогательное письмо от Петровой, сидяще[й] в тюрьме. Отвечал ей. Нынче проситель крестьянин о разделе, потом Студент с удивительным вопросом о требован[iи] курсистки, чтобы он взял ее в жены. Потом Андрей с денежным[и] делами, потом сумашедший, пото[м] письмо от Студ[ента] с требованием того, чтобы жизнь была злом. Вчера б[ыло] очень хорошо на душе, радостно, любовно, нынче хуже, но, слава Богу, все же радостно и благодарно. Начал было писать «Не виноватых», но не пошло. — Готовят маскарад. Мне жалко.\n1) Жизнь есть сознание отделенности. Для сознания отделенности необходимо представле[ние][502] себя веществом,[503] и непременно движущимся. Недвижущееся вещество не могло бы быть отделено, а сливалось бы со Всем. Движущимся же может[504] сознавать себя только вещество,[505] занимающее часть пространства. Без вещества, занимающаго часть пространства, немыслимо движение, а без движения немыслимо отделение.[506] Сознанiе же себя движущимся может быть только при сознании непрестаннаго перехода настоящаго в будущее и бывшаго настоящим в прошедшее, т. е. пр[и] сознани[и] времени. И потому сознание отделенности возможно только при сознании себя движущимся во времени веществом в пространстве. (Все неясно.)\n",
  "source" : "Полное собрание сочинений. Том 56."
}