{
  "id" : null,
  "date" : -2704820400000,
  "place" : "Милая, нежная натура и ее падение и погибель",
  "entry" : "[3/15 апреля.] Встал в 10. Читал Архив психиатрии. Молитва — обычное сумашествие. История богатого воспитанника пажесского корпуса. Coitus,[71] 13 лет разврат. Милая, нежная натура и ее падение и погибель. Пришел Озмидов. Глаза у него болят. Он немного ослабел. Не знаю, хорошо ли, что слишком откровенно говорил ему о своем положении. Пошел с ним до Олсуфьевых. Там много говорил — проповедывал. И не сказал при всех о платье Ал[ександру] Петр[ович]у (1). Опоздал обедать. Пошел за товаром. Разговор с столяром — пророком: «отец дьякон читал, что земля вертится». Осуждает нынешний век и попов. Дома Репин. С ним очень хорошо говорил, за работой. Пришел Сережа из бани. Не дал спать, но хорошо, мягко говорил. Не оскорблялся.\n",
  "source" : "Полное собрание сочинений. Том 49"
}