{
  "id" : null,
  "date" : -2795713200000,
  "place" : "",
  "entry" : "29 Мая. Дочь молочной сестры, умильная, маленькая. Ни хлеба, ни избы.\n————————————————————————————————————\nКосовской малый, что отца хорони[л] — лошадь просит. Тотчас ушел.\n————————————————————————————————————\nБабуринская Кочеткова, грубая, бойкая, прямая, решительная. Ходила к мужу. — Не погонят ли? Спрашивает: пойдешь ли? — Пожалуй, — шутит.\n————————————————————————————————————\nВоздремовской старик от Троицы. Сына старшего в солдаты, меньшой не почитает. Меня ударил, удар, как сожгло, не в указное время в 10 ч[асов] обругался. —\n————————————————————————————————————\nРазговор с Фетом и женой.[50] Христианское учение неисполнимо. — Так оно глупости? — Нет, но неисполнимо. — Да вы пробовали ли исполнять? — Нет, но неисполнимо. —\nРаскосый кондитер. Замечатель[ный] брат артиста. Артист дал 1 р.\n————————————————————————————————————\n",
  "source" : "Полное собрание сочинений. Том 49"
}