{
  "id" : null,
  "date" : -2796058800000,
  "place" : "",
  "entry" : "25 Мая. Зять Михайловны сапожник. Глаза болят. Лошади нет, а взялся работать у Гиля. Таких 3.\nЛапотковская баба с теткой. Нельзя ли спасти? Платье сняли с мужика и оставили у станового, тот отдал пострадавшему. Не могут добиться толку. — Послал к Ушакову.\n————————————————————————————————————\nПошел гулять. На горке сидят бабы, старики и ребята с лопатами. Человек 100. Выгнали чинить дорогу. Молодой мужик с бородой бурой с рыжиной, как ордынская овца. На мой вопрос: Зачем? «Нельзя, начальству повиноваться надо. Нынче не праздник. И так бога забыли, в церковь не ходят». — Враждебно. И два принципа — начальству повиноваться, в церковь ходить. И он страшен.\n————————————————————————————————————\nМостовской молодой мужик, отец отпихнул без раздела, остался с средним братом.\n————————————————————————————————————\n",
  "source" : "Полное собрание сочинений. Том 49"
}