{
  "id" : null,
  "date" : -2879694000000,
  "place" : "",
  "entry" : "30 Сент. 1878. Апухтина (прелесть) любит, почти влюблена в Одоевского (прелесть), но выдти замуж нельзя. Ей кажется, что не настоящий он, а любит другого, выходит за 3-го, а эта то была лучшая ее любовь в жизни. —\n",
  "source" : "Полное собрание сочинений. Том 48"
}