{
  "id" : null,
  "date" : -1947092400000,
  "place" : "",
  "entry" : "20 Апрѣля.\nЗаписано какъ-то въ началѣ года: „все утро думалъ о томъ, почему міръ представляется намъ «Im Werden»“.[388] Есть теперь что-то похожее на отвѣтъ. Вотъ что: Жизнь есть ростъ сознанія. Въ этомъ и жизнь и благо ея. Ростъ не можетъ совершаться въ этомъ мірѣ иначе, какъ въ пространствѣ и времени. Я говорю: въ этомъ мірѣ потому, что жизнь, слѣдовательно, сознаніе можетъ и растетъ безконечно, приближаясь къ Богу (Нирвана) и въ этомъ приближеніи можетъ проходить міры, т. e. состоянія, въ которыхъ ограниченіе, а потому и ростъ происходятъ въ иныхъ условіяхъ, чѣмъ пространство и время. Неясно, но есть что-то.\n",
  "source" : "Полное собрание сочинений. Том 56."
}