{
  "id" : null,
  "date" : -1969297200000,
  "place" : "",
  "entry" : "7 Августа.\nСлабъ. Писалъ опять для Ив[ана] Ив[ановича]. Ѣздилъ къ Ч[ертковымъ]. Вечеро[мъ] б[ылъ] Хирьяковъ. Все тяжело. Надо, чтобы б[ыло] легко. А для этого надо прямо говорить.\nВсе слабъ. Писалъ письма и дневникъ. Непріятный страхъ С[они] вслѣдствіи расказа Алексѣя. Мих[аилъ] Серг[ѣевичъ]. Письмо Тани. У Горбу[новыхъ] Досѣенко.\n",
  "source" : "Полное собрание сочинений. Том 56."
}