{
  "id" : null,
  "date" : -2795367600000,
  "place" : "",
  "entry" : "2 Июня. Авдотья Телятинская — отпустить от работы.\n————————————————————————————————————\nКолпенская баба о приписке незаконного сына.\n————————————————————————————————————\nПисьмо от Бибикова. Чирьев получил, из посланных в декабре 10-ти рублей, 7 рублей в апреле. Проводы Василия Ивановича.\n————————————————————————————————————\n",
  "source" : "Полное собрание сочинений. Том 49"
}