{
  "id" : null,
  "date" : -1968519600000,
  "place" : "",
  "entry" : "Какъ будто лучше здоровье. Ходилъ пріятн[о]. Сажусь за работу.\n[559]Ошибся: не лучще. Животъ. Б[ылъ] у М[арьи] А[лександровны]. Очень хорошо говорилъ съ Ив[аномъ] Ив[ановичемъ]. Вечеръ б[ыли] Ч[ертковъ] и Голд[онвейзеръ].[560]\n",
  "source" : "Полное собрание сочинений. Том 56."
}