{
  "id" : null,
  "date" : -1927220400000,
  "place" : "Нынче,   Я  П",
  "entry" : "Нынче, 6 Дек. 1908. Я. П.\nЗаписано длинно разсужденіе о веществѣ и движеніи, пространств[ѣ] и времени. Впишу послѣ. Вчера былъ немного слабъ, но на душѣ все лучше и лучше. Ясно вижу, чувствую радостную возможн[ость] перенести весь интересъ и смыслъ жизни, всѣ желанія на то, ч[то] всегда въ моей власт[и], ч[то] всегда даетъ благо: на — не скажу — духовно[е] совершенствованіе, а на все больше[е] и больше[е] приближеніе къ исполненію не своей, a всемірной воли. Теперь только, на 9-мъ десяткѣ, начинаю пріучать себя и пріучаю. Помоги Богъ всякую минуту, во всякомъ дѣлѣ, при всякой мысли вспоминать: то ли дѣлаю, ч[то] хочу для исполнен[ія] Его воли, а не своей? не для людей, а для себя, духовного себя? И вспоминаю. И надѣюсь, что дойду до того, ч[то] не нужно будетъ и вспоминать. Помоги Богъ.\nВсе копаюсь надъ П[исьмомъ] къ И[ндусу]. Кажется, дребедень и повтореніе. Надо кончить и оторваться. Художественно[е] хочется, но не начинаю, п[отому] ч[то] нѣтъ тако[го], ч[то] бы приспичило, такого, ч[то] не могу не писать, такъ же какъ жениться только тогда, когда не могу не жениться.\nХочу для фонографа приготовить настоя[щее], близкое сердцу.\n1)[481] То, что мы называемъ жизнью, есть та частица или, скорѣе, то проявлені[е] жизни, к[оторо]е мы сознаемъ въ тѣлѣ.\n2) Какъ я особенно счастливъ. Если меня и ненавидятъ, не зная меня, многіе, какъ много людей не по заслугамъ любятъ меня. Люди, к[оторые] по своимъ quasi[482] религіозны[мъ] взглядамъ, к[оторые] я разрушаю, должны бы был[и] ненавидѣть, любятъ меня за тѣ пустяки — «Войн[а] и М[иръ]» и т. п., которые имъ кажутся очень важными.\nВышло Сербск[ое] письмо въ «Г[олосѣ] М[осквы]», и очень мнѣ пріятно.\nНынче, вечеръ 14 Д. 1908. Я. П.\nЦѣлые 6 дней не писалъ. Кончилъ письмо Индусу, слабо, повторенія. Написалъ кое какія письма. С[оня] въ Москвѣ. Послѣдніе дней 4 или 5 слабъ тѣломъ. Душевно былъ не оч[ень] дуренъ, но нынче вѣшанье, мучан[ье] людей вызвало негодованіе, недоброе, злое чувство къ вѣшателямъ. Дума[ю] о худож[ественномъ], и какъ будто нараждается. Записалъ очень важное о Богѣ — любви, впишу послѣ. Еще хорошо думалъ о томъ, что:\n1) дѣти приходятъ прямо отъ Бога.... — не помню, какъ записано. А еще:\n2) О потерѣ памяти. Потеря памяти о себѣ, о личности. Вѣдь это — великое благо. Личность кончается, начина[й] жить всѣмъ...\n",
  "source" : "Полное собрание сочинений. Том 56."
}