{
  "id" : null,
  "date" : -1981306800000,
  "place" : "",
  "entry" : "Мартъ 21.\nВсталъ поздно. Много писалъ, поправлялъ и Евангелі[е] и Кр[угъ] Чт[енія]. Ходилъ пѣшкомъ. Убійство городоваго дѣвицей и стихот[вореніе] въ прозѣ Тургенева. Ужасн[о]. Урокъ съ меньши[мъ] класомъ чудесный. Смерть Пракофія[?].\n",
  "source" : "Полное собрание сочинений. Том 56."
}