{
  "id" : null,
  "date" : -3086708400000,
  "place" : "",
  "entry" : "9 Марта. —\nСила притяжения. — Если бы земля не вертелась вокруг оси и солнца, а неподвижно стояла обращенною к солнцу, то солнце химически претворило бы всё в сливающийся слой, более или менее плотные или теплые вещества, и земля притянулась бы к солнцу. —\nПритяжение есть сила отталкивания непроницаемости. Одна,[176] к[оторую] мы знаем верно. Земля вертится вокруг солнца по закону касат[ельной] толчка и притяжения. Не то ли же земля вертится по закону прямой радиуса к центру по кругу (элипс[ису]), не пускающему по непроницаемости?\nМне скажут: трение. Что такое трение? Трение есть сама сила притяжения. Трение есть сама сила отталкивания. Соединению земли с солнцем мешает среда. Среда же, чем теплее, тем меньше противудействует. —\nЕсли бы не было вращения, противудействие бы уничтожилось, но при вращении оно постоянно восстанавливается — остывает.\nТем сильнее движение двух тел, чем тела холоднее, и чем среда, разделяющая их, теплее. Днем среда теплее и тело теплее. Ночью среда холоднее, и тело холоднее.\nХимическое соединение подчиняется тому же закону. Чем более холод частиц, тем движение их быстрее. И чем более гепло между ними. —[177]\nКристалы льда соединяются одними сторонами, потому что среда холодна — не пускает.\nТоже магнит: частицы холодны и среда холодна.\nНамагничивание есть выбирание тепла. Тепло же стремится выйти по двум направлениям. —\n1. Простые тела соединяются хим[ически] только с простыми. Составные только с составными.\n2. Чтобы два тела химически соединились, должно одно из них быть капельно или газообразно.[178]\n3. При распускаемых телах замечается вкус, при летучих запах.\n4. Тела, бывшие жидкими, твердеют в виде тонкого порошка.\n5. Все мелко искрошенные тела всасывают газы.\n2) Два крепкие тела имеют холодные части и теплую среду. Они не могут соединиться. Одно крепкое, имеющее теплую среду и холодные ч[асти], соединяется с жидким (жидкое есть теплая среда и холодн[ые] ч[асти], или холод[ные] части и теплая среда). Тепло частей или среды передается теплу среды общего тела.\n(Не есть ли тверд[ое] тело — холодные части и холодн[ая] среда; жидкое — холод[ные] части и теплая среда; воздушное — теплая среда и теплые тела?)\nЧто такое теплая среда? теплые частицы?\nТела — всё, что мы ощущаем. Ощущаемое на вкус, запах — есть тело и частицы. Мельче этих частиц есть растяжение частиц и среда.\nСостоит ли среда и то, что производит растяжение, из частиц? Вероятно, но мы не можем судить о них и найти их закон.\nЭто главное.\n———————————————————————————————————\nПожалуй, назовите то, что производит растяжение и среду, эфиром, но не изучайте его. Он то, что известно нам отрицательно. Он не имеет непроницаемости и потому не материя. —\nСвет поляризованный есть материя.\nТела с холод[ными] ч[астицами] и холод[ной] средой, соединяясь с телами с т[еплой] с[редой] и теплыми ч[астицами], не меняют температуру. Тела с х[олодными] ч[астицами] и т[еплой] с[редой], соединяясь с телами с т[еплыми] ч[астицами] и т[еплой] с[редой], выделяют тепло. — Хлорин и содий, кислород и водород соединяются при выделении из них тепла.\n————————————————————————————————————\nНагревание тела, плавление железа — есть выгоняние холодной среды и заменение ее теплой. Нагревание до газа есть выгоняние холодной среды и нагревание самых частиц.\n————————————————————————————————————\nКрепкие тела распускаются в жидкости. Среда тепла жидкого т[ела] нагревает среду холода крепкого тела и частицы[179] вместе в одной среде. Холод частиц крепкого тела тянет их друг к другу и выгоняет теплые частицы. Во время выгоняния частицы крепкого тела сходятся только концами. Кристализация. Форма кристала определяется формой того тела теплого, к[оторое] мешает мгновенному соединению.\n————————————————————————————————————\nСродство тел, Affinität, только тогда, когда тела соприкасаются. — Т. е. когда две различные среды соединяются, и холодные тела соединяются в теплой среде, а теплые тела разъединяются в холодной.\nЧем более различны тела, тем сильнее сродство. Чем теплее или холоднее частицы двух тел и чем различнее температ[уры] среды.\nЭлектрический ток разлагает все химические соединения, проводящие этот ток.\n(Если ток есть движение самой среды, то он уносит с собой ее всю и тела распадаются?)\nТепло содействует разложению и соединению химических тел. При всех почти хим[ических] соединениях является тепло.\nВода разводит газообразные тела тем скорее, чем она холоднее.\nПроводники тепла и электричества.\nПроводн[ики] тепла холодные частицы. Проводн[ики] холодная среда.\n————————————————————————————————————\nИзвесть. Холодные частицы и холодная среда. Жгут. Среда та же. Части наименее холодны.\nС водой холодн[ые] ч[астицы] и теплая среда соединяются в жидкость. Из частей выделяется тепло излишнее.\n————————————————————————————————————\nВсякая сила есть проникновение солнечн[ой] материи в земную.\n————————————————————————————————————\n",
  "source" : "Полное собрание сочинений. Том 48"
}