{
  "id" : null,
  "date" : -1946919600000,
  "place" : "",
  "entry" : "22 Апрѣля.\n3) «Но что же будетъ?» Вопросъ только отъ того, что мы привыкли къ суевѣрію о томъ, что мы устраиваемъ жизнь. Развѣ стараясь дѣлать, устраивать жизнь по своему, мы сколько нибудь достигаемъ этого? Жизнь устраивается при всѣхъ нашихъ усиліяхъ не такъ, какъ мы хотимъ и воображаемъ.[390]\n4) Но что будетъ со мною, если я одинъ буду не противиться среди борющихся, среди злыхъ? Опять тоже суевѣріе. То было объ устройствѣ жизни другихъ, это объ устройствѣ своей жизни. Какая будетъ и общая, и наша внѣшняя жизнь, никогда не можетъ быть извѣстно намъ. Уже одна ежечасная возможность смерти дѣлаетъ это знаніе невозможным. Устраивая и не устраивая свою внѣшнюю жизнь, я знаю, что она будетъ не такою, какою я хочу. Одно только по отношенію моей жизни въ моей власти: это ея внутреннее измѣненіе — все большее и большее приближеніе къ нравственному совершенств[ованію], и это одно нужное мнѣ и главное измѣненіе моей жизни всегда въ моей власти.\nКаково же заблужденіе людей, употребляющихъ всѣ силы на то измѣненіе жизни, которое внѣ ихъ власти, на устройство жизни другихъ людей, и для этого мнимаго устройства ея лишающихъ себя того устройства жизни, которое всегда въ ихъ власти и которое одно можетъ вліять на жизнь другихъ людей? То, что со мной будетъ, въ смыслѣ внѣшнихъ событій хорошее или дурное, я не знаю и не могу знать; то же, что жить нравственно всегда хорошо и для меня и для всѣхъ людей, я навѣрное знаю. И зная это, я буду жертвовать вѣрнымъ невѣрному?\nТакъ что кажущійся такимъ труднымъ для отвѣта вопросъ о томъ, не ошибочно ли бы было среди всѣхъ живущихъ насиліемъ злыхъ быть одному или немногимъ непротивящимися добрыми, подобенъ вопросу о томъ, какъ быть трезвому среди пьяныхъ, не лучше ли напиться вмѣстѣ со всѣми.\n",
  "source" : "Полное собрание сочинений. Том 56."
}