{
  "id" : null,
  "date" : -1936810800000,
  "place" : "Я  П ",
  "entry" : "[17 Августа 1908. Я. П.][455]\n(Художественное). 1) Ребенокъ въ богатой буржуазной семьѣ атеистической научно-либеральной предается церковности. Онъ черезъ 15 лѣтъ революціонеръ анархистъ.\n2) Кроткій, искренній сынъ священника, хорошо учится и въ школѣ и въ семинаріи, его женятъ и посвящаютъ. Дочь его сосѣда прихожанина даетъ матушкѣ, тщеславной интеллигенткѣ, книгу. Онъ читаетъ Толстого, и пробуждаются вопросы.\n3) Мальчикъ, 6-ой сынъ слѣпого нищаго, вызываетъ сочувствіе жены перваго либерала атеиста. Его берутъ, отдаютъ въ школу, блестящія способности, выводятъ его въ магистры науки. Онъ ѣдетъ на родину, встрѣчается съ товарищами, ужасается, передумываетъ все и отрицаетъ науку и истину одну и спасеніе видитъ въ вѣрѣ въ Бога.\n4) Одинъ изъ товарищей началъ торговать, нажилъ миліонъ и либеральничая живетъ трудами рабочихъ.\n5) Сынъ аристократической семьи ведетъ къ своднѣ, потомъ филантропія, потомъ отреченіе отъ всего.\n6) Сынъ разорившагося полуаристократа, тщеславный, дѣлаетъ карьеру женитьбой, сынъ сдержанный дѣлаетъ карьеру — вѣшаетъ. Онъ льстилъ первому, теперь важничаетъ.\n7) Такой же, сынъ буржуа, аристократическій писатель, живетъ журналистикой, чувствуетъ гадость и не можетъ.\n",
  "source" : "Полное собрание сочинений. Том 56."
}