{
  "id" : null,
  "date" : -2706980400000,
  "place" : "",
  "entry" : "[9/21 марта.] Проспал до 12-го. Пришел Гуревич, эмигрант. Еврей. Хочет найти общее соединительное евреев и русских. Оно давно найдено. Иногда я грущу, что дрова не горят. Точно если бы они загорелись при мне, это бы не было явным признаком, что горят не дрова, а поджожки, и они не занялись. — Почитал о Китае и поехал верхом по городу. — Все работают, кроме меня. — Вечер слабость. Сапожник не пришел, был в бане и читал Лаоцы. Перевести можно, но цельного нет. — Сережа был с нами, добрый, милый. Был утром у колодочника. В подвале пристально, бодро работают и пьют чай. Все работают, кроме меня. Я сплю. Грехи: тщеславие, праздность. — Самарский мужик смущал, но разделался дружно. Письмо Черткова — вызывает написать о заповедях для народа. Кажется, что надо. Это захватило меня, но не знаю. Трогательное письмо из Киева от жены прокурора. Если бы это правда?\n",
  "source" : "Полное собрание сочинений. Том 49"
}