{
  "id" : null,
  "date" : -2855847600000,
  "place" : "",
  "entry" : "3 Июля. Гречиха разлилась молоком. Везде пушистые валы, помоченные ряды тростятся; вблизи гречихи алой с белым стали белые бабочки на зеленой земле.\nЛиповый цвет в разгаре, малина, побеги красноватые на осине.\n",
  "source" : "Полное собрание сочинений. Том 48"
}