{
  "id" : null,
  "date" : -3147793200000,
  "place" : "",
  "entry" : "2 Апреля. Спор славянофилов и западников... Как во всяком споре, оба справедливы. Петр, т. е. время Петра, сделало великое, необходимое дело, но,[163] открыв себе путь к орудиям Европ[ейской] цивилизации, не нужно <было> брать цивилизацию, а только ее орудия, для развития своей цивилизации. Это и делает народ. Во времена Петра сила и истина были на стороне преобразователей, а защитники старины были пена, мираж, — так после Екат[ерины] защитники Русского — истина и сила, а западники — пена старого, бывшего движения.\n———————————————————————————————————\nВся история России сделана казаками. Недаром нас зовут европ[ейцы] казаками. Народ казаками желает быть. Голицын при Софии ходил в Крым, острамился, а от Палея просили пардона крымцы, и Азов взяли 4000 казаков и удержали, — тот Азов, к[оторый] с таким трудом взял Петр и потерял.\nКак просто мы говорим теперь: как глупо было учреждение пытки. Пытка затемняла, а не открывала правду. Через.... лет будут удивляться: как могли не понимать глупость учреждения присяжных, и[164] обвинителя, и защитника! Это затемняло правду и была игра. —\nТо же с нашим удивлением к нескладности и неясности напыщенного, официального и ученого языка XVI, XVII века. Как-то покажутся в 2100 году наши газеты. Трудно будет понять и будут добиваться смысла. А его-то в них и для нас (кто из нас были живые люди) не было.\nПетр — охотник. Признаки: баб, детей, славу не любит, пышности не любит. Любит доходить сам.\nШел пешком за Лефортом после Азова. В первый Аз[овский] поход видел, как велось дело и недостат[ок] провианта и запасов.\n———————————————————————————————————\nФранцузский народ — петуховой народ — что за прелесть!\n———————————————————————————————————\n",
  "source" : "Полное собрание сочинений. Том 48"
}