{
  "id" : null,
  "date" : -1987009200000,
  "place" : "Я  П",
  "entry" : "14 Янв. 1907. Я. П.\nВсѣ эти двѣ недѣли б[ылъ] нездоровъ и сейчасъ еще не поправился. Все это время читалъ: Плутарха. Montaigne,[1] Валышевского, вчера о Павлѣ и нынче окончилъ Memorabilia. Очень интересно сличить высоту нравственнаго пониманія съ простотой жизни, съ малой степенью развитія технической стороны. Теперь эта сторона такъ далеко ушла, а нравственная такъ отстала, что безнадежно возстановить правильное отношеніе. Кое что записывалъ за это время, но ничего не могъ работать. Начатый и дѣтскій и большой новый Кругъ чтенія кажутся мнѣ непосильной взятой на себя работой. Записать надо много и, кажется, порядочнаго.\n1) Нынче думалъ о томъ, что невозможно спокойно жить съ высокимъ о себѣ мнѣніемъ, что первое условіе и спокойной и доброй жизни это — то, что говорилъ про себя Францискъ, когда его не пустятъ. И нынче все утро б[ылъ] занять этимъ уменьшеніемъ своего знаменателя. И, кажется, не безполезно: живо вспомнилъ въ себѣ все то, что теперь осуждаю въ сыновьяхъ: игрецкую страсть, охоту, тщеславіе, развратъ, скупость... Главное, понять что ты — самый ниже средня[го] уровня по нравственности, слабости, по уму, въ особенности по знаніямъ, ослабѣвающій въ умствен[ныхъ] способностяхъ человѣкъ, и не забывай этого, и какъ легко будетъ жить. Дорожить оцѣнкой Бога, а не людей. Признавать справедливость низкой оцѣнки людей.\n2) Есть только два пути жизни: жить для радостей тѣла, ставить выше всего эти радости, или жить для души, ставить выше всего радости духа. При слѣдованіи первому пути радости есть, но они кратковременны, и чѣмъ дальше, тѣмъ онѣ слабѣе и рѣже, и кончается ужасомъ смерти и самымъ[2] губительнымъ для радост[ей] тѣла концомъ: страданіями и смертью. При слѣдованіи второму пути радость не прекращается, и чѣмъ дальше, тѣмъ радости больше, и кончается высшей радостью — смертью.\n3) Какъ страшно должно бы быть человѣку чувствовать себя однимъ среди міра, отдѣленнымъ отъ всего! Если бы — какъ онъ ни заблудился — человѣкъ не чувствовалъ бы свою духовную связь съ міромъ, съ Богомъ, онъ не могъ бы жить. Если же онъ теряетъ сознаніе этой связи, онъ не можетъ жить и убиваетъ себя. Это объяснен[iе] почти всѣхъ самоубійствъ.\n4) То, что многіе люди, огромное большинство людей, называютъ поэзіей, это только неясное, неточное выраженіе глубокихъ мыслей (Walt Whitman и др.). Стихотворецъ скажетъ неясно и неопредѣленно то, что ясно и опредѣленно выражено у Канта,[3] н[а]п[римѣръ], что Бога мы познаемъ только по сознані[ю] закона Его, — и[4] люди въ восхищеніи отъ произведенія стихотворца, въ особенности п[отому], ч[то] оно не обязываетъ. (Не вышло).\n5) Рабочіе, вообще бѣдные, не добрѣе, a скорѣе, злѣе богатыхъ — осуждаютъ, завидуютъ имъ. Этимъ-то они жалки больше, чѣмъ своей бѣдностью. Богатые же всегда безнравственнѣе бѣдныхъ, пользуются ихъ трудомъ, живутъ въ праздности и этимъ-то, главное, жалки.\n6) Ошибаюсь или нѣтъ, но мнѣ кажется, что только теперь — хороши ли, дурны ли? — но созрѣли[5] плоды на моемъ деревѣ.\n7) Строй жизни общества основанъ на религіозномъ пониманіи жизни большинства этихъ людей. Строй жизни такъ наз[ываемыхъ] христіанскихъ народовъ основанъ на еврейскомъ и вѣтхозавѣтномъ и мнимо-христіанскомъ павловскомъ религіозномъ пониманіи жизни. Но этимъ ли[6] объясняется преуспѣяніе Евреевъ во всѣхъ отрасляхъ нашей жизни?\n8) Записано такъ: жизнь не движется, а трепещетъ, дрожитъ въ каждомъ существѣ.\nТо, что мнѣ кажется, что жизнь движет[ся] во времени, есть иллюзія. Жизнь только все больше и больше проявляется во времени. Солнце не движется, когда закрывавшія его облака открываютъ его.\n9) Радуйся, и паки реку: радуйся. Если хорошо живешь, то[7] радость неперестающая. На старости я вижу это. Старость радуетъ меня.[8] Бываютъ хорошія минуты, когда радуетъ и приближеніе къ смерти. (Не точно).\n10) Сознаніе ограничено пространствомъ и временемъ, но оно само въ себѣ независимо. Оно свободно, но можетъ выражаться, проявляться только въ пространствѣ и времени.\n11) Не хотѣлось бы умереть, не выразивъ того, что нынче особенно ясно чувствовалъ и понималъ. Смѣшно писать такую всѣмъ извѣстную истину въ концѣ жизни, а истина эта для меня, какъ я ее теперь понимаю,[9] скорѣе,[10] чувствую, представляется совершенно новой. Истина эта въ томъ, что надо всѣхъ любить и всю жизнь строить такъ, чтобы можно было всѣхъ любить. Хотѣлось бы написать такой законъ Божій для дѣтей.\n12) Да, спасать надо не Россію, а то, что в миліонъ миліоновъ разъ дороже[11] воображаемаго существа Россіи — свою душу.\n13) Не надо думать, что жизнь религіозныхъ людей должна быть вся поглощена заботой о поддержаніи своей религіозности и должна быть жизнь скучная, посвященная отвлеченной дѣятельности. Напротивъ, жизнь людей, установившихъ религіозную основу ея, не можетъ не быть радостной и совершенно свободной отъ заботы о своей религіозности.\nДумать такъ все равно, что думать, что люди съ государственно-научнымъ міросозерцаніемъ будутъ только то и дѣлать, что говорить о политикѣ и наукѣ.\n14) Религіозное ученіе должно быть осново[й] воспитанія. Воспитаніе безъ религіознаго ученія (какъ это происходитъ у насъ) есть не воспитаніе, a непремѣнно и развращеніе и притупленіе высшихъ способностей.\n15) Для того, чтобы жить не мучительно, надо имѣть надежду радости впереди себя. Какая же можетъ быть надежда радости, когда впереди старость и смерть? Есть только одинъ выходъ изъ этого положенія: положить свою жизнь въ духовномъ совершенствованіи, въ все большемъ и большемъ[12] соединеніи съ Богомъ. Только тогда жизнь есть неперестающая радость и такая же радость смерть.\n16) Евреи болѣе дома въ нашемъ мірѣ, пот[ому] ч[то] живутъ въ[13] мірѣ талмудистско-павловскомъ, христіане же — въ непослѣдовательномъ, внутренно противурѣчивомъ міровоззрѣніи Вѣтхозавѣтно-христіанско-павловскомъ. Ихъ міровоззрѣніе цѣльно, наше противорѣчиво.\n",
  "source" : "Полное собрание сочинений. Том 56."
}