{
  "id" : null,
  "date" : -1940785200000,
  "place" : "Я  П",
  "entry" : "2 Іюля 1908. Я. П.\nНачинаю дневникъ для себя — тайный.\nПоложеніе мое было бы мучительно, если бы не сознаніе того, что все это на пользу душѣ, если только положить жизнь въ душѣ.\nЕсли бы я слышалъ про себя со стороны, — про человѣка, живущаго въ роскоши съ стражниками, отбивающаго все, что можетъ, у крестьянъ, сажающаго ихъ въ острогъ и исповѣдующаго и проповѣдывающаго христіанство и дающаго пятачки, и для всѣхъ своихъ гнусныхъ дѣлъ прячущагося за милой женой, — я бы не усумнился назвать его мерзавцемъ! А это-то самое и нужно мнѣ, чтобы могъ освободиться отъ славы людской и жить для души.\nИсправлялъ Василія Морозова разсказъ.\nМучительно тяжело на душѣ. Знаю, что это къ добру душѣ; но тяжело.\nКогда спрошу себя: что же мнѣ нужно: уйти отъ всѣхъ. Куда? Къ Богу, умереть. Преступно желаю[507] смерти.\nПослѣ того, какъ я написалъ это, — непонятно грубая, жестокая сцена изъ-за того, что Чертковъ снималъ фотографіи. Проходитъ въ голову сомнѣніе, хорошо ли я дѣлаю, что молчу, и даже не лучше ли было бы мнѣ уйти, скрыться, какъ Буланже. Не дѣлаю этого преимущественно потому, что это для себя, для того, чтобы избавиться отъ отравленной со всѣхъ сторонъ жизни. А я вѣрю, что это-то перенесенiе этой жизни и нужно мнѣ.\nПомоги, Господи, помоги, помоги!!!!. —\nУйти хорошо можно только въ смерть.\nВсе такъ же мучительно борюсь, но плохо борюсь. Жизнь здѣсь, въ Ясной Полянѣ, вполнѣ отравлена. Куда ни выйду — стыдъ и страданіе. То Грумондскіе мужики въ острогѣ, то стражники, то старикъ В. Суворовъ, который говоритъ: «Грѣшно, графъ, охъ грѣшно, графиня обидѣла». То эта безумно и гадко корыстная, несправедливая дорога. Трудно, не знаю: отъ того ли, что я не въ духѣ, или я не въ духѣ отъ всѣхъ этихъ ужасовъ. О помоги, помоги мнѣ, во мнѣ.\n",
  "source" : "Полное собрание сочинений. Том 56."
}