{
  "id" : null,
  "date" : -2798737200000,
  "place" : "Солдат",
  "entry" : "24 Апр. Солдат предлагал книжку. Вдова колпенская, 5 детей (35 к.). Александр Копылов. Лошадь издохла, не разжеребилась.\nБабуринской хромой, отказал.\n————————————————————————————————————\n",
  "source" : "Полное собрание сочинений. Том 49"
}