{
  "id" : null,
  "date" : -2796231600000,
  "place" : "",
  "entry" : "23 Мая. Монах шатун. — Александр Копылов — хворосту. Крестник шестипалый — слег. — Пошел гулять. На пашне — бороны, хомуты, у края спят ничком мужик и мальчик. Собака черная в кусте. — На дороге Крыльцовская баба идет в Тулу — «хлеба нет, сын обещал сбиться на пудик мучицы». Рассказ о Сергее Телятинском, как он ехал телега на телеге, встретил мужика пьяного с мукой, завернул лошадь, вынул мешки и потянул кафтан, разбудил. Тот проснулся, замахнулся напарником и скребанул по телеге — метку сделал. По телеге на телеге и метке, и мешку нашли.\n————————————————————————————————————\nНа мосту бритый, в усах, рыжий, красный солдат. Откуда? — Из Федоровки. — Куда? — Камень бить. — Какой волости? — Федоровской. — Такой нет. Ты в беде? — В большой беде. Не доверял, потом сел со мной. Был унтер-офицер в карауле. Солдаты были в Плоцке, подкопали дверь, ушли. Судили и отдали во Мценск под присмотр полиции. Идет повидаться с родными. Они дадут билет на проход назад. Здесь десятник спросит, я скажу есть. Мало говорил, жалко. Но очень радостно. Человек — больше, чем Самарин.\n————————————————————————————————————\nГороденской сын молочной сестры, просил денег. Отец хочет вернуться. Вечер гулял.\n————————————————————————————————————\nПожар в Старой Колпне.\n————————————————————————————————————\nСтарик Воробьевской разморенный, думал, что пьяный. Он мучен и не доедает.\n————————————————————————————————————\n",
  "source" : "Полное собрание сочинений. Том 49"
}