{
  "id" : null,
  "date" : -1974567600000,
  "place" : "Я  П",
  "entry" : "7 Іюня 1907. Я. П.\nДавно не писалъ. Прежнее нездоровье прошло, но начина[ется] какъ будто новое. Нынче очень, очень грустно. Стыдно признаться, но не могу вызвать радости. На душѣ спокойно, серьезно, но не радостно. Грустно, главное, отъ того мрака, въ к[оторомъ] такъ упорно живутъ люди. Озлобленіе народа, безумная роскошь наша. Горбунова разсказала про ужасный дѣтскій развратъ. Вчера б[ыло] хорошее чувство о письмѣ Андрея. Испыталъ радость уединенія съ Богомъ. Нынче пересматривалъ Д[ѣтскій] К[ругъ] Ч[тенія]. Дѣти не приходили. Письмо отъ Суткового, и я написалъ ему о Добролюбовцахъ. Грустно, грустно. Г[оспо]ди, помоги мнѣ, сожги моего древняг[о], плотскаго [119] человѣка. Да, одно утѣшенье, одно спасен[ье]: жить въ вѣчности, а не во времени. Потерялъ записную книжку у кровати. Жалко. Записать:\n1) Богъ, все измѣняющій и самъ не измѣняющійся.\n2) Я сознаю тѣло, сознаю душу, но не сознаю того, что сознаетъ и то и другое. Это-то и есть Онъ, Богъ, Любовь.\n3) Жизнь не[120] въ тѣлѣ и не въ душѣ, а въ духѣ. Онъ одинъ сознаетъ и то и другое, а его ничто не сознаетъ.\n4) Какая обворожительная черта лица — прелесть улыбки!\nНе могу найти той книжки.\nБылъ у Мар[ьи] Ал[ександровны]. Она взволнована Скуратовскими мужиками, а я не могу не видѣть и въ нихъ: отсутствія того главнаго — внутренней работы, к[отор]ая одна можетъ спасти людей. — Думалъ о томъ, какъ вредно писать статьи, составлять статьи, а не излагать мысл[и], чувства, какъ онѣ приходятъ.\n",
  "source" : "Полное собрание сочинений. Том 56."
}