{
  "id" : null,
  "date" : -1943722800000,
  "place" : "Я  П",
  "entry" : "29 Мая 1908. Я. П.\nТо, что записано о нездоровьѣ, съ 21 мая продолжается до сихъ поръ. Никогда не чувствовалъ себя до такой степени слабымъ. И нѣтъ худа безъ добра: въ такія времена, чувствуя свою близость къ смерти, только радуюсь этой близости. Посѣтителей и писемъ такъ много, что нельзя успѣть всего записать. Начинаю чувствовать распространеніе своей извѣстности, к[оторое], какъ всегда, возбуждаетъ и добрыя и соотвѣтственно добрымъ — злыя чувства. Вчера б[ылъ] очень тяжел[ый] К. Зато дня три, какъ пріѣхал[и] очень пріятные Стамо съ сыномъ. Радуюсь очень пріѣзду Ч[ерткова], он[ъ] въ Петерб[ургѣ].[403] С[аша] была у Тани, нынче пріѣхала. Боюсь за нее. Были еще Ст[аховичи]. С[оня] б[ыла] въ Петерб[ургѣ], пріѣхала. За это время кончилъ О смертн[ыхъ] Казн[яхъ] и писалъ письмо крестьянину о землѣ, и во время писанія убѣдился, что при существованіи государств[еннаго] насилія нѣтъ средствъ, к[оторыя] могли бы улучшить чье либо положеніе. Объ это[мъ] вчера б[ылъ] хорошій разговоръ съ Ник[олаевымъ] и Стамо. Забылъ записать о пріѣзде за это время милыхъ Николаевыхъ и посѣщеніи Сони невѣстки съ Унковской. Были еще фотографы: Прок[удинъ] Гор[скій] и Кулаковъ, и Америк[анецъ] съ женой, и еще чета милыхъ........ Записать надо многое. Прежде, чѣмъ записывать изъ книжечк[и], запишу то, что сейчасъ думалъ:\n1) Мы хотимъ устроить счастливую, справедливую жизнь людей, но съ тѣхъ поръ, какъ мы знаемъ жизнь людей и знаемъ, что они всегда стремились къ этому, мы знаемъ, что они никогда не достигали этого. Всегда за достигнутой ступенью блага тотчасъ же открывалась другая, слѣдующая, столь же настоятельно необходимая, какою казалась и та, к[отор]ая только что достигнут[а]; и такъ продолжалось до теперешня[го] времени, начиная съ людоѣдства и до націонализаціи земли. И потому естественно нетолько предположить, но быть увѣреннымъ, что такъ и будетъ всегда.\nТакъ и будетъ, такъ и должно быть. Положеніе человека, идущаго впередъ къ благу, к[отор]ое все[404] отодвигается отъ него, подобно [тому], что, какъ говорили мнѣ, дѣлаютъ съ упрямым[и] лошадьми. Къ оглоблямъ впереди ихъ утверждаютъ кусокъ хлѣба съ солью такъ, что лошадь чуетъ его, но не можетъ достать. И она тянется и движется, желая достать хлѣбъ, но это самое движеніе отодвигаетъ хлѣбъ, и такъ до безконечности. Тоже и съ людьми: благо никогда не достигается, п[отому] ч[то] при достиженіи однаго блага сейчасъ же представляется новое. А благо — совершенство безконечн[ое], какъ Богъ.\nКакой же изъ этого выводъ?\nА только тотъ, что человѣкъ можетъ и долженъ знать, что[405] благо его жизни не въ достиженіи[406] стоящей передъ нимъ цѣли, а въ движеніи для цѣли высшей, недоступной ему.\n2) Для того, чтобы понять[407] законы жизни, нужно не объяснять происхожденіе духовнаг[о], т. е. сознанія. Это одно, ч[то] такъ ясно и несомнѣнно и не временно, что не требуетъ объясненія своего происхожденія, а напротивъ, на немъ одномъ можетъ основаться всякое, какое бы то ни было знаніе. Для того, чтобы понять законы жизни, нужно объяснить причины, по к[оторымъ] сознаніе во всѣхъ людяхъ одинаково воспринимаетъ явленія матерьяльнаго міра (предѣловъ отдѣльнаго сознанія): одинаково видитъ, слыпштъ, ощущаетъ. (?)\n3) Если бы мы навѣрно знали, что смерть ухудшаетъ наше положеніе, жизнь въ виду смерти была бы ужасна. Если же бы мы навѣрно знали, что смерть улучшаетъ наше положеніе, мы пренебрегали бы жизнью. Такъ что ничего нельзя желать лучшаго того, что есть.\n4) «Прежде, чѣмъ былъ Авраамъ, я есмь», — можетъ и долженъ сказать каждый человѣкъ. Мы всѣ сознаемъ свою жизнь безъ начала ея. А если ей не было начал[а], то не можетъ быть и конца.\n5) Живо почувствовалъ соблазнъ и грѣхъ писательства на другихъ и перенесъ на себя.\n6) Нужно не переставая помнить три требованія добра: воздержаніе, правду и любовь.\n",
  "source" : "Полное собрание сочинений. Том 56."
}