{
  "id" : null,
  "date" : -2082826800000,
  "place" : "",
  "entry" : "Богъ отвѣчаетъ только тому, кто говоритъ съ Нимъ наединѣ.\nНельзя разсказать другому своего отношенія къ Богу. — Какъ только тайна нарушена, прекращается отношеніе.[1232]\n————————————————————————————————————\nИ въ[1233] освобожденi[и] людей отъ этого ужасна[го], произведеннаго и поддерживаемаго допущеніемъ и признаніемъ власти человѣка надъ человѣкомъ заблужденія, въ этомъ главное, необходимое условіе успѣшности совершающейся революціи.\nТолько откиньт[е] и увидите, что свойственно, и ничего нѣтъ страшнаго. Страшно то, что есть.\n————————————————————————————————————\nЕсть люди, к[оторые] пользуются религіей для злыхъ цѣлей: для честолюбія, корысти, властолюбія, но есть и такіе, к[оторые] пользуются ею для забавы, для игры: Мережк[овскій] и т. п.[1234]\n————————————————————————————————————\nНо у того, у кого ключъ, тотъ самъ найдетъ, какія ему нужны правила.\n————————————————————————————————————\nТолько, когда исполнишь ту истину, к[оторую] знаешь (живешь по ней), откроется тебѣ новая истина.\nL[ucy] М[аllоrу].\n",
  "source" : "Полное собрание сочинений. Том 55"
}