{
  "id" : null,
  "date" : -3147015600000,
  "place" : "",
  "entry" : "11 Апреля.\nШопенгауер необходим для того, чтобы дать понятие о свойствах забытого нами настоящего мышления. — Забытого особенно благодаря Ф[ихте], Ш[еллингу], Г[егелю] периода упадка. Мы не знали и забыли те приемы Платона, Декарта, Спинозы, Канта, тружеников независ[имых], страшных по своей оторванности и глубине. А у нас их свели в рамки истории философии (рядом с Cousin, как П[етр?] плохой солдат для ранжира).\nНужно, чтобы разбить erreurs[165] мнимого защитника божества, к[оторого] разбивает всякий искрен[ний] мальчик.\nНужно потому, что никто более, как он, не приводит к Nichts’y,[166] к Ерусла[ну] Лазарев[ичу]. За руку — рука прочь, Бог, поэзия — всё прочь.\n",
  "source" : "Полное собрание сочинений. Том 48"
}