{
  "id" : null,
  "date" : -1949425200000,
  "place" : "Я  П",
  "entry" : "24 Марта 1908. Я. П.\n1) Нельзя не думать о засыпаніи и пробужденіи, какъ о подобіи смерти и рожденія. Какъ при засыпаніи теряется связь бывшаго сознанія бдѣнія съ новымъ сознаніемъ въ сновидѣніи, также должно быть и при смерти. И какъ при пробужденіи является новое сознаніе, такъ должно быть и при рожденіи. (Что-то тутъ есть, но не могу разобраться.)\n",
  "source" : "Полное собрание сочинений. Том 56."
}