{
  "id" : null,
  "date" : -1893438000000,
  "place" : "",
  "entry" : "————————————————————————————————————\nЛюди, подчинявшi[еся] власти, были гораздо свободнее людей, участвующих во власти.[1911]\n————————————————————————————————————\nВоля Бога в том, чтобы было хорошо, но не мне одному, а всем.[1912]\n————————————————————————————————————\nИсторическо-экономические законы это только отрицание свободы воли — оправдание зла.[1913]\n",
  "source" : "Полное собрание сочинений. Том 55"
}