{
  "id" : null,
  "date" : -2019409200000,
  "place" : "Я  П",
  "entry" : "4 Янв. 1906. Я. П.\nВсѣ эти дни все поправлялъ и передѣлывалъ: «Пр[авительство], Рев[олюціонеры], Нар[одъ]» и все не кончилъ. «Нар[одъ»] плохо отъ того, что хотѣлъ внести неподходящее: три неправды. Надѣюсь, что выйдетъ. И что будетъ полезно. Читаю Мысли Мудр[ыхъ] Л[юдей] ежедневно и съ большой пользой для души. Эти послѣдніе два или три дня, не переставая, безъ людей, работаю надъ собой: не позволяю себѣ дурныхъ мыслей, легкомысленныхъ поступковъ, въ родѣ гимнастики, гаданья. И хорошо. Кабы удержаться такъ до смерти! Записать надо:\n1) О наградѣ за добро. Въ мірской жизни мы ждемъ награды извнѣ за то, что сдѣлали хорошо. Такой награды нѣтъ и не можетъ быть. Что не случится, какія желанія не исполнятся, они сейчасъ же теряютъ свою прелесть, свое значеніе; награда же — настоящая, несомнѣнная, не уменьшающаяся и растущая. И такая награда есть одна: это добрый поступокъ, если онъ сдѣланъ только для Бога, какъ н[а]п[римѣръ], если въ душѣ своей побѣдишь недоброе чувство — простишь. Дѣлаешь для Бога — и награда[769] отъ Бога, отъ того Бога, к[оторый] въ насъ. И награда эта — не награда, а это — удовлетвореніе. Это тоже, чтобы утолить жажду. Это не награда, а больше, тверже.\nНо для того, чтобы знать эту награду, надо установить съ Богомъ, съ однимъ Богомъ отношенi[е]. Это я начинаю испытывать и стараюсь утвердиться, пріучиться.\n2) Да, жизнь есть ростъ, или раскрытіе духовной сущности. Это раскрытіе идетъ до самой смерти. Въ смерти оно cовершается вполнѣ для того отдѣльнаго существа, к[оторое] я[770] сознаю собой.\n3) Я всю жизнь жилъ для внѣшнихъ цѣлей, для себя и для людей, въ особенности для людей; трудно отвыкать отъ этого и пріучить себя жить одному съ Богомъ и для Бога. А въ этомъ высшее благо.\n",
  "source" : "Полное собрание сочинений. Том 55"
}