{
  "id" : null,
  "date" : -3086276400000,
  "place" : "",
  "entry" : "14 М[арта]. Лучи. Тепло тем больше, чем они короче.\nЛучи, встречающие препятствие, производят силу.\nСилу сжимания и отталкивания, — по радиусам и по дугам. Чем короче лучи, тем меньше их сила в кв[адрате] расстояния. —\nСила обратна теплу.\nТепло химическое есть такое соединение двух тел, что лучи удвояются.\nХимическое соединение происходит от силы давления друг на друга в противуположных направлениях и от совпадения путей лучей.\nПростые тела соединяются с простыми охотнее.\nУглы равны.\nХим[ические] соединения все происходят в жидкостях, т. е. в тех телах, где точки проникновения лучей могут переставляться. Лучшие проводники металлы — пути прямее.\nЧтобы нагреть воздух, производящий работу, т. е. сжатый, нужно больше тепла, чем для того, чтобы нагреть воздух не сжатый.\n90 cт[раница] Tинд[aля]: в отношении 1: 1,421. Они говорят: это 0,421 — рабoтa. А я говорю: это только закон противуположения силы теплу. В 1-м случае тепло противуполагалось только силе давления атмосферы, во втором — силе давления атмосф[еры] и стклянки.\nТо, что я называю давлением атмосферы, есть противодействие верхнего слоя.\nТо же самое при плавлении железа без стклянки. Для того, чтобы раздать железо, нужно преодолеть его силу падения. А если обложить железо несгораемым веществом, то надо будет еще преодолеть это новое препятствие. —\nОгонь снизу действует почти так же, как лучи сверху. Он выражается силой (не проникая), теплом (проникая).\nОн поднимает тело вверх и плавит. Чем больше поднимает, тем меньше жжет и наоборот.\nМатерия вся подвижна до мельчайших частей. Лучи неподвижны.\nЧто ниже, то шире, то больше тепла.\n————————————————————————————————————\nПочему лед расширяется и висмут? —\nЛед — потому, что из двух сил, притяжения и cohésion,[186] — притяжение сильнее.\n",
  "source" : "Полное собрание сочинений. Том 48"
}