{
  "id" : null,
  "date" : -1970247600000,
  "place" : "",
  "entry" : "[27 июля].\nПропустилъ 3 дня. Вчера 26 I. Передѣлыв[алъ] Не У[бій] Н[иког]о, былъ Сильчевскій, больной студентъ. Ѣзд[илъ] къ Ч[ертковымъ]. Вечеромъ мног[о] народа. Прочли мою статью. Прекрасно игралъ Голденвейзеръ.\n",
  "source" : "Полное собрание сочинений. Том 56."
}