{
  "id" : null,
  "date" : -1936206000000,
  "place" : "",
  "entry" : "24 Августа.\n1) Все живое имѣетъ сознаніе. Въ сознаніи себя отдѣльнымъ существомъ и жизнь, и всякое живое существо сознаетъ себя подчиненнымъ общимъ и своимъ законамъ: камень — и тяготѣнія, и непроницаемости; растеніе — и тяготѣнія, и роста, и воспроизведенія; животное — и тяготѣнія, и роста, и воспроизведенія, и общенія съ себѣ подобными; человѣкъ — и тяготѣнія, и роста, и воспроизведенія, и общенія, и разумнаго нравственнаго поведенія.\n",
  "source" : "Полное собрание сочинений. Том 56."
}