{
  "id" : null,
  "date" : -3152804400000,
  "place" : "",
  "entry" : "3 Февраля. — 1870.\nСистема, философская система, кроме ошибок мышления, несет в себе ошибки системы. —\nВ какую форму ни укладывай свои мысли, для того, кто действительно поймет их, мысли эти будут выражением только нового миросозерцания философа.\nДля того, чтобы сказать понятно то, что имеешь сказать, говори искренно, а чтобы говорить искренно, говори так, как мысль приходила тебе.\nДаже у больших мыслителей, оставивших системы, читатель, для того чтобы асимилировать себе существенное писателя, с трудом разрывает систему и разорванные куски, относя их к человеку, берет себе. —\nТаков Платон, Декарт, Спиноза, Кант. — Шопенгауер говорит, что его система есть круг (он говорит свод), чтобы понять который, на[до] пройти его несколько раз.\nУ слабых мыслителей, Гегель, Cousin, разорвав систему, приходишь в непосредственное сношение с пустым человеком, от кот[орого] нечего взять.\nТолпа же любит систему. Толпа хочет поймать всю истину, и так как не может понять ее, то охотно верит.\nГёте говорит: истина противна, заблуждение привлекательно, потому что истина представляет нас самим себе ограниченными, а заблуждение всемогущими. — Кроме того, истина противна, потому что она отрывочна, непонятна, а заблуждение — связно и последовательно. —\nРусская драматическая литература имеет два образца одного из многих и многих родов драмы:[393] одного, самого мелкого, слабого рода, сатирического, Горе от ума и Ревизор. Остальное огромное поле — не сатиры, но поэзии — еще не тронуто.\n",
  "source" : "Полное собрание сочинений. Том 48"
}