{
  "id" : null,
  "date" : -3085326000000,
  "place" : "",
  "entry" : "25 Марта. Тело выше нормы стремится: 1) упасть в норму, 2) забрать больше лучей, 3) принять в себя тело, имеющее больше лучей, смешать[ся].\nТело ниже нормы стремится: 1) подняться, 2) выпустить из себя излишние лучи и 3) принять в себя тело, смешаться с телом, имеющим меньше лучей. 1) Тяготение вверх и вниз, 2) тепло, электриче[ство], 3) химическое соединение, кристалл и магнит. —\n",
  "source" : "Полное собрание сочинений. Том 48"
}