{
  "id" : null,
  "date" : -2889802800000,
  "place" : "",
  "entry" : "5 Июня. Жаркий полдень, 2-й час. Иду по высокому, жирному лугу. Тихо, запах сладкий и душистый — свергибус, кашка — стоит и дурманит. К лесу, в лощине, еще выше трава и тот же дурман. На дорожках лесных запах теплицы.\nКленовые листья огромны.\nПчела на срублен[ном] лесе обирает мед по очереди с куртины желтых цветов. С 13-го, не задумавшись, зажужжала и полетела — полна.\nЖар по дороге, пыль горячая и деготь.\n",
  "source" : "Полное собрание сочинений. Том 48"
}