{
  "id" : null,
  "date" : -1972494000000,
  "place" : "Я  П",
  "entry" : "1 Іюля 1907. Я. П.\nВсе слабѣю. Ничего не могу работать. Кое что дѣлалъ для К[руга] Ч[тенія]. Съ дѣтьми 2 дня не занимаюсь. Мног[ое] задумываю, но силъ нѣтъ. На душѣ очень хорошо. Понялъ, какъ при встрѣчѣ съ каждымъ челов[ѣкомъ] надо молитвенно, серьезно относиться (не шуточно), помня, что это — Богъ. Правда, что и все — Богъ. Но человѣкъ это — Б[огъ], наиболѣе понятный мнѣ. Вписать есть кое что. Послѣ.\n",
  "source" : "Полное собрание сочинений. Том 56."
}