{
  "id" : null,
  "date" : -1926183600000,
  "place" : "Я  П",
  "entry" : "18 Дек. 1908. Я. П.\nНе писалъ 3 дня. С[оня] вернулась. Пріѣхали Рѣп[инъ] съ Нордм[анъ]. Все также слабо себя чувствую. Перебираю художеств[енное]. Казалось бы, могу. Написалъ очень озлобленное предисловіе и не годящееся начало. Духовно слабъ. Вчера вечеромъ получилъ письмо недоброе о томъ, что наживаюсь сочиненіями, и б[ылъ] такъ слабъ, что огорчился и отвѣчалъ (бросилъ письмо).\n[494]Нынче перебиралъ переписанное въ дневникѣ, но писать ничего не могу. Сейчасъ проводилъ Рѣпина. С[оня] н[е]здорова. Выпишу, что есть, изъ записн[ой] книжки.\n1) Воспоминаніе о прошедшемъ и загадываніе о будущемъ составляютъ то, что мы называемъ и сознаемъ личностью. Перестань человѣкъ вспоминать и загадывать, и для него уничтожится время и съ нимъ вмѣстѣ личность, и останется только любовь, обращенная на все окружающее его въ мірѣ, на все разнообразное отдѣленное отъ него и другъ отъ друга. И человѣкъ почувствуетъ, сознаетъ себя неподвижнымъ среди движущагося вокругъ него міра (его личность составляетъ часть этого движущагося міра. Человѣкъ почувствуетъ, что міръ движется передъ нимъ, какъ земл[я] передъ солнце[мъ], а онъ стоитъ, и только, какъ солнце землю, соединяясь съ свѣтомъ Бога, освѣщаетъ этотъ движущійся передъ нимъ, вокругъ него міръ. Только освободись человѣкъ отъ воспоминаній въ прошедшемъ и загадываній въ будущемъ, освободись отъ времени, и онъ освободится отъ обмана о томъ, что движется онъ, не міръ вокругъ него; движется затѣмъ, чтобы онъ могъ понимать его.\nТоже самое, иначе записанное:\nЛичность есть только воспоминаніе о прошедшемъ и желанія въ будущемъ. Какъ только нѣтъ ни того ни другого, нѣтъ времени — жизнь въ безвременномъ моментѣ настоящаго — нѣтъ личности, а есть только основа жизни — любовь, Богъ. Такъ это было бы, если бы человѣкъ могъ вполнѣ отрѣшиться отъ воспоминаній и желаній; въ жизни же возможно только приближеніе: чѣмъ меньше воспоминаній и желаній, т. е. чѣмъ больш[е] уничтожена, ослаблена личность, тѣмъ больше проявляется въ жизни любовь — Богъ, тѣмъ больше живешь внѣ времени и сознаешь, что движешься не ты, a міръ для того, чтобы ты могъ познавать его.\n2) Когда римскій міръ развратился, его обновили неразвращенные варвары. Теперь ужъ нѣтъ варваровъ, и потому, хочешь — не хочешь, надо намъ сами[мъ] дѣлаться варварами въ томъ хорошемъ, что было въ варварахъ.\n3) Большая ошибка думать, что всѣ изобрѣтенія, увеличивающiя власть людей надъ природой въ земледѣліи, въ добываніи и химическомъ соединеніи веществъ, и возможность большаг[о] воздѣйствія людей другъ на друга, какъ пути и средства сообщенія, печать, телеграфъ, телефонъ, фонографъ, есть благо. И власть надъ природой, и увеличеніе возможности воздѣйствія людей другъ на друга будутъ благомъ только тогда, когда дѣятельность людей будетъ руководима любовью, желаніемъ блага другимъ, и будутъ зломъ, когда она будетъ руководима эгоизмомъ, желаніемъ блага только себѣ. Выкопанные металл[ы] могутъ пойти на удобства жизн[и] люде[й] или на пушки, послѣдствіе увеличенія плодородности земли можетъ дать обезпеченное питаніе людямъ и можетъ быть причиной усиленнаго распростра[н]енія и потребленія опіум[а], водки, пути сообщенія и сред[с]тв[а] сообщенія мыслей могутъ разносить добрыя и злыя вліянія. И потому въ безнравственномъ обществѣ, каково наше мнимо христіанское, всѣ изобрѣтенія, увеличивающія власть человѣка надъ природою и средства общенія, нетолько не благо, но несомнѣнное и очевидное зло.\n4) Вчера почувствовалъ большую пользу изъ подавленнаго состоянія духа, при к[отор]омъ не трогаютъ вопросы религіозные и хочется не любить, а осуждать и ненавидѣть. Хорошо заставить себя въ такихъ состояніяхъ сознавать ихъ, бороться съ ними, главное же, хорошо тѣмъ, ч[то] зная себя такимъ, понимаешь невмѣняемость другихъ людей, когда они такіе, и уже можешь не сердиться на нихъ, a жалѣть ихъ.\n",
  "source" : "Полное собрание сочинений. Том 56."
}