{
  "id" : null,
  "date" : -2915809200000,
  "place" : "",
  "entry" : "8 Августа. Яркий солнечный день в лесу, полдень — блеск. Тихо совершенно. Идешь — движется — что-то в тени. Это одинокий лист на молодом побеге незаметный, сквозной ветер колышет.\nВ лугу колдобина с водой. Вода отстоялась прозрачно. На дне корни мочковатые, палки, лист.\nБаба вяжет, обшмыгивает сноп, засовывая туда.\nВывершивают скирд, стоит бочком, опускается на веревке.\nОбмолоченная солома сейчас же на крышу. Косая притуга. Загузок, пелена.\nБерут лен — как? Из середины вьют жгутом.\n",
  "source" : "Полное собрание сочинений. Том 48"
}