{
  "id" : null,
  "date" : -2798910000000,
  "place" : "",
  "entry" : "22 Апреля. Из Бабурина мужик, отдал сына в больницу от глаз. Просил 20 к.\nСолдат из Щекина в лихорадке. Мальчик.\nБогоявленского исключили из унив[ерситета].\nХаринский — лошадь — 9 р[ублей], 5 душ кормит. — Погорелый Иван Колчанов.[46] Головенский — лошадь.\n————————————————————————————————————\nСолдат Черниговской губ.\n————————————————————————————————————\n23 Ап. Ходил на деревню. Лохмачева недуг портит, как иголками. Баба кроет с Дмитрием Макарычем и Иваном. Никто не пошел. «По своей бедности, знаю». В кабаке солдат просит милостыню. Василий вынес пол ломтя. «Никто не покупает».\nУ Матв[ея] Егор[ова] попы в избе. На задворк[ах] у ворот воют в 6 голосов. Хозяин мальчик сидит на нарах. Ситники на сдвинутых, накрытых столах. —\nСергей: «Поспели к жатве — волосы седые».\n————————————————————————————————————\nСолдат Козлов просит места на заводе: хлуд обрастет — оборыш обрастет. — Снял шапку, не сговоришь. —\nБаба из Судакова. Погорели. Выскочила, как была. Сын в огонь лезет. Мне всё одно пропадать. Лошади нет. Лошадь взяли судейские. За то, что он вел чужую. —\n————————————————————————————————————\nМужик Крыльц[овский]. Маленький, жалкий. Издохла лошадь. Не дал. Осип Наумыч. Урядник велел вынести пчел из огорода, а они облетались. У Карпа тоже.\n3 солдата — просили милостыню.\n————————————————————————————————————\nСолдат веселый, ходит 16 лет. —\nМужик Пировской. Власов обидел. 200 р. не получал. С мужиков за то, что не хотели держать землю, 55 р. штра[фу]. Петуший бой. Заклады. Мужик.\n————————————————————————————————————\n",
  "source" : "Полное собрание сочинений. Том 49"
}