{
  "id" : null,
  "date" : -1936465200000,
  "place" : "",
  "entry" : "21 Августа.\nНе писалъ съ 12 числа. Здоровье все также, ногѣ лучше, общее состояніе хуже, т. е. ближе къ смерти. Нынче ночью испыталъ безъ всякой внѣшней причины особенно сильное и мало сказать: пріятное, а серьезное, радостное чувство совершеннаго отпаденія не страха даже, a несогласія со смертью. Очень радуюсь этому, потому что это чувство, я знаю, не случайное, проходящее, а оно можетъ, не будучи испытываемо безпрестанно, оставаться въ глубинѣ души, и это очень хорошо. Чувство это подобно тому, что бы испыталъ человѣкъ, узнавъ неожиданно для себя, что тамъ, гдѣ онъ считалъ себя вдали отъ дома, онъ подлѣ него, и что то, что онъ считалъ чѣмъ-то страннымъ и чуждымъ, есть самый домъ его.\nВсе занимаюсь съ Н[иколаемъ] Н[иколаевичемъ] Кругомъ Чтенія. Не скажу, чтобы очень доволенъ, но и не недоволенъ. Чувствую приближеніе 28-го по увеличенію писемъ. Буду радъ, когда это кончится, хотя радъ тоже тому, что совершенно равнодушенъ къ тому или къ другому отношенію людей ко мнѣ, хотя и все болѣе и болѣе неравнодушенъ къ моему отношенію къ нимъ.\nНаписалъ письмо М. и не раскаиваюсь.[454]\n",
  "source" : "Полное собрание сочинений. Том 56."
}