{
  "id" : null,
  "date" : -3313422000000,
  "place" : "",
  "entry" : "К роману.\nДолохов солдатом наблюдает солдат в сражении.\nLa grande difficulté de l’époque est que la cause, q[u]’on aime, est défendue par la nation, q[u]’on n’aime pas (дипломатические речи).\nSouvenez vous bien, monsieur, que dans toutes les affaires il y a une femme. Quelquefois on ne la voit pas, mais regardez bien, elle y est. —\nAlexandre — éducation philosophique de la Harpe.\nA[lexandre]. Comment avez vous fait pour vous acclimater si vite. — M[aistre]. Sire, dans les serres de votre Majesté toutes les plantes de l’univers croyent être chez elles. —\n— Faisant gorges chaudes. —\n— Des brochures qui cassent les vitres. —\n— Londres est le séjour des talents et des préjugés, comme Paris de l’esprit et de la bêtise.\nIl y a beaucoup de hachis.[156]\nУ дипломата нет ни гроша, кроме 6000 жалованья, где надо проживать 20,000, и требует la grand’croix[157] с обидой, что ему не дают.\n— De quoi vous plaignez v[ous]. N’avez vous pas dit formellement à Dieu: sortez de nos lois, de nos institutions, de notre éducation. Il s’est retiré et v[ous] a dit: faites.[158]\nРазница холостого от женатого: 1-ый стареется, 2-ой растет. —\n— Два сорта людей — у одних жизнь только поэзия, у других поэзия не жизнь. Два типа.\n— Мост провалился, лошадь завязла, загородила дорогу при отступлении.\n— Savary сказал Александру, что французы не теряли его из вида и что он два раза переменил лошадь и был на рыжей.\n— Имп[ератор] Александр отпустил пленных 12 году. Плачет о своем и тогда плачет, когда рассмешат с участием. —\nБарышня танцовала визави с Александром и влюблена в него.\n— Шутник палец Генералу.\n— Наполеон написал в Москве на богоугодных заведениях: maison de ma mère.[159] Он польстить этим думал русским: Я так добр — моя мать вами займется, — а как это отвратительно, оскорбительно. Примешивать семейство.\n— Сидят, от скуки говорить нечего. Отчего называется форточка? От того, что Pforte[160]. Нет, от того, что рамка маленькая. —\n— Рассказывает сказку — три дороги. На первой сытому, а тут пришел Прынц. Три головы, хвостом заметает......\n— Юноша сам с собой перед зеркалом.\n— Барышня на вечере — танцует, танцует и, как только может, бежит в тихую комнату, где быть одна — и весело, и хорошо, и очень хорошо.\n— Святки. Наряженные. Та, которую любишь, другая, но та же, — брови чернее, усы. Разделась, а ей весело, и брови те же и любит по новому.\n27 Nоября. 1866. [Ясная Поляна.]\n1) Критика искуства есть то же, что органическая химия. Она дает анализ, а знание выводов анализа ничего не дает.\n2) Поэт лучшее своей жизни отнимает от жизни и кладет в свое сочинение. Оттого сочинение его прекрасно и жизнь дурна.\n3) Единственное утешение при мысли о неизбежности смерти состоит в том же, в чем состоит утешение в опасности на корабле, в том, что все в том же, как и я, положении. —\n4) Отчего не сказанное слово золотое? Отчего самый умный человек ничего бы не писал и не говорил? Оттого, что для того, чтобы говорить что-нибудь, делать выводы, надо допускать многое непонятное понятным, многое оставлять неисследованным. Коли всё понимать, то всё будут ноли, из к[оторых] не выйдет формулы — только ноль.\n",
  "source" : "Полное собрание сочинений. Том 48"
}