{
  "id" : null,
  "date" : -2706116400000,
  "place" : "",
  "entry" : "[19/31 марта.] Поздно встал. Озмидов твердый, ясный. Его уж начинают задирать. Алекс[андр] Петр[ович]. Уже смущен женою и Москвою. Пошел в банк. Щепкин неспокоен. — Извощик пьяный, сквернослов, здоровенный. Сейчас о похабстве. Что делать с этими? Их же имя легион. Это в лучшем случае Горации. Конфуций прав, только не насилие власти, а насилие убеждения — искусства — церкви, обряды жизни, веселья, нравы определенные, кот[орым] бы легко было им повиноваться. Но непременно повиноваться. Они сами не могут. В их числе все женщины. Дома обедали хорошо. Пошел шить. Перепортил всё. Пришел Гуревич. Он писатель без своих мыслей. — Лучшая поверка человека: уйдет он и нечего вспомнить. Пошел пройтись. Сошелся с тремя фабричными, идут с экзамена на Разгуляе. Учатся в школе. За чаем был неласков с женой (1). С Озмидовым стеснялся об извощике (2).\n",
  "source" : "Полное собрание сочинений. Том 49"
}