{
  "id" : null,
  "date" : -2797095600000,
  "place" : "",
  "entry" : "13 Мая. Письмо станового. Статистика доказывает, что подати сбирать не жалко. Песок возить можно ли? Моя прежняя грубость. Теперешняя приятность. —\n————————————————————————————————————\n",
  "source" : "Полное собрание сочинений. Том 49"
}