{
  "id" : null,
  "date" : -2903194800000,
  "place" : "",
  "entry" : "Горохол[ьский] переулок, Мещ[анской] части, д. Будинова.\n26. Царство Бога небесн[ого].\nНет и Библии\nСмирен[ные] наследуют землю в Библии — ?\nБлаженны милостивые: в Талм[уде].\nЧистые сердцем — псалом\nБлаженны преслед[уемые] — Эклез[иаст] 3, 15.\nСоль земли — песок Израил[я]\nКто сказал: реке, Тал[муд] повинен суду сангедри[на].\nБудьте совершенны, как Отец — Библия. Второз[аконие], 18. 13.\nНищие духом § 7. 15.\nГомилетика. Патристика. Литургика.\nКак Никита будил Сережу и не добудился в Дрез[дене].\n",
  "source" : "Полное собрание сочинений. Том 48"
}