{
  "id" : null,
  "date" : -2019236400000,
  "place" : "Я  П",
  "entry" : "6 Янв. 1906. Я. П.\nВсе поправляю Пра[вительство], Рев[олюціонеры] и Н[ародъ] и, кажется, кончилъ или близокъ къ концу. Очень мрачно себя чувствую. Стараюсь и не могу побѣдить. Ничѣмъ не выражаю своей недоброты, но чувствую и мыслю недоброе. Записать надо только:\n1) Въ М[ысляхъ] М[удрыхъ] Л[юдей] нынче, 6-го, Рёскина о томъ, что грѣхъ людей есть грѣхъ Іуды, то, что люди не вѣрятъ въ своего Христа и продаютъ его. Въ первый разъ понялъ: Да, главная ошибка — источникъ всякихъ страданій и бѣдствій, то, что мы не вѣримъ въ свою божественность и продаемъ ее за чечевичную похлебку тѣлесныхъ радостей.\n2) Еврейская вѣра — самая нерелигіозная. Вѣра, у кот[орой] знаменатель ∞, безконечность. Гордая вѣра въ то, что они одни избранный Богомъ народъ.\n3) Шкарванъ прекрасно пишетъ, что наша теперешняя революція это тотъ огонь, въ к[оторомъ] сожжетъ сама себя вся та нечисть, к[оторая] мутитъ и развращаетъ Россію.\n4) Часто, какъ нынче, грустно, грустно, одиноко. Облегченіе въ такомъ положеніи никакъ не разсѣяніе, а все большее и большее сближеніе съ Богомъ. Господи, Господи, помоги мнѣ.\n",
  "source" : "Полное собрание сочинений. Том 55"
}