{
  "id" : null,
  "date" : -2796404400000,
  "place" : "",
  "entry" : "21 Мая. Два Головенские погорелые. У одного брат больной, вынесли, помер на другой день. — Телятинская, больша[к] сын попался в 4-й раз. Отнял мешки у знакомого мужика. Хоть бы сослали его с женой. У ней сын 15 лет, незаконный. — Странник писец в синем, рыжий, беззубый. Кормится. Мужик из Иконок пьяненький. Нажил по откупам 30 десятин. Не хочу греха таить. Николаю помогал. —\nСпор — Таня, Сережа, Иван Михайлов[ич]: «добро условно». Т. е. нет добра. Одни инстинкты.\n",
  "source" : "Полное собрание сочинений. Том 49"
}