{
  "id" : null,
  "date" : -1955559600000,
  "place" : "Я  П",
  "entry" : "13 Янв. 1908. Я. П.\nНе писалъ 12 дней. Кончилъ на черно Кр[угъ] Чт[енія] и написалъ отдѣлы. Живу не дурно, только 3-го дня заблудился въ Засѣк[ѣ] и очень усталъ, и нынч[е] болитъ сердце. Дурно спалъ. И написалъ письма — всѣ очистилъ. Жду Ч[ерткова] послѣ завтра. Записываю изъ книжеч[ки]. Второй день думаю о драмѣ. Едва ли достанетъ интереса, чтобы написать. Запи[с]ы[ваю]:\n1) Если cмыслъ жизни въ совершенствованіи, то ясно, что онъ не мож[етъ] быть въ усовершенствованіи души (она божественна и потому совершенна), а только въ уничтоженiи того, что мѣшаетъ проявленію — грѣховъ.\n2) Видишь во снѣ, ч[то] совершаешь какую либо гадость, знаешь, ч[то] это гадость, и не можешь остановиться. Тоже и въ этой жизни: знаешь, ч[то] гадость, и не можешь освободиться, и все больше и больше просыпаешься.\n3) Только суевѣрія: 1) церковное, 2) государственное, 3) науки и искусства даютъ возможность праздно съ спокойной совѣстью жить.\n4) Всѣ почти техническія усовершенствован[iя] удовлетворяютъ либо эгоистич[ескимъ] стремленiямъ къ личному наслажденію, либо семейной, сословной, народной, государственной гордости (войны).\n5) Сновидѣнія совершенное подобіе жизни. Разница только въ томъ, что въ сновидѣніяхъ нѣтъ участія воли, усилія[317] души, и въ томъ, что сновидѣнія не такъ послѣдовательны (какъ говорить Паскаль), главное, не всѣ сразу видятъ одно и тоже. Подобны же тѣмъ, что какъ все то, что я познаю во снѣ, дано мнѣ моей способностью воспріятія впечатлѣній, такъ и все наяву дано мнѣ тою же способностью.\n6) Просительная молитва, если бы и б[ылъ] Богъ личны[й], безсмысленна п[отому], ч[то] все, ч[то] намъ нужно, дано намъ.\n7) Жизнь есть освобожденіе духа. Жизнь — зло, когда сознательно[318] живешь противно тому, что совершается въ жизни, и жизнь — благо, когда сознательно стремишься къ ея цѣли, теченію, закону.\n8) Въ газетѣ: «мнѣ говорятъ:[319] будь цѣломудренъ, а я говорю: если это не вредитъ моему здоровь[ю]». Какой ужасъ: во 1-хъ, нарушеніе цѣломудрія гораздо больше угрожаетъ здоровью, чѣмъ соблюдете его, а во 2-хъ, главное, здоровье и нравственный законъ — два несоизмѣримы[я] условія жизни.[320] Нарушать нравственный законъ для здоровья — все равно, какъ разламывать домъ, въ к[отор]омъ живешь, чтобы топить имъ.\n9) Для успѣшности усилія надо поступить такъ, какъ будто ты уже имѣешь тѣ чувства, к[отор]ыя желалъ бы имѣть.\n10) До тѣхъ поръ не заимствуй отъ другихъ отвѣты на вопросы, пока вопросы не возникли въ тебѣ самомъ.\n11) Смерть не есть освобожденіе, а прекращен[iе] процесса освобожденія.\n12) Умирая, надо дѣлать наибольшее усиліе для освобожденія души проявленіемъ любви: это — самое удобное время для освобожден[iя] души посредствомъ любви.\n13) Неслѣдованіе христ[iанскому] закону непротивленія есть источникъ всѣхъ бѣдствій людей христ[іанскаго] міра. Происходитъ это отъ того, что христіанство безъ закона непротивлен[iя] не есть религія, а самое грубое подобіе религіи (а безъ религіи не могутъ и никогда не жили люди). Подобіе это религіи съ икон[ами], причастіям[и], крещеніями, духовенствомъ — самое грубое и, кромѣ это[го], еще внутренн[о] разрушаемое тѣмъ евангеліемъ, к[отор]ое оно признаетъ.\n14) Люди всѣ стоятъ передъ великой тяжестью, к[отор]ую имъ нужно поднять. У каждаго въ рукахъ уже введенный подъ эту тяжесть рычагъ. И вотъ, вмѣсто того, чтобы налечь на рычагъ и, насколько есть силъ, содѣйствовать подъему тяжести, люди бросаютъ рычагъ, вскакиваютъ на тяжесть, своимъ вѣсомъ увеличивая ее, и, стоя на ней, цѣпляются за нее руками, стараясь поднять ее.\n15) Есть преданіе, ч[то] Апостолъ Іоаннъ въ глубокой старости говорилъ только четыре слова: «дѣти, любите другъ друга». Думали, что онъ впалъ въ дѣтство, а насколько важнѣе, несравнимо важнѣе только эти четыре слова всего, что теперь говорятъ, пишутъ и печатаютъ люди.\n16) Гаданіе и просительная молитва одно и тоже.\n17) Нѣтъ ничего хуже оглядыванія на свое приближеніе къ совершенству. Попробуй итти и думать о томъ, сколько осталось. Сейчасъ покажется трудно. Тоже и съ движеніемъ къ совершенству.\n18) Говорятъ: какъ же быть съ убійцами, грабителями? Вся трудность отвѣта отъ того, что предполагаются какіе-то особенные люди, обязанные и имѣющі[е] право противодействовать преступленіямъ. Какъ быть съ морозомъ, съ бурями? Никакъ: дѣлать свое дѣло, а не думать, что имѣешь средства остановить морозы, бури. Дѣлай свое дѣло. Исправляй своего преступник[а] — себя.\n19) Какое странное и вѣрное слово: что мужъ и жена (если они живутъ духовно) не двое, а одно существо.\n20) Все, представляющееся безконечнымъ, все иллюзорно. Дѣйствительно существуетъ только то, къ чему не можетъ быть применимо понятіе больша[го] и меньшаго.\n21) Неследованіе закону непротивленія пагубно тѣмъ, что уничтожаетъ ту одну религію, к[отор]ую исповедуютъ люди христіанска[го] міра.\n",
  "source" : "Полное собрание сочинений. Том 56."
}