{
  "id" : null,
  "date" : -2795972400000,
  "place" : "",
  "entry" : "26 Мая. За Ефима Еремычева 10 р. 25 коп. заплатить в больницу.\n————————————————————————————————————\nЛапотковские вернулись. Ушаков обещал.\n————————————————————————————————————\nСтранницы из Киева — ситцы рвали.\n————————————————————————————————————\nГоловеньской — продают нынче скотину за 57 р. недоимки.\n————————————————————————————————————\nПавел Беляев просится в Самару.\n————————————————————————————————————\nЕлисеев Сергей за вино.\n————————————————————————————————————\nСгорела баба.\n————————————————————————————————————\n",
  "source" : "Полное собрание сочинений. Том 49"
}