{
  "id" : null,
  "date" : -2796318000000,
  "place" : "есть то которое считает хорошим для себя и для всех",
  "entry" : "22 Мая. Продолжение разговора об условности добра. — Добро, про к[оторое] я говорю, есть то, к[оторое] считает хорошим для себя и для всех.\nГригорий Болхин, оборванная немецкая поддевка. Руки отваливаются от работы. Хлеба нет. Картошек нет. — 9 душ семьи. 10 лет бьюсь хлебом. Пудов 90 купляю. — Исполу посеял овес. — Колеса не возвращают, всё забывает становой. Статистическ[ие] сведения.\n————————————————————————————————————\nБаба из Скуратова. Муж за порубку 4 месяца в остроге. 4 детей — ни хлеба, ни картофеля.\n(Вчера) подвез пьяненькой бывший старшина, моложавый мужик, умный, гребенщик. Едут с ярманки. Гордится своим барином и знанием порядков.\n————————————————————————————————————\nВдова с Груманта просила лошади посеять огород. Картошек нет.\n————————————————————————————————————\n",
  "source" : "Полное собрание сочинений. Том 49"
}