{
  "id" : null,
  "date" : -2794071600000,
  "place" : "",
  "entry" : "17 Июня. Деревни Кучинки Чернопятовой. Анна Максимова — мальчик Алексей Макаров. Хозяин избил и оклеветал в покраже меди и железа.\n————————————————————————————————————\nХозяин в Дулиной улице, Зайцовской волости, Петр Алексеев.\n————————————————————————————————————\n",
  "source" : "Полное собрание сочинений. Том 49"
}