{
  "id" : null,
  "date" : -1946228400000,
  "place" : "",
  "entry" : "30 Апрѣля.\nСоціалисты дѣлаютъ, кромѣ всѣхъ другихъ ошибокъ, двѣ главныя, разрушающія всѣ ихъ доводы.\nПервая — въ предположеніи о томъ, что все сосредоточенное въ однихъ мѣстахъ машинное производство останется тоже при экономической свободѣ рабочихъ. Тогда какъ потребность по крайней мѣрѣ 9/10 всѣхъ предметовъ — защиты государства, изготовляемыхъ теперь ружей, пушекъ, крѣпостей, предметовъ роскоши, желѣзныхъ дорогъ и т. п. должна уничтожиться; такъ что и машинное, всегда тяжелое для людей производство, возникшее только при несвободѣ, произведшей капитализмъ, не только не будетъ расти, но уничтожится, и люди будутъ жить не кучами мучительно городской жизнью, а просторно, естественно и радостно на землѣ, и имъ не нужно будетъ капитала. Прогрессъ же техническій будетъ въ томъ, что будутъ придуманы облегченія производства безъ необходимости каторжной жизни. Вчера былъ убѣжденный рабочій соціалистъ. Я спросилъ, что онъ дѣлалъ на заводѣ. — Трубки для папиросныхъ гильзъ.\nВторая въ томъ, что при соціалистическомъ устройствѣ необходимы распорядители. Откуда возьмутъ такихъ людей, которые безъ злоупотребленій устроятъ посредствомъ насилія соціалистическій справедливый строй?\n",
  "source" : "Полное собрание сочинений. Том 56."
}