{
  "id" : null,
  "date" : -1930762800000,
  "place" : "Я  П",
  "entry" : "26 Окт. 1908. Я. П.\nПочти мѣсяцъ не писалъ. Все занятъ Кр[угомъ] Чт[енія]. Хочу назвать: «Ученіе жизни». И на душѣ оч[ень] хорошо, все ближе к смерти, встрѣчаемой, какъ все представляющееся въ будущемъ, какъ благо. Началъ худож[ественное]. Но едва ли нетолько напишу, но едва ли буду продолжать. Началъ тоже письмо Сербкѣ. Все хочется короче и яснѣ[е] выразить ошибку жизни христ[іанскихъ] народовъ. — Получилъ вчера книгу отъ Китайца. Заставляетъ думать. Много думается. Записать хочу пустяки.\n1) Получаю письма отъ юношей, въ дребезги разбивающія все мое міросозерцаніе. Прежде я досадова[лъ] на легкомысленную самоувѣренность и ограниченность, потомъ хотѣлось показать ему всю его глупость, теперь же почти не интересуетъ. Т. е. интересуетъ, пока я ищу, нѣтъ ли справедливаго упрека, но потомъ оставляю. Вѣдь только подумать о томъ, какъ въ моей семьѣ никакіе доводы, никакая близость, даже любовь не могутъ заставить людей перестать утверждать, что 2×2=5 ; какже хотѣть переубѣдить чужи[хъ], далекихъ людей? Какъ вчерашн[яго] соціалиста или озлобленнаго христіанина крестьянина. Да, великое слово Франциск[а] Асиз[скаго]: когда будетъ радость совершенна[я]. Да, много изъ моихъ послѣдователей берутъ изъ христіанства тольк[о] его отрицающую зло сторону. Истинное христіанство не сердится на нехристіанскіе поступки людей, а старается только самому не поступать не христіански — сердиться.\n2) Какое удивительное сумашествіе: убивать людей для ихъ блага!\n3) Какъ я прекрасно забылъ все прошедшее и освободился отъ мысл[и] о будущемъ. Да, начинаю въ этой жизни выходить изъ нея, изъ главна[го] условія ея: времени.\nБуду почаще писать, если буду живъ. Нѣсколько дней оч[ень] нездоровится. Изжога и слабость и зябкость. Слава Богу, не мѣшаетъ жить.\n",
  "source" : "Полное собрание сочинений. Том 56."
}