{
  "id" : null,
  "date" : -1956769200000,
  "place" : "Я  П",
  "entry" : "30 Дек. 1907. Я. П.\nДве недели не писал. Важнаго только то, что Гусева выпустили. Здесь Сережа с женой. Все продолжаю получать радостныя письма. Нынче очень хорошее письмо Молочникова к Столыпину. Написал об этом Олсуфьеву. Все занят Кр[угом] Чт[ения], и, слава Богу, все уясняется и уясняется. Второй раз поверяю отделы. Всех 31. И, кажется, не нарочно вышло 4 греха, 4 соблазна, 4 обмана. Вчера очень горячо — дурно спорил с Сер[ежей] о науке. Поразительна вера в о науку и полная аналогия ея с церковью. Записать надо:\n1) Нельзя себе представить другой жизни, кроме той, какая есть, т. е. нельзя представить себе[303] другого средства дарования безконечному количеству сущест[в] сознания блага, радости жизни.[304] А мы говорим: эта жизнь нехороша. Кто говорит? Говорить это личность, а ея-то и нет. А есть только одно Все, и каждая безпространственная и безвременная частица Его может сознавать себя и Все. И эта частица недовольна! (Все это или глубокое проникновение в сущность жизни или чепуха. Думаю, что первое.)\n2) Я не в духе, и от того нет любви к людям; a нет любви — и мне тяжело, и я еще больше не в духе.\n3)[305] Человеческому «я», поставленному в пространственный и временныя условия, кажется, что и пространство и время, с которыми оно связано, безконечны. Это показывает только то, что это «я» духовно. (Хорошо.)\n4) Деятельность жизни проявляется любовью. Увеличить в себе любовь человек не может, п[отому] ч[то] любовь есть сама сущность жизни. Человек может только уничтожать препятствия проявлению любви. И в этом жизнь человеческая, и на это должны быть направлены усилия человека.\n",
  "source" : "Полное собрание сочинений. Том 56."
}