{
  "id" : null,
  "date" : -3086881200000,
  "place" : "Я П ",
  "entry" : "7 Марта. [Я. П.] Камень пробивает воду, тонет. Вода мерзнет — часть вымерзает, делается легче, улетает, остальное связывается и держит камень. Ушло тепло, тело стало крепче, притяжение больше. Пар идет кверху. Ушло тепло, оно падает.\nОбратное.\nВращение земли происходит от разогревания двух сторон при движении земли вокруг солнца. Дв[ижение] вокруг солнца — от разогревания при движении солнца и т. д.\nЭлектричество есть тепло, отделенное, без материи. Оно стремится вниз. Нагретое вверх. —\n[173]Сила магнита увеличивается с его длиной. Они говорят, что сила отталкивания одноименных полюсов и притягивания разноименных уменьшается, как квадраты расстояний полюсов. —\nМагнитная сила, как и электрическая, есть различие температур полюсов, стремящихся[174] к уничтожению (различий). Положение полюсов всегда различно относительно солнца и потому тепла. (Соленоид показывает то же, что и магнит.) Электричество и магнетизм есть только освобожденное тепло. Тепло, не нарушающее положения частиц материи. Такое тепло есть тепло полюсное.[175]\n———————————————————————————————————\nТак электричество устанавливается с запада на восток по направлению движения земли. Это есть тепло двух согреваемых и остужаемых сфер. —\nМагнит — есть различие тепла полюсов на пути вокруг солнца. Электричество — различие тепла двух эмисфер при вращении.\nДвижение не есть противуположение покою. Покоя нет, как скоро есть движение. Движение всего в одном направлении есть покой.\nДвижение есть противуположение направлений движения. 10 верст в час и 30 верст в час в одном направлении, как мы говорим, — есть движение в противуположные направления с быстротою общею 20 верст в час, и движение одного с быстротой 15 верст, а другого 5 верст в час.\nВсякое тепло есть движение. Движение по двум противуположным направлениям. Если одна частица движется по одному, то другая движется параллельно с нею. Камень падает, воздух идет кверху, занимая пустоту.\nТепло солнца есть движение лучей, т. е. частиц плотнейших солнца, обратное движению частиц, легчайших к солнцу. —\nЭлектричество магнетизм.\nЗемля притягивается к солнцу. Земля плотнее солнца. Солнце больше массой. Плотные части солнца падают на землю, стремясь соединиться с частицами равной плотности земли. Менее плотные части солнца падают на землю и обратно — противудействие. Если бы частицы все были одной плотности, всё бы слилось. Но теперь происходят новые соединения и образуются новые отношения плотностей. Солнце притягивает материальной сетью соединений. —\n",
  "source" : "Полное собрание сочинений. Том 48"
}