{
  "id" : null,
  "date" : -2825607600000,
  "place" : "",
  "entry" : "17 Июня. За лесом туча сизая.\n18. И. На гору выезжена глубоко в глине дорога. Тихо. Карастель. Ржи по обе стороны тяну[тся]. Васильки. Лядвенец желтый по откосам.\n19. Лошадь ест на выгон[е], чолка на глаза. Сердито ест, от мух отряхается. —\nНа пчельнике, отсажает рой. Подметает. Пахнет кукушкой.\n",
  "source" : "Полное собрание сочинений. Том 48"
}