{
  "id" : null,
  "date" : -1979492400000,
  "place" : "Я  П",
  "entry" : "11 Апрѣля. 1907. Я. П\nТретій день испытываю какое-то новое, радостное чувство живаго сознанія своего духовнаго существа и вытекающее изъ него безстрашіе, спокойствіе, любовность и жизнерадостность.\n",
  "source" : "Полное собрание сочинений. Том 56."
}