{
  "id" : null,
  "date" : -1948042800000,
  "place" : "",
  "entry" : "9 Апрѣля.\n1) Знаю въ себѣ тотъ же X — силу жизни, которую знаю во всемъ и особенно ясно въ наиболѣе себѣ подобныхъ существахъ. Силу жизни эту называю Богъ. Могу, не сознавая эту силу, жить ею, могу сознавать и жить ею. Разница между этими двумя жизнями въ томъ, что при первой живу одной ограниченной, окруженной враждебными существами жизнью; при второй живу, кромѣ своей ограниченной, еще и жизнью всѣхъ однородныхъ, близкихъ существъ, все больше и больше сознавая и ихъ любовью.\n2) (къ статьѣ) Но вамъ-то, рабочему народу, нѣтъ никакой выгоды. Отчего же вы? А оттого, что у васъ нѣтъ вѣры. Отъ этого вы мучаете себя. Отъ этого вы слушаетесь. Вы освободитесь и освободите другихъ только тогда, когда будете поступать не для выгоды, не по зависти, не по злобѣ, а ради Бога, по совѣсти, ради добра, какъ поступали тѣ люди, о которыхъ я пишу.\n",
  "source" : "Полное собрание сочинений. Том 56."
}