{
  "id" : null,
  "date" : -3138289200000,
  "place" : "",
  "entry" : "21 Июля 1870.\nВсе теории философии (новой от Картезиуса) носят ошибку, состоящую в том, что признают одно сознание себя индивидуума (т[ак] н[азываемого] субъекта), тогда как сознание — именно сознание всего мира, т[ак] н[азываемого] объекта, так же несомненно. —\nЧеловек сознает себя, как весь мир, неиндивидуально, и сознает себя, как человека индивидуума. Из этого строится всё. Человек сознает больше или меньше всё или я, смотря по возрасту. И только один возраст (40—50 л.), когда он может помирить оба сознания.\nОт этого нельзя быть философом всю жизнь, а только одно время. Сказать, как понял, и замолкнуть.\n",
  "source" : "Полное собрание сочинений. Том 48"
}