{
  "id" : null,
  "date" : -2871658800000,
  "place" : "",
  "entry" : "1) на, 2) при, 3) за, 4) у, 5) с, 6) под, 7) от, 8) раз, 9) об, 10) вз, 11) до, 12) в, 13) из, 14) вы, 15) пере, 16) про, 17) по, 18) о. Вести подходит под всё.\n2) Однова, двою, трою и т. д.\n3) А есть бывает высока, то лестницу подставляю.\nА высоко бывало было,[408] подставлял лестницу.\nА буде высоко, подставлю лестн[ицу].\nА есть бывает спит, то не бужу.\nА спит[409] (бывало), я не будил. —\n— А будет[410] спит, я не разбужу.\nА имеет значение εἴ — ἀυ.\nНапр. Si je savais qu’il viendrait, je l’aurais attendu. A знай я, что он придет или что ему придти, я его[411] бывает подождал.\nJ'aurais voulu qu'il vienne. Нельзя[412]. Я хотел было <что ему придти> его встретить, увидать на приходе.\n4) Хорошо ты делаешь. Много ты смыслишь. Большой твой капитал. Велика свинье честь. Нужно тебе было. Обратный смысл, как только эпитет первым словом.\n5) Быть было в тебе ножу. Пропасть тебе как червю. Пропадать мне пришло. Пропасть было. Пропадать было. Пить до дна, не видать добра. Пить умереть. Особое время условное, будущее.\n6) Купивши ружье, рассмотрев, бросил.\n<Рассмотревши, купив, не бросил.\nБросивши, не купив, не рассмотрел.>\nСевши, задремав, заснул.\nКупивши (давнопр[ошедшее]), купив (прош[едшее]), покупая (наст[оящее]).\nВзявшись за гуж да поплевав в пясть[413] [1 неразобр.]затягивает.\n(Деепр[ичастие] настоящее без дополнения).\n7) А что он на меня клеплет, ей (вместо то) облыжно.\n8) А идти навстречу, спину знобит.[414] (Если время неизвестное.)\nА дожидаться их отъезду,[415] не опоздать бы.\nА сделать грех, навеки на сердце ляжет.\nJe serais allé à leur rencontre, mais j'ai froid au dos.\nSi j’attends leur départ, je crains d’attarder.\nSi je commets un crime, pour toujours je l'aurai sur le coeur.\n9) Много (y меня) хожено, видено, сижено, граблено, выпито Plusquamperf[ectum].\nА заехано, обвенчано, нагрешено-то.\n10) Ноне — даве — ходя, живя — часом. Нонче, давеча, ходячи, живучи...\n11) И велел ехать с осторожкой, и ты де чист приедешь.\n",
  "source" : "Полное собрание сочинений. Том 48"
}