{
  "id" : null,
  "date" : -3151162800000,
  "place" : "",
  "entry" : "1870. 22 Фев.\nЕсть два резко различные рода литературы: серьезный и несерьезный, или поэзия содержания и поэзия формы, или простой и не простой. В первом автор говорит своим языком, только настолько изменяя склад своей речи, насколько того требует предмет. Пушкин, Сервантес, Рабле и мн[огие] другие. Во втором автор говорит не своим языком, а каким-то особенным языком, который ему нравится или по своей возвышенности, или по комичности, или по оригинальности: Оды, Дикенс, Щедрин, Некрасов и мн[огие] др[угие]. —\nЧистота греческого искусства только в скульптуре. Аристофан. И это наши образцы. Культ.\n1871. 26[155] Nоября. Есть литература литературы — когда предмет литературы есть не сама жизнь, а литература жизни, и литература литературы 999/1000 всего пишущегося. Есть политика политики — когда предмет политики не есть государство, а прежняя современная политика, 999/1000 всей деятельности палат. Есть поэзия поэзии, и в музыке, и в живописи, и ваянии, и в письме, — когда предмет поэзии есть не жизнь, а прежняя поэзия, 999/1000 всего творящегося. Есть наука науки — когда предмет не есть жизнь, а прежние положения науки — Линней, Кювье, Дарвин. Есть или нет видов? Есть или нет понятия справедливости. Есть или нет тяготения? Есть философия философии, когда предмет не мысль, а системы. Первое легко и безгранично, второе трудно и редко. —\nЕстественные науки — это стремление найти общее в жизни внешнего мира с жизнью человека. Человек родится из оплодотв[оренного] яйца. Давай отыскивать яйцо в полипе и оплодотворение в папортнике. —\n",
  "source" : "Полное собрание сочинений. Том 48"
}