{
  "id" : null,
  "date" : -1936551600000,
  "place" : "",
  "entry" : "20 Августа.\n1) Вредно угождать тѣлу и потому, что оно никогда не довольно, а хочетъ все большаго и большаго, и потому, что чѣмъ больше служишь тѣлу, тѣмъ больше ослабляешь душу.\n2) Страдать можно только тѣломъ. Духъ не знаетъ страданій. Чѣмъ слабѣе духовная жизнь, тѣмъ сильнѣе страданія. Какая же ошибка жить для тѣла, а не для души.[457]\n",
  "source" : "Полное собрание сочинений. Том 56."
}