{
  "id" : null,
  "date" : -2016903600000,
  "place" : "Я  П",
  "entry" : "2 Феврал[я]. 1906. Я. П.\nЗдоровье порядочно, съ перерывами. Писалъ «За что?» Одинъ день порядочно, но все не могу кончить. Очень хочется Кругъ Чт[енія] для дѣтей и народа. Но все руки не доходятъ. Живу порядочно: не теряю отношенія къ Богу, т. е. вниманія къ себѣ независимо отъ людей и своихъ желаній. Записать надо:\n1) Чѣмъ тверже вѣра въ Бога, тѣмъ Богъ все болѣе и болѣе удаляется. Въ послѣднемъ представленіи Онъ только законъ. И тогда уже невозможно не вѣрить въ Него.\nЧиталъ нынче Канта Religion in Gränzen der blossen Vernunft. Очень хорошо, но напрасно онъ оправдываетъ, хотя и иносказательно, церковныя формы.\n2) Кантъ неправъ, говоря, что исполненіе обрядовъ, вѣра въ историч[ескія] преданія есть фетишизмъ и что это нѣчто совершенно противуположное разумной вѣрѣ въ нравственный законъ. Вѣра въ историч[ескія] преданія и въ необходимость обрядовъ есть таже вѣра въ законъ, но нравственный законъ понимается превратно. Кантъ правъ, противуполагая нравствен[ный] законъ обрядовому, но я хочу сказать, что тотъ, кто вѣритъ въ обряды и преданія, всетаки вѣритъ, хотя и ошибается, признаетъ нѣчто высшее, кромѣ животныхъ потребностей. Такъ что я подраздѣлилъ бы людей на три: 1) ни во что не вѣрующихъ, не видящихъ ничего внѣ доступнаго разсудку, 2) вѣрующихъ въ ложныя преданія и 3) вѣрующихъ въ законъ, сознанный ими въ своемъ сердцѣ.\nЧувашинъ, носящій за пазухой своего Бога и сѣкущій и мажущій его сметаной, всетаки выше того агностика, к[отор]ый не видитъ необходимости въ понятіи Бога.\n3) Людямъ кажется, что нельзя жить безъ правительства, но вѣдь также казалось, что нельзя жить безъ пытокъ, безъ рабовъ, безъ колдовства, гаданья. Тѣ, кто говорили, что не нужно пытокъ, рабовъ и др., не брали доказывать, что можно безъ нихъ жить, а просто говорили, что это дурно — противно и разумной и доброй природѣ человѣка. Тоже и съ правительством. Оно дурно, оно ужасное зло и матерьяльное и духовное. А зло не можетъ быть необходимо, чтобы безъ него не могло существовать человѣчество.\n————————————————————————————————————\n4) Кажется, уже не разъ выражалъ это. Но вчера съ особенной ясностью пришла мысль о томъ, что забота о себѣ, все вниманіе, направленное на себя, очень дурное, ужасное состоянie, когда я, на к[оторое] направлены забота и вниманіе, — я тѣлесное съ своими чувственными и умственными радостями. Но совсѣмъ не то, когда вся забота, все вниманіе направлены на я духовное, на я общее всему живому, когда вся заб[ота] и вним[аніе] направлены на то, чтобы совершенствовать это я, т. е. расширить его, слиться имъ съ Богомъ и со всѣмъ живущимъ. (Люби Бога и ближняго.) — Только служа этому я, возможно благо свое и всѣхъ людей.\n5) Познать Бога можно только исполненіемъ Его закона. («Дѣлайте то, что я говорю, и узнаете, правда ли это».) Чтобы познать Бога, надо слиться съ Нимъ. Чтобы слиться съ Нимъ, надо исполнять Его законъ.\n6) Нынче въ книгѣ Мыс[ли] Муд[рыхъ] людей у насъ съ Дорикомъ было о богатствѣ, что не можетъ войти богатый въ Ц[арство] Н[ебесное]. Какъ это просто и какъ несомнѣнно, и какъ все сказано въ этомъ. Это[785] надо хорошенько обдумать и уяснить.\n",
  "source" : "Полное собрание сочинений. Том 55"
}