{
  "id" : null,
  "date" : -1929466800000,
  "place" : "Я  П",
  "entry" : "10 Ноября 1908. Я. П.\nЗдоровье не дурно. Если не изжога. Нынче чувствую себя съ утра уныло. Стыдно. Все стыдно. Я люблю это. Началъ заниматься Кр[угомъ] Чт[енія], но сдѣлалъ мало. Сидѣлъ, раскладывалъ пасьянсъ и не то что думалъ, а ждалъ прохожденія черезъ себя — не могу иначе выразить — Бога. И чтожъ? Кажется, дождался. Не знаю, съумѣю ли выразить то, чего дождался, но для себя, для души было огромной радостной важности.\nОтвлекся чтеніемъ дневника и записываніемъ мысли въ Кр[угъ] Чт[енія] и забылъ не самую мысль, но потерялъ ту силу, съ к[оторой] понялъ ее. Всетаки пишу:\nДа, вотъ что: Всѣ пути человѣку заказаны, кромѣ одного — совершенствованія, увеличенія духовной силы, освобожденія отъ тѣла, приближенія къ Богу. Дѣло это, единственно разумное дѣло жизни, совершается только[470] въ моментѣ настоящаго. Прошедшее не существуетъ, оно также, какъ и всѣ отношенія съ міромъ, суть только[471] матерьялъ совершенствованія.[472] Будущее же никакъ не бери цѣлью своей дѣятельности (Это — то главное, что я живо понялъ нынче). Будущаго — представленія того, что будетъ, не должно быть для разумно живущаго человѣка. Есть только настоящее, въ к[отор]омъ я могу совершать свойственное мнѣ дѣло жизни. Тоже, что выйдетъ изъ этого, мнѣ не дано знать; не дано знать, что выйдетъ для міра (а люди думаютъ, что они могутъ знать это, и этимъ руководствуются. Въ этомъ главная причина злой жизни людей), не дано знать и то, что выйдетъ для моей души. Такъ что дѣлаться лучше, жить доброй жизнью ни для чего — по нашему взгляду — не нужно. И какъ это хорошо. Только тогда истинная радость добра, когда ничего за это не получается.\nПришла было мысль, что добр[ой] жизнью приготавл[и]вается душа для другой, лучшей жизни за гробо[мъ]. Но это не то. Ничего не будетъ. Все есть. Если живешь добро, сейчасъ есть все то благо, какого можешь желать. А какая свобода и сила, когда вся жизнь въ одномъ настоящемъ.\n—————————————————————————————————\nЗаписалъ, но совсѣмъ не то. Нѣтъ 1/10000 той силы и радости, когда мнѣ открылось.\n2) Все больше и больше сознаю, позн[аю] невозможность жизни во имя будуща[го]. Нельзя устраивать государства, нельзя свою семью, нельзя СЕБЯ. Что будетъ, предоставь Ему, а самъ жив[и] въ томъ, что есть, стараясь дѣлать то, ч[то] хотѣли всегда всѣ люди и чему учили и что одно ты можешь безпрепятственно дѣлать, чего одного тебѣ истинно хочется и что одно даетъ тебѣ истинное счастье: становиться лучше и лучше, любовнѣе и любовнѣе.\n",
  "source" : "Полное собрание сочинений. Том 56."
}