{
  "id" : null,
  "date" : -2798305200000,
  "place" : "",
  "entry" : "29 Апреля. 15-летний мальчик бьет камень. Школа Пет[ра] Ва[сильевича]. Маленький Хохлов читает и рассказывает. Вдова Якова Матвеева. Марка 60 к.\nДва Семирновских мужика просить денег на посев. — Один сладко улыбающийся, другой — новый, бледный, дикой — как волк. Дмитр[ий] Фед[орович] на крестины — 3 р.\n————————————————————————————————————\nБаба Бабуринская, Масей, 13 р[ублей] в росту.\n————————————————————————————————————\n",
  "source" : "Полное собрание сочинений. Том 49"
}