{
  "id" : null,
  "date" : -1940180400000,
  "place" : "",
  "entry" : "Думаю написать ей письмо. Недобраго чувства, слава Богу — нѣтъ. Одно все мучительнѣе и мучительнѣе: неправда безумной роскоши среди недолжной нищеты, нужды, среди которыхъ я живу. Все дѣлается хуже и хуже, тяжелѣе и тяжелѣе. Не могу забыть, не видѣть.\nВсѣ пишутъ мою біографію — да и всѣ біографіи — о моемъ отношеніи къ 7-ой заповѣди ничего не будетъ. Не будетъ вся ужасная грязь рукоблудія и хуже, съ 13, 14 лѣтъ и до 15, 16 (не помню, когда начался развратъ въ распутныхъ домахъ). И такъ до связи съ крестьянкой Акс. — она жива. Потомъ женитьба, въ которой опять, хотя я и ни разу не измѣнилъ женѣ, похоть по отношенію жены скверная, преступная. Этого ничего не будетъ и не бываетъ въ біографіяхъ. А это очень важно, и очень важно какъ наиболѣе сознаваемый мной, по крайней мѣрѣ, порокъ, болѣе другихъ заставляющій опомниться.\n",
  "source" : "Полное собрание сочинений. Том 56."
}