{
  "id" : null,
  "date" : -1941994800000,
  "place" : "Я  П",
  "entry" : "18 Іюня 1908. Я. П.\n1) Плохо, когда нравственное[415] добро[416] ставится цѣлью[417] для доcтиженія какихъ бы то ни было внѣшнихъ[418] условій, положеній. Отъ этого главныя бѣдствія людей: ложь религіозна[я],[419] ложь государственная, революціонная....[420]\n",
  "source" : "Полное собрание сочинений. Том 56."
}