{
  "id" : null,
  "date" : -2794935600000,
  "place" : "Бузов",
  "entry" : "[7 июня.] 7. — Дворянин Бузов — семья, просит места на заводе. Если бы я выговаривал хорошо, то у меня и слог бы был.\n————————————————————————————————————\nДеменской мужик Кузьмин, брат в солдатах. Сам 11, один работник, худой, тонкий, черты неприятные — пухлые. «По два дня не едим».\n————————————————————————————————————\nВасилий Макар[ов] сошек и слег просит.\n————————————————————————————————————\n",
  "source" : "Полное собрание сочинений. Том 49"
}