{
  "id" : null,
  "date" : -1972494000000,
  "place" : "",
  "entry" : "Спалъ хорошо, такж[е] слабъ. Писалъ немного Кр[угъ] Чт[енія]. Ходилъ купаться. Промокъ. Недоволенъ Кр[угом] Чт[енія]. Хочу писать жизнь. Это одн[о], то, что пер[е]жито, несомн[ѣ]нно. Уѣхалъ Душ[анъ]. Пріѣхалъ Арц[имовичъ]. Письмо Андрея.\n",
  "source" : "Полное собрание сочинений. Том 56."
}