{
  "id" : null,
  "date" : -2705684400000,
  "place" : "Очень дурно",
  "entry" : "[24 марта/5 апреля.] Утро как всегда. Поправлял перевод. Чтение подняло меня. Мне нужно читать и это, свое. И еще нужнее из этого выбрать существенное для себя и для всех, как и говорит Чертков. Приехал Ге. Едет в Петербург выручать племянницу. Он ушел еще дальше на добром пути. Прекрасный человек. Сын его интересен. Боюсь гордости молодости. Велел подать завтрак, а не сам принес и разбудил Корнея (1). Очень дурно. Пошел походить. Посидел с ними. Шил башмаки. Пошел к Олсуфьевым. Усов там. Был болтлив, но много спокойнее прежнего — (2). Мужик с сахарной болезнью, поручил Ге. Два раза с женой начинал говорить — нельзя. Письмо прекрасное от Черткова.\n",
  "source" : "Полное собрание сочинений. Том 49"
}