{
  "id" : null,
  "date" : -2036689200000,
  "place" : "Я  П",
  "entry" : "18 Іюня 1905. Я. П.\nБольше недѣли чувствую себя физически очень дурно: желудокъ, кишки. Написалъ только вступленіе къ Вел[икому] Гр[ѣху] и нѣсколько ничтожн[ыхъ] писемъ. Записать надо нѣсколько, кажущихся мнѣ важными, вещей.\n1) (Къ Силоамск[ой] башнѣ). Это разгромъ не русскаго войска и флота, не русск[аго] государства, но разгромъ всей лже-христіанской цивилизаціи. Чувствую, сознаю и понимаю это съ величайшей ясностью. Какъ бы хорошо б[ыло] съумѣть ясно и сильно выразить это. —\nРазгромъ этотъ начался давно: въ[655] борьбѣ[656] денежной, въ борьбѣ успѣха въ такъ называемой научной и художественной дѣятельности, въ к[оторой] евреи не христіане побили всѣхъ христіанъ во всѣхъ государствахъ и вызвали къ себѣ всеобщую зависть и ненависть. Теперь это самое сдѣлали въ военномъ дѣлѣ, въ дѣлѣ грубой силы Японцы, показавъ самымъ очевиднымъ образомъ то, къ чему не должны стремиться христіане, въ чемъ они никогда не успѣютъ, въ чемъ всегда будутъ побѣждены нехристіанами: въ праздномъ знаніи томъ, что называется наукой, въ доставляющихъ удовольствіе забавахъ, «pflichtloser Genuss»,[657] и въ средствахъ насилія. — Исторія совершаетъ обученіе христіанъ отрицательнымъ путемъ: показываешь имъ, чего они не должны дѣлать, на что не должны устремлять свои силы.\n2) Движеніе религіозное къ большему свѣту — правдѣ и добру[658] есть результатъ всѣхъ сложныхъ дѣятельностей людскихъ: и экономич[еской], и политич[еской], и худож[ественной], и научной. Сложная, огромная работа совершается только для того, чтобы произвести очень небольшой шагъ въ религіозномъ сознаніи. Подобно тому, какъ для передвиженія великой тяжести работаютъ сложныя колеса, рычаги, пробѣгая тысячи саженъ въ своемъ вращеніи для того, чтобы на дюймъ подвинуть тяжесть.\n3) Иногда и все чаще бываетъ время, что желаешь смерти. Это дурно. Желать смерти — явное неповиновеніе Богу. Уже потому нельзя желать смерти, что вся твоя жизнь, мож[етъ] быть, была нужна для того часа, к[оторый] долженъ былъ наступить, а ты лишилъ себя этого часа.\n4) Читалъ записки сектанта Мироненка. Очень даровитый и религіозный человѣкъ. Прекрасны сравненія, прекрасное пониманіе и примѣненіе текстовъ Св[ященнаго] писанія. Но тутъ же я замѣтилъ, какъ опасно говорить о религіозн[ыхъ] предметахъ образно, сравненіями, въ связи съ текстами, приподнято и неясно.\nДля обсужденія и выраженія религіозн[ыхъ] предмето[въ] нужно еще больше точности, чѣмъ въ математикѣ.\n5) Записано такъ: Жизнь своимъ общеніемъ увеличиваетъ внутреннее содержаніе духовнаго существа. Въ этомъ расширеніе. Надо же сказать такъ: чѣмъ больше раскрывается свое существо, жизнь, тѣмъ больше общенія съ существами міра. (Не важно и не ясно.)\n6) Записано: радоваться только на увеличенiе мудрости и любви и радость жизни. Не понимаю, не помню. Жалко.\n7) Т[акъ] к[акъ] я — отдѣленное существо, то не могу видѣть, чувствовать, сознавать Всего. (Не вышло.).\n8) (Очень важное, нужное, радостное). Меня долго смущала мысль о томъ, что желаніе любви людей, существъ, даже будущихъ людей такъ сильно, естественно, такъ кажется хорошо, даетъ такъ много хорошихъ, чистыхъ радостей, что, казалось бы, должно быть хорошо, а между тѣмъ высшее состояніе духовнаго человѣка — то, когда онъ живетъ только для Бога, не заботясь о славѣ людской, презирая ее. И вотъ разъясненіе этого противорѣчія открылось мнѣ. Вѣдь всѣ существа, люди, живущіе теперь и имѣющіе жить послѣ, вѣдь все это — проявленія Бога, это — Богъ въ[659] одномъ изъ тѣхъ состояній, въ к[оторыхъ] онъ доступенъ мнѣ. И потому искать любви существъ, людей современныхъ и будущихъ, не противно, но согласно съ желаніемъ служить Богу, исполнять Его волю. Дѣло только въ томъ, чтобы желать, искать любви духовной, а не животной.\n9) Есть два сознанія: сознаніе животное, отдѣляющее, и сознаніе духовное, соединяющее. Въ первомъ несвободенъ, во второмъ не можетъ быть вопроса о свободѣ. Нельзя сказать, что въ первомъ несвободенъ,[660] п[отому] ч[то], если я скажу, что несвободенъ въ животномъ, чувствующемъ свое отдѣленіе существѣ, то какъ же я назову то состояніе, въ к[оторомъ] я, человѣкъ, существо, не чувствуетъ своего отдѣленія, какъ это происходитъ въ младенцѣ, въ утробномъ плодѣ? Такъ что если я назову человѣка свободнымъ вполнѣ при сознаніи духовномъ, я не могу не признать извѣстной степени свободы въ существѣ животномъ, сознающемъ свое отдѣленіе. Такъ что, очевидно, есть степени свободы. И, строго говоря, нельзя признать полной свободы и въ[661] человѣкѣ при духовномъ сознаніи.\nСвобода, какъ и жизнь, есть бòльшая или меньшая. И какъ жизнь идетъ, увеличиваясь, расширяясь, такъ и свобода.\n",
  "source" : "Полное собрание сочинений. Том 55"
}