{
  "id" : null,
  "date" : -1942858800000,
  "place" : "",
  "entry" : "19 Іюня 08.\nПоловину ночи не могъ спать — отъ головной боли. Боль эта быстро усиливается. Не она ли приведетъ къ концу. Что же,[421] это хорошо. Стараюсь, когда слабъ, какъ нынче, также хорошо, спокойно, даже радостно думать о смерти, какъ думаю, когда силенъ и бодръ. Вчера Булыгинъ разсказыва[лъ] странную и трогательн[ую] исторію съ сыномъ. Кончилъ Герцена. Сейчасъ вдругъ кольнуло голову такъ, что сморщился. О насил[іи] написанное плохо.\n",
  "source" : "Полное собрание сочинений. Том 56."
}