{
  "id" : null,
  "date" : -2799342000000,
  "place" : "Я  П  ",
  "entry" : "[Я. П.] 81. 17 Апреля. Разговор с Сережей о непротивлении злу.\nСтранник Полтавской губ., родом из Тобольской. Высокий, длинноволосый, красивый старик. Всё с ним есть: ножик, ножницы, крючки, иглы, чай березовый, кирпичный. Рассказы о том, как ходил с мелким товаром. По 6 пудов 100 вер[ст] носил. 16 душ похоронил. Секли за сына, 60 розог. Ему 62 года. До 57 лет можно сечь. В конторе по 3 р. за розгу, в деревне по 5. — Правды нет. — Каторжным в сенях молоко, пирог, хар[ч]. Зимой в баню.\n18 Ап. Уничтожить университеты, т. е. всё свежее, правдивое и образованное.\nСобаки заели овцу. Одна издохла, ягнята пали. Эту заели — плачет.\nКонстант[ина] родила жена девченку. Крестить в церкви дешевле. Дьякона не поить. Об богоносах. В грязь вымазался. Смешлив, держится и фыркает. Кормил скотину, в Кочаки набирает, доволен. Хлеб дошел. Не тужу. Лошадь дали, доволен, счастлив.\n——————————————————————————————————\nАл[ександр] Козлов. В Самару ехать. Главное дело полегче работу. Дома еще ничего, а в людях по неволе трудно. Мать соборовали. Похороны вперед расчитывает на 8 р. —\n——————————————————————————————————\nМ[ат]в[ей] Егоров. Как заговорит о сыне, плачет. Внучек похужал. Кто хор[ош]? кто мил? Кто хоз[яин?] И перестал говорить я. Сноха сбивает 2-го сына. Я в кухарках, ты в кучерах. —\n————————————————————————————————————\nЩекинский мужик. Чахотка. Чох с кровью, пот. Уже 20 лет кровь бросает. Гречиху косил, тянулся за мужиками. Родники. Рубаха мокрая. Пьет, что из носу потечет.\nНад женой подшучено. Порчь. Кричит. Облокотами на печку, зимой. Сестре надо пахать [?].[45] Пашу, борозд 5 пройду, отдыхаю. Кошу. Кабы Бог прибрал, и к стороне.\nА не верит, что умрет.\n————————————————————————————————————\nЕгора безрукого сноха. Приходила на лошадь просить. Ваша рука легкая. Старшина 20 к., лавочник солонины дал.\n————————————————————————————————————\nПосле обеда Онисим. В мешочке борода. Что делать? Простить? Как вы скажете. Ссора вышла из-за воды. Иван прорыл канаву, спускал на двор к Он[исиму]. Потом в сарай пустил. — Яшуткин малый внук стал перечить. Лопату сломал. Старик вышел: «тебя то мне и надо». Скуло болит, всю неделю хлеба не ел.\n————————————————————————————————————\n19 Газеты. Поселяне, трудитесь, воздерживайтесь, покоряйтесь начальству. — В Гатчине принимал барабанщ[иков], литаврщиков, горнистов. Мундиры переменить.\n19 Ап. Приходили бабур[инские] — на подати, — у меня нет денег, отказал.\nДва странника — солдаты.\nВсе пропащие люди — солдаты или калеки. —\nЩекинский мужик, жестокий, робкий, откровенный, низенький, просил денег — отказал.\nБабур[инский] мужик с мальчиком. Пьяный мужик затесывал вязок, разрубил нос. Лечили в больнице 22 дня, залежал 5 р. 50 к. Не мог отдать. «Пойдем в полицейское управление». — Пошел, ввели в комнату, заперли: «Когда принесешь, тогда выпустим». Хлебушка оставил. — Саламасовской Никита, просил вообще на бедность, дал 3 р.\n————————————————————————————————————\n",
  "source" : "Полное собрание сочинений. Том 49"
}