{
  "id" : null,
  "date" : -1980010800000,
  "place" : "Я  П",
  "entry" : "5 Апрѣля 1907. Я. П.\nНе писалъ больше полмѣся[ца]. Жилъ за это время порядочно. Былъ сильный насморкъ, и теперь чувствую себя очень слабымъ. Дѣтскіе уроки и приготовленіе къ нимъ поглощаетъ меня всего. Замѣчаю ослабленіе силъ и физическихъ и умственныхъ, но обратно пропорціональ[но] нравственнымъ. Хочется многое писать. Но многое уже навсегда оставилъ неоконченнымъ и даже не начатымъ. Записать: Едва ли успѣю нынче.\n1) Разсказъ о заваленныхъ въ шахтѣ двухъ врагахъ.\n2) Просительная молитва, хотя и ложная по своей цѣли, все-таки[90] — польза для души, всетаки это — признаніе своей зависимости отъ Бога. Ошибка въ томъ, что безвременное настоящее переносится въ будущее, духовное — въ тѣлесное.\n3) Кролики размножаются и борются, а люди совершенствуются и потому не нуждаются въ борьбѣ.\n4) Какъ вся вода вытечетъ изъ ведра, если въ немъ будетъ хоть одна дырочка, такъ и всѣ радости жизни (любви) не удержатся въ душѣ человѣка, если въ немъ будетъ нелюбовь хоть къ одному человѣку.\n5) Написать жизнь человѣка, прожившаго всѣ три искушенія Христа въ пустынѣ.\n6) Что такое часы? Я говорю, что моя жизнь есть постепенное раскрытіе моего духовнаго неподвижнаго существа. Что же такое часы? Написано такъ: «Я сдѣлалъ себѣ тотъ же самый обманъ движенія, подъ к[оторымъ] я нахожусь». Эт[о] не то. Не умѣю отвѣтить.\n7) Для того, чтобы не дѣлать ближнему своему дурнаго — любить его, нужно пріучать себя не говорить ни ему, ни о немъ дурного; а для того, чтобы пріучить себя къ этому, надо пріучить себя не думать о немъ дурного. Это можно. И тогда только можно не дѣлать дурнаго человѣку — любить его.\n8) Со мной бываетъ, что когда я люблю кого нибудь — такъ это б[ыло] недавно съ мальчикомъ Колей — я не то что вижу, а чувствую его улыбку и чувствую себя имъ. Это особенно часто бываетъ, когда жалѣешь. Это подтверждаетъ то, что Богъ одинъ въ насъ во всѣхъ, и онъ есть любовь.\n9) Память не есть ли сознаніе (прозрѣні[е] духа) прошедшаго, а разумъ — сознаніе (прозрѣніе духа) будущаго.\n10) Вся разница между человѣкомъ и животнымъ та, что человѣкъ знаетъ, что онъ умретъ, а животное не знаетъ. Разница огромная.\n11) Благотворительница довольна собой, что она сжалилась и дала бѣдной. A бѣдна[я] только о томъ думаетъ и тѣмъ довольн[а] и хвалится, что она хорошо умѣетъ выпрашивать. «Отъ меня не отвертится».\n12) Есть память своя личная, что я самъ пережилъ; есть память рода — что пережили предки и что во мнѣ выражается характеромъ; есть память всемірная, божія — нравственная память того, что я знаю отъ Нача[ла], отъ к[отораго] изшелъ.\nСейчасъ написалъ письма Попову, Черткову, Сапожнику — и все очистилъ, даже отографы.\n13) Думаю о томъ, какъ распредѣлить мысли для нравственнаго ученія дѣтс[каго], и вижу, что въ духовной области нѣтъ перваго, втораго, третьяго, нѣтъ болѣе или менѣе важнаго. Все одинаково важно и все — первое. (Евангельскіе работники, наняты[е] въ разные часы дня).\n14) Особенно живо чувствую (чувствовалъ) радость, спокойствіе, блаженство состоянія любви ко всѣмъ. Только въ такомъ состояніи все хорошо и въ жизни и въ смерти. Хоть рѣдко, но испытываю это.\n15) Насмѣшка, особенно умная, представляетъ насмѣхающагося выше того, надъ чѣмъ онъ смѣется; а больше[й] частью (всегда даже) насмѣшка есть вѣрный признакъ непониманія человѣкомъ того предмета, надъ к[оторымъ] онъ смѣется.\n16) Мы думаемъ, говоримъ даже: отчего Богъ не сказалъ намъ словами, чего онъ отъ насъ хочетъ? Но мы забываемъ то, что только наша слабость говоритъ неточными, недостаточными, односторонними словами. А что у Бога есть другой языкъ, другое средство передачи своей воли. Средство это — вся жизнь внѣшняго міра и то, что вложено въ нашу душу.\n17) Жизнь раскрывается. Ну, а ты-то что же при этомъ? Можешь или не можешь содѣйствовать этому раскрытію?\nМожешь тѣмъ, чтобы соблюдать свою неподвижность — не двигаться вмѣстѣ съ тѣмъ, что закрываетъ тебя. Двигаясь, ты остаешься неподвиженъ. Удерживая свою неподвижность, ты двигаешься.\n18) Для того, чтобы простить, надо забыть, желать забыть то, за что прощаешь, и начинать отношенія сначала.\n19) Только теперь начинаю жить настоящей жизнью. Только теперь начинаю бояться однаго судьи и руководиться Его судомъ.\n20) Читалъ письмо Вериг[ина] и подума[лъ] объ ужасномъ вредѣ осужденія. Да, лучш[е] 100 разъ ошибиться, считая дурнаго за хорошаго, чѣмъ одинъ разъ разлюбить одн[ого].\nОчень слабымъ чувствую себя.\n",
  "source" : "Полное собрание сочинений. Том 56."
}