{
  "id" : null,
  "date" : -1942686000000,
  "place" : "",
  "entry" : "Нѣсколько дней б[ылъ] слабъ, а нынче хорошо выспался и писалъ о Молочник[овѣ] и приговорѣ. Кажется, не дурно. Началъ письмо къ Индусу, да запнулся. Ч[ертковъ] прекрасно поправилъ. Кажется, кончено. Отдалъ переписывать большую статью. Здѣсь два Сережи, Гр[афиня] Зубова. Есть хорошія письм[а] и люди хорошіе: Картушинъ. Записать:\n1) Нынче утромъ обхожу садъ и, какъ всегда, вспоминаю о матери, о «маменькѣ», к[отор]ую я совсѣмъ не помню, но которая] осталась для меня святымъ идеаломъ. Никогда дурнаго о ней не слышалъ. И идя по березовой аллеѣ, подходя къ орѣховой, увидѣлъ слѣдокъ по грязи женской ноги, подумалъ о ней, объ ея тѣлѣ. И представленіе объ ея тѣлѣ не входило въ меня. Тѣлесное вс[е] оскверняло бы ее. Какое хорошее къ ней чувство! Какъ бы я хотѣлъ такое же чувство имѣть ко всѣмъ: и къ женщинамъ и къ мущинамъ. И можно. Хорошо бы,[410] имѣя дѣло съ людьми, думать такъ о нихъ, чувствовать такъ къ нимъ. Можно. Попытаюсь.\n",
  "source" : "Полное собрание сочинений. Том 56."
}