{
  "id" : null,
  "date" : -3147534000000,
  "place" : "",
  "entry" : "5 Апреля. История хочет описать жизнь народа — миллионов людей. Но тот, кто не только сам описывал даже жизнь одного человека, но хотя бы понял период жизни не только народа, но человека, из описания, тот знает, как много для этого нужно.\nНужно знание всех подробностей жизни, нужно искусство — дар художественности, нужна любовь. Кроме того, при величайшем искусстве нужно много и много написать, чтобы вполне мы поняли одного человека. Как же в 400-х печатных листах (самое многотомное историческое сочинение) описать жизнь 20 миллионов людей в продолжение 1 000 лет, т. е. 20.000.000 × 1000? Не придется буквы на описание года жизни человека.\nНо и это не вся еще беда.\nИскусства нет и не нужно, говорят, нужна наука.\nНе только подробностей всех о человеке нет, но из миллионов людей об одном есть несколько недостоверных строчек, и то противуречивых.\nЛюбви нет и не нужно, говорят. Напротив, нужно доказывать прогресс, что прежде всё было хуже.\nКак же тут быть? А надо писать историю. Такие истории писали и пишут, а такие истории называются: — наука.\nКак же тут быть?!\nОстается одно: в необъятной, неизмеримой скале явлений прошедшей жизни не останавливаться ни на чем, а от тех редких, на необъятном пространстве отстоящих друг от друга памятниках — вехах протягивать искусственным, ничего не выражающим языком воздушные, воображаемые линии, не прерывающиеся и на вехах.\nНа это дело тоже нужно искусство. Но искусство это состоит только во внешнем: в употреблении бесцветного языка и в сглаживании тех различий, к[оторые] существуют между живыми памятниками и своими вымыслами. Надо уничтожить живость редких памятников, доведя их до безличности своих предположений. Чтобы всё было ровно и гладко, и чтобы никто не заметил, что под этой гладью ничего нет. —\nЧто делать истории?\nБыть добросовестной.\nБраться описывать то, что она может описать, и то, что она знает — знает посредством искусства. Ибо история, долженствующая говорить необъятное, есть высшее искусство. —\nКак всякое искуство, первым условием истории должна быть ясность, простота, утвердительность, а не предположительность. Но зато история-искусство не имеет той связанности и невыполнимой цели, к[оторую] имеет история-наука. Ист[ория]-иск[усство], как и всякое искуство, идет не в ширь, а в глубь, и предмет ее может быть описание жизни всей Европы и описание месяца жизни одного мужика в XVI веке.\n",
  "source" : "Полное собрание сочинений. Том 48"
}