{
  "id" : null,
  "date" : -2791998000000,
  "place" : "Я  П ",
  "entry" : "[Я. П.] 11 Июля. Приехал домой: дворянин белесый, пальто без пуговиц.\nДве бабы солдатки Деменские. Одна весело просит на хлеб 5 детям и хворосту.\n————————————————————————————————————\nСоня в припадке. Я перенес лучше, но еще плохо. Надо понимать, что ей дурно, и жалеть, но нельзя не отворачиваться от зла. —\nС Таней разговор о воспитаньи занял до утра. — Они не люди.\n————————————————————————————————————\nМолочная сестра Авдотья боится войти. Ничего не хочет. Губернатора всё хочет, чтоб я заместил. 800 р. в месяц. —\n————————————————————————————————————\nМатв[ея] Егорова сноха — вдова в печальном платке, плачет. Ее избили.\n————————————————————————————————————\nСтепан Матросов взаймы 15. —\n————————————————————————————————————\nВ лесу Сергей Рез[унов] с снохой едут в чащу накосить травки. Жалуется на сына и 20 пудов купил.\n",
  "source" : "Полное собрание сочинений. Том 49"
}