{
  "id" : null,
  "date" : -2789492400000,
  "place" : "",
  "entry" : "9 Августа. Сережа уехал. Еремей Ив[анович] с женою и сватом. — Поездка в Покровку. Мужик с возом, спрашивает: как думашь — пудов на 10 будет? — «В три версты кладено». Для него никого нет, кроме мужиков и хлебосевцев — целовальник в том числе.\n",
  "source" : "Полное собрание сочинений. Том 49"
}