{
  "id" : null,
  "date" : -2704215600000,
  "place" : "",
  "entry" : "[10/22 апреля.] Поздно. Даже не помню утра, — так оно неважно. Да, утром зашел узнать адрес. За обедом Кислинский. После обеда ушел к Армфельд. На Петровке почувствовал страшную слабость. Это смерть и дурная. — Вспомнил. Я писал письмо Черткову, и пришел Третьяков. Он спрашивал о значении искусства, о милостыне, о свободе женщин. Ему трудно понимать. Всё у него узко, но честно. Я спрашивал его о многом, но не спорил о главном, о его вере. Она всё определила бы. У нас катали яйца, пошел за адресом к Дмохов[ской]. Обедали, потом к Армфельд. У ней сидел, как шальной, от слабости. Дома Ан[на] Мих[айловна], Страхов, Кисл[инский]. Разговор Стр[ахова] интересный. Я его понял. — Читал до 4 процесс Армфельд. Понял я тоже, что деятельность революционеров воображаемая, внешняя — книжками, прокламациями, к[оторые] не могут поднять. — И деятельность законная. Если бы ей не препятствовали, в ней не было бы вреда. Им задержали эту деятельность — явились бомбы.\n",
  "source" : "Полное собрание сочинений. Том 49"
}