{
  "id" : null,
  "date" : -1956596400000,
  "place" : "",
  "entry" : "7) Определяя матерію, міръ, движенi[е] и ихъ соотношенія, они даютъ гораздо болѣе непонятныхъ утвержденi[й], чѣмъ понятія: душа, духъ, Богъ.\n8) Къ Kp[угу] Чт[енія]. Исключительныхъ привязанностей не можетъ не быть, но грѣхъ въ томъ, чтобы нетолько оправдывать ихъ, но возводить въ достоинство.[310]\n9) Въ первый разъ съ необыкновен[н]ой, новой ясностью созналъ свою духовность: мнѣ нездоровится, чувствую слабость тѣла, и такъ просто, ясно, легко представляется освобожденіе отъ тѣла, — не смерть, a освобожденіе отъ тѣла; такъ [ясна] стала неистребимость того, что есть истинный «я», что оно, это «я», только одно дѣйствительно существуетъ, а если существуешь, то и не можетъ уничтожиться, какъ то, что, какъ тѣло, не имѣетъ дѣйствительнаго существованія. И такъ стало твердо, радостно! Такъ ясна стала бренность, иллюзорность тѣла, к[отор]ое только кажется.\nНеужели это новое душевное состояніе — шагъ впередъ къ освобожденію? Дума[ю], что да, п[отому] ч[то] сейчасъ позвалъ Ивана и что-то особенно радостное, близкое почувствовалъ въ общеніи съ нимъ. Дай Богъ, дай Богъ. Какъ будто почувствова[лъ] освобожденіе того, что одно есть: ЛЮБВИ. Ахъ, кабы такъ осталось до смерти и такъ бы передалось людямъ братьямъ!\n10) Грѣхъ это — то отклоненіе отъ жизн[и] духа, кот[орое] неизбѣжно совершается въ жизни человеческо[й] и уменьшать и исправлять к[отор]ое составляетъ задачу, смыслъ и радость жизни человеческ[ой].[311]\n11) То, что жизнь только въ усил[іи] нравственномъ, видно изъ того, что во снѣ не можешь сделать нравств[еннаго] усилія и совершаешь самые ужасные поступки.\n12) Жизнь людей безъ нравственного усилія — не жизнь, а сонъ.\n13) У меня выбита рука, я слежу за ея выздоровленіемъ. Но вотъ она справилась, и мне чего-то недостаетъ. Не за чѣмъ слѣдить. A вѣдь вся жизнь[312] есть такое слѣженіе за[313] ростомъ: то мускуло[въ], то богатства, то славы. Настоящая же жизнь есть ростъ нравственный, и радость жизни есть слѣженіе за этимъ ростомъ. Какое же ребяческое, недомысленное представленіе — рай, гдѣ люди совершенны и потому[314] не растутъ, стало быть не живутъ.\n14) Люди много разъ придумыва[ли] жизнь лучше той, какая есть, но, кромѣ глупаго рая, ничего не могли выдумать.\n15) Казалось бы, какъ легко по своему эгоизму понять эгоизмъ другихъ. Но мы никогда хорошенько не понимаемъ этого, а если и понимаемъ, то не помнимъ.\n16) Государст[венное] устройство не[315] измѣнится до тѣхъ поръ, пока люди не будутъ готовы лучше умереть, чѣмъ участвовать въ насиліи уплатой податей, солдатчиной, признаніемъ законности власти.\n17) Христіанство частично проявляется то какъ требованi[е] свободы, то равенство, то общины, то справедливост[ь] и мн. др. Все это — частн[ыя] проявленія: христіанство осуществляетъ все, чего только могутъ желать люд[и].\n18) Любить Бога значить любить совершенство.\n19) — Какъ вамъ нравятся стихотворенія NN?[316]\n— Что же, кормится.\n",
  "source" : "Полное собрание сочинений. Том 56."
}