{
  "id" : null,
  "date" : -1925406000000,
  "place" : "Я  П",
  "entry" : "27 Дек. 1908. Я. П.\nМного дней пропустилъ. Было много посѣтителей и хорошихъ писемъ. Занимался все время статьей о статьѣ С[толыпи]на, и кажется, напрасно. Художест[венная] работа въ головѣ ясна, но нѣтъ охоты писать. Нездоровилось. Написалъ нѣскольк[о] писемъ: 1) священнику, 2) о свящ[енномъ] писані[и], 3) о пространствѣ и времени.\nЗаписано только два:\n1) Молитва. Хочу жить сейчасъ въ Тебѣ, Тобою, чтобы совершалась не моя воля, но Твоя,[495] не то, что я хочу, а то, чего Ты хочешь, и не такъ, какъ я хочу, а такъ, какъ Ты хочешь.\n2) Тоже молитва при общеніи со всяк[имъ] человѣкомъ. Помни, что передъ тобой стоитъ не убійца, не развратникъ, не жандармъ, полицейскій, король, шпіонъ, a проявленіе Бога. Помни, передъ кѣмъ ты, и относись къ нему, ка[к]ъ къ самому священному предмету, как[ой] только есть въ мірѣ.[496]\n3) Хорошо, слушая разсказъ о дурныхъ дѣлахъ людей, читая книги неумныя, дурныя, помнить, что дѣлали или писали это люди, т. е.[497] существа,[498] проявляющія въ себѣ или могущія проявлять въ себѣ Бога. Это можно. Можно пріучить себя къ этому. А если пріучишь, какое счастье! Мнѣ часто совѣстно бываетъ говорить людямъ о томъ, какъ надо жить и въ чемъ они ошибаются. Въ этомъ моя большая ошибка. Въ мои года я долженъ дѣлать это. Въ этомъ моя прямая обязанность.\nВчера на прогулкѣ встрѣтилъ мен[я] юноша со слезами, но говорилъ такъ несвязно, непонятно о томъ, что ему нужно, ч[то] съ недобрымъ чувствомъ и даже словам[и] ушелъ отъ него. И слава Богу, тотчасъ же сталъ мучаться, искалъ его. На счастье онъ не уход[илъ], и я прекрасно погов[ор]илъ съ нимъ.\n[499]Пріѣхали петерб[ургскіе] студенты съ адресомъ. Трудно. А надо помни[ть] вѣчное, одно дѣло: сейчасной люб[ви].\n",
  "source" : "Полное собрание сочинений. Том 56."
}