{
  "id" : null,
  "date" : -2706202800000,
  "place" : "",
  "entry" : "[18/30 марта.] Встал, застал Орлова, убрался, снес письмо. Внизу возразил Сереже сын[у] на его тупость (1).\nПринес письмо еврей. Читал письмо. Странно. Это 3-й еврей обращается ко мне. Одно общее во всех. Они чувствуют, что их вера, как ни изуродована — вера, и лучше безверия прогресса. Этот кажется серьезнее всех. Но у всех какой-то спешный азарт. Вспыхивают, а не горят. — Есть колебания, но я очень счастлив. — Поехал верхом с Ностицем. Не знаю, что от меня дальше: няня с Иверской или такой светский юноша. К тому и другому не знаю приступа.\nПосле обеда с Кислин[ским] пошел ходить. К Беку. На Софийке: «не пойдете?» Перешел на другую сторону улицы. Это полезно. На конке старик балалаечник: «огненной паутиной всю землю опутают, крестьяне отойдут, и земле матушке покоя не дадут». Другой, купчик: о золоте, симпатия и электричество. Дома — народ. Неловко и соблазнительно. Музыка, пение, разговоры. Точно после оргии. Долго не спал. — О музыке говорил лишнее (1). Щербатова назвал князем (2).\nПисьмо от Черткова. Люблю его и верю в него.\n",
  "source" : "Полное собрание сочинений. Том 49"
}