{
  "id" : null,
  "date" : -2871658800000,
  "place" : "",
  "entry" : "Посыкнулис сваты.\nОбезлошаделся.\nВ дуростях спускать.\nМне за сердце щепа влезла.\nЖивот радуется.\nСобачуга и на руку ерзок стал.\nМать[?] я скажу, у меня язык помягче.\nС покр[е]почкой жил Пет[р].\nЧужой чужим и пахнет.\nПриплывная колода.\nКак я посягну на такое дело?\nНе гребую.[429] Милявый стари[к].\nДушу отвесть чайком.\nКровинки нет,[430] урежь кровь.\nНе пойду. — Оплошка. Ахраян. Озорник. Никак не обротаешь.\nУлучи времячко. Лает матерно, дом упадает. К дому не рачит.\nИдучи, за солому цепляет.\nЯ один примечаю на тебя припека нет.\nПлоть играет. Мятый лапоть, как уха.\nВ уме зашелся. Для опаски посижу.\nПосле сорочин. Бахарь известн[ый].\nСунуть, волочь, метать, переть, драть, смолить. От убоя. Ты не щити ее.\nС глушинкой. Устрая девчонка.\nБескишочный. В косы увяз руками. Прохладная жесточь.\nБлюдись его греха. Засыпка была. Принеси вину.\nВ ворота рубахи пепла насигает.\nКакова рубаха на теле бела, так бы и муж б[ыл] светел.\nОна тянет — узнает. Малоумна, малогласна. Сучит свечу с волосами. Тоскует перед смертью.\nПора дурости оставить.\nПристигла. Ума выступил.\nОб жену цепинку сломал.\nКак ветошка стал.\nЕго куры загребут.\nКостыляет — лукавит. Всё из купли. Разметку сделаю.\nШаркну рогачем.\nЛаком до женск[ого] полу.\nПорок наносишь. От лени окоростелись. Оболгали.\nРазве житье у меня? Животина скорбит.\nШирок ты здесь. А это разделит по себе.\nОглашенство. Изыскная химия.\nПеремогниться еще мол[?]\nПонаровки не делай. Дощупался правды. Дробный [1 неразобр.]\nНапорно спроси. С прижимкой.\nРаспалился. Кости мои не дергай.\nГладеха. До осела догоняют.\nСтоит на руках помереть.\nМотыга. Не залетай.\nПузырил, пузырил.\nЗаведешь мысль, ровно слышишь.\nПоважковатей стала пазуха.\nШироко — ветер ходит. Как литая.\nДонюшка — дочь. Валяешь глазами.\nВ питье не запью, в еде не заем, во сне не засплю.\nЯсотка моя.\nЧелов[ек] во плоти живет.\nНе ухватиста как-то.\nКривье. Живот замирает. Крыльми лезет.\nКрасик. Жируха.\nПритомяна [?]\nМысленый глазок. Оморок надить. Живомужняя вдова\nЛеща дам.\nОчеретнел.\nТерта, перетерта, куда ни пошли.\nИз потрясучего кобеля не идет.\nЧистяк. Красик. Неключим.\nПрокудит.\nОн бусор такой.\nКлючил меня.\nПереплакать.\nВ сухую щепку засушить.\nЖивот не надышу.\nПод время. Красотничает мачиха.\nПосычка была.\nОбмерк на пути. Лопастый тебя задави. Светик.\nГолубка моя белая.\nЛядваги то порастресешь.\nВздивячится в нем бес.\nНадо мной за посмех делает.\nЗасухотил, зачиврел.\nИзукладил его [1 неразобр.] Защепила.\nКакая есть. Располыхну весь дом. [1 неразобр.]\nЕе любует, жалкует. От бою и собака бежит.\nНукася вопрутся. Языка терзать не буду.\nЛытки [1 неразобр.] Немой затылок стал. Стебанул.\nНе два века жить будем.\nОглаушить. Подыскивать.\nВ версту подбирает.\nЗабыл бы затевать.\nВ любовь пришла тебе и люби [?] Запсинел.\nНеразволочная.\nБог лучше гостя ка [?]\nНе ухвалится. Всю .... измызгала. Остробучился.\nВ животе буравцом вертит.\nНа сердце огнем жжет.\nЧто мечешься, через голову?\nСестрицы милые. За беду стал.\nРаздроби подробно. Бог на себя прибрал. В лутошку .... сошлась.\nТеперь расправилась. Посло[?] лежит. Пыху сбавит.\nС избы крышу роет. Загвоздит память. Дери вас горой.\nНоги соплетаются.\nТакая часина. Бог наречет.\nСноп не перекотишь.\nВисяга бытущая.\n",
  "source" : "Полное собрание сочинений. Том 48"
}