{
  "id" : null,
  "date" : -2825348400000,
  "place" : "",
  "entry" : "20 Июня. Солнце за лесом. Был жаркий грозовой день. Всё тихо. Рабочий день кончен. В лесу сизо. Идем по лесу, думаем, село солнце. Вдруг — сквозь опушку красная заря.\nСолнце красно садится. Мужик с покоса прошел, запах лука, пота. Косы блестят. Осталось от грозы облако кудряватое — золотом. Янтарем отливает.\n",
  "source" : "Полное собрание сочинений. Том 48"
}