{
  "id" : null,
  "date" : -2791134000000,
  "place" : "",
  "entry" : "[21 июля.] 21. Николай Чирьев. Один c ума сошел от голода и тоски. — Женщина из Гавриловки. Лазарь. Гордость хозяина, не побирайся, а подавай. Мне ничего не нужно. Куда мое добро? Я не упускал дома, чтоб похоронил. Борис Андреич: «с деньгами и без денег умирают».\nВсех оделил. Бога помнил, даром, что башкирин. —\nВ Гавриловку — едут жать бедные. Михайла новокрещен[ый], 13 лет оставил отец, потом сам тужил. Ступай в башкиры, молись по-своему, я буду хлебом кормить.\nСубботник, на кошме Библию мямлит. «Вот этого-то опасаемся. Премудрость, глубина. Варуха глава 4. Субботница разбитная баба. «Если неправда, надо оставить. А то на нее ссылаются». Вас[илий] Никитич согласен, что вера в делах.\nБабай. В телеге прямо, уши. Песни. Трам-та там и т. д.\nКогда спать? Завтра. Куда пускать будешь? Тащил. Оглоблю сделает кова[ль]. Умирать не надо, внучке дом строить надо.\n",
  "source" : "Полное собрание сочинений. Том 49"
}