{
  "id" : null,
  "date" : -3060010800000,
  "place" : "",
  "entry" : "1873, 12 Января,\nКомары под Азовом.\n———————————————————————————————————\nПолотенцом обвешан образ.\nБегут из деревень от солдат.\nИ раздразнивают пчел.\nБелые аргамаки.\nУзды цепи — что руку.\nПрипустить.\nТурки на вылазки в завоях, чалмах и портках телешом.\nКрест поп прижимает ко лбу. —\nЗеленый и белый атлас[ный] штофный кафтан — с цепями.\nМедведи и волки.\nВерхом женщины в вуалях. Олеарий\nВшивал биржа.. По волосам идут.\nРубашка шитая выставлена из за кафтана.\nКафтан ошибочно описывается с козырем. В описании одежд Бориса нет слова о козыре. Кафтан — поддевка, ферязь армяк, зипун.\nУ баб каблуки на четверть.\nНа дуге и вокруг шеи лошади ка сватьбе хвосты лисьи.\nНа сватьбе четвереки с пшеницей и ячменем в спальне. —\nПосыпают льном и коноплей.\n———————————————————————————————————\nПоганый — строго\n———————————————————————————————————\nКошельки вышивают. Качаются.\nЖена в отсутствии прижила ребенка, ушла в монастырь.\nВ рот кладут деньги.\nКопей, алтын, гривна, ефимк[а].\nУ седла на луке барабанчик.\nОл[еарий]. Князь в деревне как мужик.\nПриказный ума палата.\n———————————————————————————————————\nСвой домик — два сына.\n———————————————————————————————————\n———————————————————————————————————\nЗа продажу вина и табаку кнутом женщину и мущину.\nМясники — палачи.\nОлеар[ий]. 297 стр. Филип о вере.\nОбраза везде и крестятся.\nВсе музыки запрещены.\nУ патриарха только шелковая рубашка.\nВоют всегда вопросительно.\nЗа что ты оставил?\nИли тебе наскучи[ла]?\nМилостыни — в домах выставляют. —\nИмена соколов. Адарь, Мурат, Булат, Стреляй, Лихач, Салтан.\n———————————————————————————————————\nВыкормила грудью племянника.\n———————————————————————————————————\nКатанье с гор.\n———————————————————————————————————\nСвертяй, Ширяй, Дурас, Нечай.\nСахдачный ряд\nлуки жильные\n———————————————————————————————————\nапостольник на шутиху\nШопенгауерск[ий] контраст.\nВ Азбуку.\nВозвращение из плена Болотова.\nВ Русск[ом] Арх[иве]. О Царе Аггее.\nИз 1001 ночи — ванна.\nПовис на полатях.\nИгнатов брат.\nКорчмин бьется с медведями.\nБрылкин. Озорной\nУ боярынь шьет\nСени, подклеть\nВыписал Лефорт племянника.\nВ Москве. Купить?\nСапоги, фуражку, галстук.\nФлугкрещель. —\nИгнат[ий] Гаврилович Аншельсон. —\n",
  "source" : "Полное собрание сочинений. Том 48"
}