{
  "id" : null,
  "date" : -1948561200000,
  "place" : "",
  "entry" : "3 Апрѣля.\n1) (къ статьѣ) Никѣмъ не мучимы, сами себя мучаете. И не тѣлесно только, а духовно губите. И водка, и уничтоженіе общины, и суевѣріе, и безбожіе, и революція.\n2) Да, какъ не знаешь, когда и какъ заснулъ, такъ не знаешь, когда и какъ родился. И какъ во снѣ, такъ и въ жизни начинаешь все больше и больше вѣрить въ то, что представляется мнѣ, отдѣленному отъ Всего. И также, какъ во снѣ, все меньше и меньше вѣришь и подъ конецъ просыпаешься, т. е. теряешь ту личность, которой жилъ во снѣ, и входишь въ то состояніе, въ которомъ былъ до сна, и не въ то состояніе, а въ состояніе высшее — состарѣлся, поумнѣлъ, подобрѣлъ.\n",
  "source" : "Полное собрание сочинений. Том 56."
}