{
  "id" : null,
  "date" : -2706375600000,
  "place" : "",
  "entry" : "[16/28 марта.] Встал поздно. Читал статью Гурев[ича]. Дурно написана. Тон эмигранта — развязный и неясный. Интересно изменение миросозерцания еврея. Да, променять синагогу с Талмудом на гимназию с граматикой невыгодно. Кажущаяся выгода только в том, что в гимназии и университете ни во что не верят — делаешься свободным от всего, но это не надолго приятно. Всё равно, как снять платье зимой. В первую минуту покажется легче. — Не покидает чувство стыда. — Снес Усову пояс. После обеда сходил к сапожнику. Как светло и нравственно изящно в его грязном, темном угле. Он с мальчиком работает, жена кормит. Пошел к Сереже бр[ату]. Там не дослушал Кост[еньку], раздражил его (1). С Таней шел домой и молчал. Тяжело мне было молчание. Так далека она от меня. И говорить я еще не умею. Да, за обедом Сережа грубо, сердито заговорил, я сказал ему с иронией (2). Вечер начал шить, пришел сапожник, потом пришли Маликов и Орфано. Я бы мог быть лучше. Надо было молчать. Как это просто и трудно. Пришел Сережа бр[ат]. С ним хорошо говорили. Письмо прекрасное от Черткова. Да, в разговоре с Орфано я сказал: вы не знаете м[оего] Б[ога], а я знаю вашего, это оскорбило (3).\n",
  "source" : "Полное собрание сочинений. Том 49"
}