{
  "id" : null,
  "date" : -2879694000000,
  "place" : "",
  "entry" : "30 Сентября. Жаркий солнечный день, вода, река, как полированное зеркало. —\nКуртинка облетевших осинок — как пол устлано темносерым листом. —\nПредшеств[ующие] события в Европе. 1820. Георг IV и хлебный бунт.\nЗанд убил Коцебу.\nДерево свободы удобрить кровью.\nЛёнинг покушался на жизнь Ибеля.\nВезде в германских княж[ествах] конституции.\nАвстрия. Франц II и Метерних подавляет.\nПруссия. Фридрих, Гарденберг подавляет. Карлсбадское собрание. — Запретить журналы, лекции — демагогов.\nШтейн древней историей Германии занимается, чтобы соединить в одно (русское — Рылеев, Карамзин — тоже).\nФранция 18 Людовик XVIII, граф Дартуа, герцогиня Ангулемская в черном, Monsieur, его сын, герцог Берийской — женат.\nГерцог Берийской убит Луве[лем], седельником, 1820 г. Родился сын.\nДеказ министр отставлен. Royer-Collard — доктринер конституционалист. В. Constant член.\nИспания. Фердинанд VII.\nРиего. Конституция силой.\nПортугалия. Иоанн.\nВ 21 принужден принять конституцию.\n20 г. 2 Июня Пепе заставил Фердинанда IV (I) принять конституцию (Карбонарии).\nСоловьев брошюра о закладке храма 1817\nБиография Мудрова. Издани[е] университета.\nВедомости 1817 и 24\nЯкушкина записки.\nРылеева биография.\n",
  "source" : "Полное собрание сочинений. Том 48"
}