{
  "id" : null,
  "date" : -1985972400000,
  "place" : "",
  "entry" : "Январь 26.\nЗаписалъ за два дня. Хорошія письма. Къ стыду, огорчился Метерлинкомъ. Трудно послѣ 70 лѣтъ жизни для славы людской остаться равнодушнымъ къ ней. А надо. Умеръ Русановъ. Также здоровьемъ слабъ.\n",
  "source" : "Полное собрание сочинений. Том 56."
}