{
  "id" : null,
  "date" : -1939748400000,
  "place" : "",
  "entry" : "Все очень тяжело несу, переношу несчастный характеръ Сони. Эгоизмъ, исключающiй все, что не я, доходящій до комизма, тщеславіе, самодовольство, всезнайство, осужденіе всѣхъ, раздраженіе. Надо написать. Жалко ее. Никто ей не говоритъ, и она думаетъ, что она верхъ совершенства.\n",
  "source" : "Полное собрание сочинений. Том 56."
}