{
  "id" : null,
  "date" : -2793639600000,
  "place" : "",
  "entry" : "22 Июня. Соня сердится, я снес легко. Урусов мил. Разговор о том, что книга действует, потому что это один чистый дух. —\n————————————————————————————————————\nОт[ечественные] Зап[иски]. Статьи о сектантах. Шалопуты и странники.\n————————————————————————————————————\n23 И. Михайловна Городенская плачет, вспоминая, как она призрела детей. Мужик рыжий, вдовый. Старшая девочка 15-й год. Проработает 2 дня, принесет ковригу хлеба. Отец бросил. Дети одни. Девочке 9, мальчику 7-й. Михайловнин сын возил навоз, привез мальчишку, 4 дня не ел. Дала хлебца, теста, уж он отощал, не ест, сердечный. Сестренка взяла на руки, и он спит. Научили походить по деревне.\n————————————————————————————————————\nСтранник с Кавказа, жалко не спросил о шалопутных.\n————————————————————————————————————\nКрап[ивенского] уезда. Угрюмы. Два двора. Разоренов и Матросов — просят деньги страховые. —\n————————————————————————————————————\nМалаховской дерев[ни], Потем[кинс]кой волости, Николая Краснова сына 13 лет в сум[ашедший] дом. —\n————————————————————————————————————\nГороденская Ларивона Федорова, вышла на переселение.\nКуприян Денисов.\n————————————————————————————————————\nЛипатовской просит места.\nСергиевской волости. Дер[евня] Стрекаловка. Пудей Иван[ов] Буданов — просит за лес — 56 л[ет].\n————————————————————————————————————\n24 И. Городенские две женщины. Одна задыхающаяся, нечистая, большеротая старуха. Другая позеленела от голода — молодая. Пар не пахан — муж больной.\n————————————————————————————————————\nСлепая падчерица с мачехой о земле. Я злился, потому что не мог ничего понять. Батю-ю-шка!\n————————————————————————————————————\nДве побирающиеся, худые женщины из Кожуховки.\n————————————————————————————————————\nСмотритель из Лапоткова просит места.\n————————————————————————————————————\nМужик из за Бабурина, худой, бледный и мрачный. Сгорел 2 г[ода] т[ому] назад. Брата отдали, сам 11.\n————————————————————————————————————\nСтепан Телятинской просит слег.\n————————————————————————————————————\n",
  "source" : "Полное собрание сочинений. Том 49"
}