{
  "id" : null,
  "date" : -2799082800000,
  "place" : "",
  "entry" : "[20 апреля.] 20. Смоленск[ий] солдат. Два тульски[х] солдата. Щекинск[ий] и дальний.\n————————————————————————————————————\nИван Емельянов Щек[инский] на лошадь, очень беден. Избу купил.\n————————————————————————————————————\nСинявинский мужик по подозрению в воровстве пшеницы сидел в остроге, дожидаясь суда 4 месяца. Просил на овес. — Отец с сыном украли пшеницы 17 мер (за неустойку камня), посажены еще на 6 месяцев.\n————————————————————————————————————\nМальчик Колпенской 12 лет. Старший, меньшим 9 и 6. Отец и мать умерли. Бабушка ходила, хлебы ставила. Теперь хлеб доели. Дядя взял землю. Старшина говорит: куда-нибудь вас пристроим.\n————————————————————————————————————\nБогородицкого уезда — солдат с сыном.\n————————————————————————————————————\n",
  "source" : "Полное собрание сочинений. Том 49"
}