{
  "id" : null,
  "date" : -3024500400000,
  "place" : "Ясная Поляна",
  "entry" : "1874. 27 Февраля. Ясная Поляна.\nNovum organum с переводом.\nЕсть язык философии, я им не буду говорить. Я буду говорить языком простым. Интерес философии общий всех и судьи все. —\nФилософский язык выдуман для противудействия возражению. Возражений я не боюсь. Я ищу. Я не принадлежу ни к какому лагерю. И прошу читателей не принадлежать. — Это первое условие для философий. Матерьялистам я должен возразить в предисловии. Они говорят, что кроме земной жизни ничего нет. Я должен возразить, потому что, если бы это было так, то мне бы и не о чем писать. — Проживя под 50 л[ет], я убедился, что земная жизнь ничего не дает, и тот умный человек, к[оторый] вглядится в земную жизнь серьезно, труды, страх, упреки, борьба — зачем? — ради сумасшеств[ия], тот сейчас застрелится, и Гартман и Шопенгауер прав. Но Шоп[енгауэр] давал чувствовать, что есть что-то, отчего он не застрели[лся]. Вот это что-то есть задача моей кни[ги]. Чем мы живем? — Религия. —\n",
  "source" : "Полное собрание сочинений. Том 48"
}