{
  "id" : null,
  "date" : -2704042800000,
  "place" : "",
  "entry" : "[12/24 апреля.] Поздно. Та же слабость и тот же победоносный ил затягивает и затягивает. Почитал Mencius’a и записал за два дня. Бродят опять мысли о Записках не сумашедшего. Пошел ходить. Прошел с тоской по балаганам. Дошел до Тверской, вернулся, болел живот. Насилу дошел. Лег и лежал до ночи. Пришел Васнецов. Он говорит, что понял меня больше, чем прежде. Дай Бог, чтобы хоть кто-нибудь, сколько-нибудь. Ночь спал тяжело. Приходил Дмитрий, поправил сапог.\n",
  "source" : "Полное собрание сочинений. Том 49"
}