{
  "id" : null,
  "date" : -1978542000000,
  "place" : "",
  "entry" : "Апрѣль 22.\nВсталъ не выспавшись. Учитель о свободѣ дѣтей. Писалъ Д[ѣтскій] К[ругъ] и Евангел[іе]. Очень ясно думалъ о 3-хъ столѣт[іяхъ]. Ѣздилъ къ М[арьѣ] А[лександровнѣ]. Несовсѣмъ здоровъ. Саша пріѣхала. Очень пріятенъ Андр[юша].\n",
  "source" : "Полное собрание сочинений. Том 56."
}