{
  "id" : null,
  "date" : -1945450800000,
  "place" : "",
  "entry" : "Сознаніе и познаніе.\nСознаніе — это изученіе своего духовнаго существа, познаніе — это изученіе всего внѣшняго. Одно всегда въ ущербъ другому. Чѣмъ больше одного, тѣмъ меньше другаго.\nПамять и усилія мысли въ той же зависимости: чѣмъ больше однаго, тѣмъ меньше другаго. Какъ одно ограниченное вмѣстилище. И отъ того, что вмѣстилище для обоихъ одно, почти всегда смѣшиваютъ оба и принимаютъ одно за другое, тогда какъ напротивъ — чѣмъ больше памяти, тѣмъ меньше усилія мысли, и наоборотъ. Про памятливаго человѣка говорятъ — умный, про самобытно мыслящаго, мало помнящаго говорятъ — глупый.\n",
  "source" : "Полное собрание сочинений. Том 56."
}