{
  "id" : null,
  "date" : -2917191600000,
  "place" : "",
  "entry" : "23 Июля.[264] Пустые, уединенные поля ржи ожили — зажин, снопы, ряды, копны.\nЗной давит горизонт. Бегут тени туч по лугам, полям, дорогам.\n————————————————————————————————————\n",
  "source" : "Полное собрание сочинений. Том 48"
}