{
  "id" : null,
  "date" : -1975950000000,
  "place" : "Нынче  Я  П",
  "entry" : "Нынче 22 Мая 1907. Я. П.\nПочти мѣсяцъ ничего не записывалъ. За этотъ мѣсяцъ продолжалъ уроки съ дѣтьми и приготовлен[iя] къ нимъ. Кромѣ того, почти только набросалъ о Павлѣ, какъ изказителѣ христіанства. Изъ посѣтителей б[ылъ] Добролю[бовъ]. Вчера Лойценъ, «свободный христ[іанинъ]». Очень занятъ воздѣйствіемъ. Милый Николаевъ и его мальчики. Тяжелое дѣло Ан[дрея]. Убійство добраго Вяч[еслава]. Вчера вечеромъ прегадко спорилъ съ Колей, нынче, спасибо, попросилъ у него прощенія. Написалъ вчера о Сковородѣ. Еще дѣло: составить жизнеописанія Эпиктета, Сократа, Паскаля, Руссо, кромѣ Будды и Конфуц[ія]. Это — старческая разбросанность. Болѣе 2-хъ недѣль нездоровъ, кашель, и не выхо[жу] дня три и слабъ. Записать надо много.\n1) Я не говорю, что государств[енное] устройство хорошо или дурно, и что надо или[106] не надо заниматься политикой, а я говорю только то, что прежде, чѣмъ заниматься политикой, каждом[у] человѣку надо заниматься своей жизнью, душой, и что самыя мудрыя политическi[я] мѣры въ государствѣ съ 100 мил[іонами] жителей[107] сдѣлаютъ[108] гораздо меньше того, ч[то] сдѣла[етъ] нравственно-религіозное улучшеніе жизн[и] однаго человѣка изъ эти[х]ъ 100 миліоновъ.\n2) Прекрасное выраженіе Канта: «люди дѣлаются софистами своихъ юношескихъ заблужденій»: Соловьевы, Аксаковы. И чѣмъ они умнѣ[е], ученѣе, тѣмъ вреднѣе.\n3) Записано что-то не ладное такъ: дѣтямъ нужны три основы: 1) не бояться смерти, 2) любить трудъ и 3) любить добро. Для всѣхъ трехъ пріемы обученія. Такъ записано. Теперь не могу вспомнить, ч[то] я при этомъ думалъ.\n4) Доброта — любовь — нѣтъ болѣе радостна[го] состоянія. Сейчасъ и награда. И какъ разъ обратное, ч[то] я вчера испыталъ: недоброта — наказаніе въ сознаніи самое тяжелое.\n5) Воля — свобода только въ сознаніи своей духовности и потому всегда отрицательная. (Опять не помню и несогласенъ.)\n6) Думать, что мы можемъ знать міръ и себя, изучая матеріальныя условія міра, и не признавать источникомъ знанія свою душу,[109] можно сравнить вотъ съ чѣмъ. Человѣкъ живетъ безвыходно въ темномъ углу. Свѣденія о томъ, что дѣлается на свѣтѣ, онъ получаетъ только отъ своего[110] друга. Другъ непереставая сообщаетъ ему о томъ, ч[то] дѣлается. И свѣденія эти такъ интересны для него, ч[то] онъ какъ будто самъ непосредственно живетъ съ тѣмъ, что разсказываетъ ему его другъ, и, живя съ этимъ, представляемымъ ему его другомъ міромъ, забываетъ про то, что всѣ эти свѣденія онъ получаетъ черезъ друга, что самое реальное для него не міръ, съ к[оторымъ] онъ не имѣетъ непосредственнаго общенія, а истинно существуетъ для него только этотъ другъ. И что для того, чтобы ему имѣть ясное и безошибочное понятіе о мірѣ, ему нужно, во-1-хъ, признать, ч[то] все,[111] что онъ знаетъ, онъ знаетъ черезъ друга, и во 2-хъ, изучить самаг[о] друга съ тѣмъ, чтобы знать, въ чемъ можно и въ чемъ нельзя вѣрить ему. Другъ этотъ есть то духовное начало, к[оторо]е живетъ въ насъ и черезъ к[отор]ое мы знаемъ то, что знаемъ. Думать, что его нѣтъ, все равно, [что] думать, что человѣкъ, сидя въ одномъ темномъ углу, можетъ безъ помощи друга знать все то, что дѣлается въ мір[ѣ]. (Нехорошо).\n7) Въ наше время между двумя сословіям[и], дворянскимъ и крестьянскимъ, перемѣнились роли: Прежде на сторонѣ помѣщиковъ б[ыли] жестокость и жадность, а самоотверженi[е] на сторонѣ крестьянъ. Теперь стало наоборотъ. (Тоже нехорошо, невѣрно).\n8) Грубое суевѣріе — что я своими усиліями могу устроить домъ, семью. Еще болѣе грубое — ч[то] я могу устроить народъ, еще болѣе грубо[е] — ч[то] я могу устроить Ц[арство] Б[ожіе] для всего человѣчества. Все это, въ особенности устройство жизни всего человѣчества, совершается по законамъ, мнѣ недоступнымъ и отъ меня не зависящимъ. Думать и поступать такъ все равно, что для клѣтки моего тѣла, если бы она для того, чтобы тѣло мое поступало такъ, какъ она этого хочетъ, нарушала бы закон[ы] своей жизни. Все, что мы можемъ дѣлать, также, какъ и каждая отдѣльная клѣтка нашего тѣла, это то, чтобы наисовершеннѣйшимъ образомъ исполнять законъ своей жизни. Общее же теченіе жизни совершается по недоступнымъ намъ законамъ и ради недоступныхъ намъ цѣлей.\n9)[112] Истинная жизнь всегда только въ настоящемъ.\n10) Христіанское понятіе равенства, понятое не со[113] смиреніемъ, а съ гордостью, производитъ не единеніе, a разъединеніе людей.\n11) Смерть есть уничтоженіе сознанія, то самое, что мы каждый день испытываемъ, засыпая. Возникаетъ ли новое сознаніе, какъ это бываетъ въ сновидѣніяхъ, мы не знаемъ.\n12) Христіанство, ученіе о доброй жизни,[114] даетъ, а не требуетъ; отъ непониманія этого всѣ ужасы революціи.\n(Все записанное плохо).[115]\n",
  "source" : "Полное собрание сочинений. Том 56."
}