{
  "id" : null,
  "date" : -3151249200000,
  "place" : "При чтении Плутона Аристофана  Богатство и Бедность",
  "entry" : "21 Ф[евраля]. 1870. При чтении Плутона Аристофана. У Аристофана лица комедии Богатство и Бедность. Разговор Бедности, где она доказывает свою необходимость, очень хорош для грека 5 века; но для нас, при наших понятиях о богатстве народов и общих эконом[ических] законах, он не только не имеет смысла, но лиц этих не существует. Уничтожено то, из чего слагалось это олицетворение. А мы (Гёте) стараемся подражать греческим приемам искусства!\nВосхищение европейцев перед греческой поэзией подобно восхищению умного раскольника словом бессмысленной раскольничьей песни, восхищению Апокалипсисом. — Простота.\nРазум выражает законы необходимости, т. е. самого себя. Сущность выразима только искусством, тоже сущностью. И потому не бывает разумного искусства.\n",
  "source" : "Полное собрание сочинений. Том 48"
}