{
  "id" : null,
  "date" : -2787764400000,
  "place" : "",
  "entry" : "[29 августа.] 29. Морозова просит, чтобы отсрочили — дочь выдать, а потом в замок на 2 месяца. Об этом не толкую, а 60 р. Зайцова со свахой приезжали. «Надо пожалеть». «Нет, я мужа утопила: Зачем худо делает. Мировой судья добрый, но не знает греха». —\n",
  "source" : "Полное собрание сочинений. Том 49"
}