{
  "id" : null,
  "date" : -1975345200000,
  "place" : "",
  "entry" : "[29 мая.]\nБылъ очень нездоровъ. Напугалъ своихъ. Ничего не писалъ, кромѣ писемъ и переводовъ изъ Кришны. Жилъ очень хорошо всѣ эти 4 дня. На душѣ рай. Помоги, Господи, не ослабѣвать. Былъ Илья. И съ нимъ хорошо поговорилъ. Был[и] Епифанск[іе] мужики очень пріятные. И 28 два обмелѣвш[іе] гимназиста, съ к[оторыми] я недовольно мягко обошелся.\nБылъ Никитинъ.\nЕврейская цивилизація. Если бы цивилизація б[ыла] кочевая, то цыган[е] были бы властвующимъ элементомъ.[536]\n",
  "source" : "Полное собрание сочинений. Том 56."
}