{
  "id" : null,
  "date" : -1948474800000,
  "place" : "",
  "entry" : "4 Апрѣля.\nЖенщина дѣлаетъ большое дѣло: рожаетъ дѣтей, но не рожаетъ мыслей, это дѣлаетъ мужчина. Женщина всегда только слѣдуетъ тому, что внесено мущиной и что уже распространено, и дальше распространяетъ. Такъ и мужчина только воспитываетъ дѣтей, а не рожаетъ.[385]\n",
  "source" : "Полное собрание сочинений. Том 56."
}