{
  "id" : null,
  "date" : -2791825200000,
  "place" : "По дороге в Самарское имение ",
  "entry" : "[По дороге в Самарское имение.] 13 Июля. Выехали. Жалко Соню. Миташа. Его отдали под суд за то, что он добрый и тщеславный. Сидел с нами в 3-м кл[ассе] хорошо и пошел в царские вагоны к Н[иколаю] Н[иколаевичу] младш[ему].\nНа всех станциях и в народе волнение — царек едет. Ура кричат. —\nВ Скопине толпа давит. Народ на крышах. То же в Ряжске.\nПомещик Воронежский, косой, пухлый, мелкопоместный, грубо чувственный. —\nС духовными побеседовать, вот хорошо. И рассказы о том, как попы в старину жрали — 100 блинов. И отчего преданье народное — жеребячья порода. Что-нибудь да это значит. И о том, как черничку до смерти, хохочет. Вот они как.\n————————————————————————————————————\nМужик Михайловской испугался, что не 3-й класс, что лишнее возьмут. — Кучер, водивший лошадей, смеется над ним. Едет в Рязань по делу. 1700 р. пропадают. Корыстная, хитрая улыбка.\n————————————————————————————————————\nГромовы — милый, тихий, толковитый человек.\n————————————————————————————————————\n",
  "source" : "Полное собрание сочинений. Том 49"
}