{
  "id" : null,
  "date" : -1969815600000,
  "place" : "",
  "entry" : "1 Августа.\nМало спалъ. Поправлялъ Н[е] У[бій] Н[икого] ещ[е] до прогулки. Б[ылъ] Ч[ертковъ]. Еще много поправлялъ и, кажется, хорошо. Б[ылъ] у Ч[ертковыхъ]. Саша пріѣхала. Пообѣдалъ и читаю Конфуц[ія].\n",
  "source" : "Полное собрание сочинений. Том 56."
}