{
  "id" : null,
  "date" : -1969470000000,
  "place" : "",
  "entry" : "Плохо спалъ. Писалъ немного и нехорошо заключені[е] Н[е] У[бій] Н[икого]. Ходилъ купаться. Вчера б[ылъ] урокъ съ мальчиками. — Голд[енвейзеръ] игралъ вчера. Нынче ходилъ купаться и встрѣтилъ съ дрова[ми] и сказа[лъ] прикащику.\n",
  "source" : "Полное собрание сочинений. Том 56."
}