{
  "id" : null,
  "date" : -2707153200000,
  "place" : "",
  "entry" : "[7/19 марта.] Читал о Конфуцие. Встал очень поздно. Ездил верхом до Аминева и назад. Все работают, только я гуляю. Обедали Варинька с мужем. Очень слаб был весь день. Вечер хорошо работал сапоги. Пришли Илья и Леля и очень весело работали. Посидели за чаем с старшими детьми. Прошел до Олсуфьева, отдал книги. И у Сережи — Кост[енька], Наг[орнов], Об[оленский]. Говорили, слава Богу, мирно.\nГр[ехи]: 1) Читал письмо Ролстону. — С[оня], не дослушав, стала запрещ[ать]. Я раздражился на мгновенье. 2) Встал лениво — не убрал комн[аты]. Сыну Сереже похвалился Усовым.\n",
  "source" : "Полное собрание сочинений. Том 49"
}