{
  "id" : null,
  "date" : -2789233200000,
  "place" : "",
  "entry" : "12 Авг. Вас[илий] Ник[олаевич] Ерем[еев] с старухой. Синников.\nЕрем[еев] о порче на лошадей. Я ему молвил в любовь: пешой, а он в гнев принял. Будешь пеш. Мы зазывали в кабак. «Ты зайди сзади, по носу ударь. В кровь разбить, утереть да сжечь — перестанет знать». Покликуши. На кого кричит? Взойдет: как кумач, в полыме лежу. Тоска! Выкричусь и пройдет. — Плотники за ужином, матершиной. Хрустит по потолку. Ягняк упал в чашку с молоком. —\nВ Гавриловке убили колдуна.\n————————————————————————————————————\n",
  "source" : "Полное собрание сочинений. Том 49"
}