{
  "id" : null,
  "date" : -1936033200000,
  "place" : "Я  П",
  "entry" : "26 Августа 1908. Я. П.\nМнѣ лучше, но все еще лежу. Работалъ надъ Кругомъ и что дальше, то больше и больше вижу недостатковъ и исправляю. Дошелъ до 8 числа. Шумятъ по случаю юбилея, и я радъ, что чувствую себя спокойнымъ совсѣмъ. Недоброе письмо и не заслуженно недоброе письмо гораздо больше тревожитъ меня, чѣмъ все, ч[то] дѣлается ради юбилея. На душѣ хорошо, думаю, что подвигаюсь. Радъ работѣ надъ Кругомъ. Помогаетъ уясненію многаго. А какая радость — друзья, и какіе! Усталъ, ничего больше писать не хочется.\n",
  "source" : "Полное собрание сочинений. Том 56."
}