{
  "id" : null,
  "date" : -1961262000000,
  "place" : "Я  П",
  "entry" : "8 Ноября 1907. Я. П.\nКазалось, что недавно записывалъ, а почти 2 недѣли. Дня три тому назадъ б[ылъ] въ Крапивнѣ у Гусева. Очень тяжелое и значительное впечатлѣніе. Хочется писать объ этомъ и еще драму о Булыгинѣ сынѣ. Очень радостное впечатлѣніе отъ ихъ жизни. Вчера были посѣтители: Соломко, бывшій депутатъ — ничтожный, и Широковъ, раздраженный, но искренній человѣкъ. Записать:\n1) Чѣмъ больше себялюбіе, тѣмъ труднѣе понять другого, перенестись въ другого, а въ этомъ все. И на оборотъ.\n2) Всякій дурной поступокъ, а также и добрый оставляетъ главныя послѣдстві[я] въ себѣ; послѣдствія: усиленія дурной или доброй привычки.\n3) Дѣло не въ томъ, чтобы у всѣхъ было ровно, а въ томъ, чтобы со всѣми быть въ любви. Можно быть богатымъ и въ любви съ бѣдным[и], и быть равны[мъ] по имуществу и ненавидеть.\n4)[279] Если мозгъ занять научным[и] знанія[ми], то въ немъ не можетъ быть мѣста для религіозно-нравственныхъ. Этимъ объясняется нерелигіозность нашихъ высшихъ класовъ. Тѣлесный трудъ оставляетъ мозгъ свободнымъ, но не то съ умственнымъ трудомъ.\n5) Трагизмъ положенія въ томъ, что нѣтъ иного выбора, какъ только грубая языческая церковность или истинное христіанство. Но въ истинно[мъ] христіанствѣ человѣкъ одинъ; нетольк[о] одинъ, но большинство враждебно ему. И люди не берутъ ни того, ни другого и остаются безъ всякой, какой бы то ни было вѣры.\n6) Вчера, записывая, не понялъ о воскресеніи. Воскресеніе значитъ то, что изъ гроба своей личности выходишь посредствомъ любви въ жизнь Всего, въ любовное сознаніе всего, съ чѣмъ входишь въ общеніе, въ соприкосновеніе, въ готовность любви ко всему.\nА всего этого, скрытаго отъ меня во времени и пространствѣ, и нѣтъ вовсе. Есть только Богъ, то начало безпространственное и безвременное, к[отор]ое во мнѣ.\n7) Я знаю, что тѣ простыя и ясныя истины о жизни, к[оторыя] я пишу теперь, навѣрное будутъ опредѣляться учеными читателями будущаго мистицизмомъ или еще какимъ нибудь названіемъ, дающимъ имъ возможность, не понимая ихъ, оставаться въ своемъ невежествѣ спокойно-самодовольными.\n8) Я сердитъ, но вотъ начинаетъ дѣйствовать желудокъ, и сердце проходитъ. Матеріалистъ скажетъ: вотъ вамъ и духовн[ое] «я»: все отъ тѣла. Но вѣдь его разсужден[іе] основано на томъ, что человѣкъ зналъ, что онъ сердитъ, и знаетъ, что при дѣйстві[и] желудка сердитость прошла. Стало быть основа всего — сознаніе. A сознані[е] не отъ тѣла.\n9) Христіанство Константина, принятое народами, тоже, что принятое выгодное на видъ условіе, главныя требованія к[отор]аго скрыты. Назвался груздемъ, полѣзай въ кузовъ.\n10) Самое трагикомическое въ нашемъ христіанствѣ то, ч[то] оно вводится и распространяется между бѣдным[и] и слабым[и] — сильными и богатыми, тѣми самыми, существованіе к[отор]ыхъ отрицается христіанствомъ.\n11) Божественное я есть то я, к[отор]ое сознаетъ себя. Рука, нога, носъ, животъ, мозгъ не сознаютъ себя. Не сознаетъ себя[280] и соединеніе всего, какъ оно въ мертвомъ тѣлѣ. Сознаетъ себя нѣчто неопредѣлимое, свободное, всемогущее въ своей духовной области.\n12) При чтеніи книгъ надо не забывать, что это — общеніе съ ближними, и что он[о] поэтому должно быть любовное: не сердиться на пишущихъ дурное, a жалѣть.\n13) Отчего неразумны такъ называемые — образованные? Отъ того, что головы ихъ набиваются ненужными пустяками, выдаваемы[ми] имъ за самое важное.\n",
  "source" : "Полное собрание сочинений. Том 56."
}