{
  "id" : null,
  "date" : -2006622000000,
  "place" : "(14",
  "entry" : "Богатые, землевладѣл[ьцы] осуждаютъ рабочихъ, крестьянъ Да вѣдь все, что они могутъ сдѣлать дурнаго, все лучше того, что дѣлаете вы. — И они чуютъ это. Вы разрушаете своей жизнь[ю] всякую нравственно[сть] въ людяхъ, а потомъ жалуетесь на безнравственность людей. (14 Іюня.)[1738]\n————————————————————————————————————\n",
  "source" : "Полное собрание сочинений. Том 55"
}