{
  "id" : null,
  "date" : -2019668400000,
  "place" : "",
  "entry" : "Цѣлый день тупое, тоскливое[1730] состояніе. Къ вечеру[1731] состоянiе это перешло въ умиленіе — желаніе ласки — любви. Хотѣлось, какъ въ дѣтствѣ, прильнуть къ любящему, жалѣющему существу и умиленно плакать и быть утѣшаемымъ. Но кто такое существо, къ к[оторому] бы я могъ прильнуть такъ? Перебираю всѣхъ любимыхъ мною людей — ни одинъ не годится. Къ кому же прильнуть? Сдѣлаться маленькимъ и къ матери, какъ я представляю ее себѣ.\nДа, да, маменька, к[отор]ую я никогда не называлъ еще, не умѣя говорить. Да, она, высшее мое представленіе о чистой любви, но не холодной божеской, а земной, теплой, материнской.[1732] Къ этой тянулась моя лучшая, уставшая душа. Ты, маменька, ты приласкай меня. —\nВсе это безумно, но все это правда.\n",
  "source" : "Полное собрание сочинений. Том 55"
}