{
  "id" : null,
  "date" : -3292772400000,
  "place" : ">",
  "entry" : "28 Августа 1865 г. 37.>\n— Ребенок блажит и плачет. Ему спать хочется, или есть, или нездоровится. (То же самое с большими; только на ребенке виднее.) Самое дурное средство, сказать ему: ты не в духе — молчи. То же самое и с большим. Большому не надо ни противуречить, ни сказать ему: не верь себе: ты не в духе. Надо пытаться вывести его из этого состояния и потом сказать: ты был не в духе и не прав. Этому приему с большими научила меня няня и мать. Они, так поступая с ребенком, успевают. В ребенке всё в меньшем размере и потому нам понятнее, а отношение сил то же. Также чувство дурного расположения духа сильнее рассудка. Я не в духе; мне это скажут. Я еще хуже.\n— Люди кажутся друг другу глупы преимущественно оттого, что они хотят казаться умнее. Как часто, долго, два сходящиеся человека ломаются друг перед другом, полагая друг для друга делать уступки, и противны один другому, до тех лор, пока 3-ий или случай не выведет их, какими они есть; и тогда как оба рады, узнавая разряженных, новых для себя и тех же людей. —\n— Есть по обращению два сорта людей: Одни — с тобою очевидно такие же, какие они со всеми. Приятны они или нет, это дело вкуса, но они не опасны; другие боятся тебя оскорбить, огорчить, обеспокоить или даже обласкать. Они говорят без увлеченья, очень внимательны к тебе, часто льстят. Эти люди большей частью приятны. Бойся их. С этими людьми происходят самые необыкновенные превращения и большей частью превращения в противоположности — из учтивого делается грубый, из льстивого — оскорбительный, из доброго — злой. —\n— Вся премудрость людей заключается не в мысли — еще менее в деле, — а в слове. Человек может быть совершенно прав только тогда, когда он говорит исключительно о себе. — Искусство публичных речей, парламентских и судебных — в особенности английских, — состоит в этом приеме. — Они не говорят: обман есть преступление, или[148] принудительное образование вредно и т. п., а они говорят: на мои глаза или по понятию наших отцов — обман есть преступление, — или: ежели принудительное образование есть зло, то... и т. д. Они, выражая свою мысль, облекают ее в форму факта или предположения, для того чтобы побеждать возражения. — В общем же, когда слышишь и читаешь их речи, замечаешь, что у них две цели: одна — выразить свою мысль, другая — говорить так, чтобы никто не мог дать мне démenti.[149] Вторая цель большей частью преобладает. Так что очень часто вся речь наполнена только оговорками и заборчиками, ограждающими оратора от нарекания в том, что он сказал неправду. —\n— И как певец или скрипач, который будет бояться фальшивой ноты, никогда не произведет в слушателях поэтического волнения, так писатель или оратор не даст новой мысли и чувства, когда он будет бояться недоказанного и неоговоренного положения.\n— То, известное каждому чувство, испытываемое в сновидении, чувство сознания бессилия и вместе сознания возможности силы, когда во сне хочешь бежать или ударить, и ноги подгибаются, и бьется бессильно и мягко, — это чувство пленности — (как я лучше не умею назвать его), это чувство ни на мгновение не оставляет и наяву лучших из нас. — В самые сильные, счастливые и поэтические минуты, в минуты счастливой, удовлетворенной любви, еще сильнее чувствуется, как недостает чего-то многого, и как подкашиваются и не бегут мои ноги и мягки и не цепки мои удары.\n— Совершенное возможно в воображении, как вечное движение возможно без трения и тяготения. — Самое увлечение красотой и истиной мешает осуществлению красоты и истины. —\n— Человек живет двумя сторонами: воображением и на другой стороне — деятельностью всех своих других способностей. —\nЧеловек, который жил бы только деятельно, не знал бы, что хорошо и что дурно (мужики); человек, к[оторый] жил бы одним воображением — слишком хорошо знал бы, что хорошо и что дурно, но не имел бы ни силы, ни уменья сделать то, что хорошо, и удержаться от того, что дурно. —\nЧем мудрее люди, тем они слабее. Чем глупее, тем тверже.\nХочешь узнать очень близко человека — снять с него ореол, к[отор]ый тебе видится над ним, посмотри на ноготь большого пальца его руки — плоть. А и у Кесаря был большой ноготь. —\nМы судим животных с точки зренья ума. «Заяц умен, что делает сметки». Он нерешителен. Заяц судил бы нас с точки зрения трусости: «человек выдумал железные дороги, чтобы скорее бежать».\n",
  "source" : "Полное собрание сочинений. Том 48"
}