{
  "id" : null,
  "date" : -2791220400000,
  "place" : "",
  "entry" : "[20 июля.] 20. Воскресенье. У молокан моленье. Жара. Платочками пот утирают. Сила голосов, шеи карие, корявые, как .\nтерки. Поклоны. Обед: 1) холодное, 2. крапивные щи, 3. баранина вареная. 4. лапша, 5. орешки, 6. баранина жареная, 7. огурцы, 8. лапшенник, 9) мед.\nУтром бедная женщина, грубая, плачет, с ребенком, гавриловск[ая].\n————————————————————————————————————\nВолостной суд. 1) Сапоги снял с татарина. 2) Молокан ищет на работнике пшеницу. Урядник по жалобе матери попу Знамен[скому?] «я тебе туда запеку», хохот. Присудил православный в пользу молокана. Староста пьяный. Магарычи губят.\n————————————————————————————————————\nМолоканская беседа о 5-ти заповедях. «Спаси Господь». Живое участие.\n————————————————————————————————————\n",
  "source" : "Полное собрание сочинений. Том 49"
}