{
  "id" : null,
  "date" : -1966273200000,
  "place" : "Я  П",
  "entry" : "Нынче 11 Сент. 1907. Я. П.\nВсе больше и больше усложняется жизнь и заявляетъ требовані[я]. За эти 4 дня было чего-то много. Тюр[емный] священ[никъ]. Врачъ изъ Краснояр[ска]. Бессарабецъ. Нынче странникъ и юноша и Соня невѣстка. Продолжаю записывать. Записать:\n1)[199] Если бы я не зналъ, что я умру (какъ, я думаю, не знаетъ этого животное), отвѣтъ на вопросъ: зачѣмъ жить?[200] — былъ бы очень легкій: жить, удовлетворяя своимъ животнымъ потребностямъ. Но вѣдь во мнѣ есть то свойство разума, по которому я знаю, что я умру, что моя жизнь здѣсь есть только прохожденіе, что заботы ни о моемъ здоровьи, ни о моемъ имуществѣ, ни о моемъ почетѣ, ни о моей славѣ, ни[201] о томъ, что я сдѣлаю для моей семьи или для моего народа, не могутъ[202] доставить мнѣ блага — я умру, исчезну, и потому[203] совершенно все равно, былъ ли я здоровъ, богатъ, славенъ, были ли мои наслѣдники, соотечественники, даже родъ человѣческій болѣе или менѣе счастливы, потому что всего этого для меня не будетъ, да не будетъ и для самого себя. Что же мнѣ дѣлать во время этого перехода моего въ этой жизни изъ одного несуществованія въ другое несуществованіе?[204] Отвѣтить на это[205] я могу[206] съ двухъ сторонъ,[207] и оба отвѣта одинаковы. Съ одной стороны,[208] я не могу не признать того, что мое появленіе здѣсь и мое прохожденіе черезъ жизнь должно быть нужно той силѣ, которая послала меня сюда,[209] и нужно это[210] прохожденіе мое не какъ животнаго только, а какъ животнаго существа, одареннаго разумомъ, т. е., что я долженъ дѣлать въ этой жизни что-то такое, для чего нуженъ разумъ. Съ этой стороны положеніе мое подобно тому, въ которомъ былъ бы работникъ, который былъ бы въ томъ одурманеніи, при которомъ онъ забылъ все то, что было съ нимъ передъ этимъ,[211] и который очнулся въ неизвѣстномъ ему мѣстѣ съ лопатой въ[212] рукахъ и подлѣ недокопанной, но начато[й], выходящей изъ недоступнаго отдаленія канавы. Кто-то властвующій надъ нимъ, очевидно,[213] хочетъ, чтобы онъ[214] продолжалъ той лопатой,[215] к[оторая] дана ему въ руки,[216] начатую работу. Тоже испытываетъ и человѣкъ, являющійся въ этотъ міръ и входящій въ обладаніе своего разума: онъ не можетъ не сознавать, чт[о] кто-то хочетъ отъ него то, чтобы онъ своимъ разумо[мъ] продолжалъ начатую въ этомъ мірѣ разумную работу.\n",
  "source" : "Полное собрание сочинений. Том 56."
}