{
  "id" : null,
  "date" : -2798650800000,
  "place" : "",
  "entry" : "[25 апреля.] 25. Вчера разговоры с Сережей и Урусовым. Нынче нищая казначеевск[ая], пьяная. Грумантская вдова. Мальчик будет пахать. Лошадь просила. Не дал.\nГоловенской кривой старик, скатан кафтан через плечо. На лошадь 7 р. Плачет. Не обижать людей, Бога помнить. Понял. Помилуй Г[оспо]ди. —\nКонстантин прислал записку с девочкой. Крепко уморился, пахал, нет куска хлеба. Дети дали. — 3 странницы.\n————————————————————————————————————\n26 А. Мясоедовская женщина, маленькая. Издалека стала на колени, «ручку». Тотчас же ушла. — Городенские бабы строются. Агент сказал: стройтесь, я не взыщу. Оштрафует. На 10 р[ублей]. А я не погонюсь. Агент частно разрешает. — А официально нельзя. Не стараются потому, что по полниве на душу, полевую землю нельзя занимать. —\n————————————————————————————————————\nКислинско[го] просить. Ларивон Федоров.\n————————————————————————————————————\n«Штрафу 10 р.» Да уж мы бы не постояли. А нельзя, батюшка, к мировому теперь подать. Пущай оштрафовали бы. 10 р. куда ни шло.\n————————————————————————————————————\nЩекинская баба старуха. За двумя мужьями была. Все примерли. Ходит, побирается. Шутит. «Вот я стара, уж меня не откормишь». —\n————————————————————————————————————\nПобирушка пьяная — дворянка с дочерью.\n————————————————————————————————————\nГороденской чахоточный с сыном, шел целый день до меня.\nПосеять овсяную десятину. — На коленах елозал. От декогу справил.\n————————————————————————————————————\nЩекинской шальной, о мельнице, «скажем» — не понял, что нужно.\nПрошение Крыльцовской бабы о выручке солдата из службы.\n————————————————————————————————————\n27 Ап. Вологодской юнош, больной, с образками и просвиркой. Предлагает купить.\nСолдат Тверской, Новоторжской, слышал про Шевалино, что народ милостивый. Старуха оборванная, Одоевская. Старуха Мясоедовская. —\n————————————————————————————————————\nВчера Маша сама дала 20 к., никто не видал.\n————————————————————————————————————\nБез меня погорелый — жена сгорела. — Старуха Колпенская. Я укорил, у сына 8 чел[овек] детей, хлеба нет. Заплакала. — Ходил на Деготну. На кладбище старик солдат оправлял могилку старухи. — Вот год ходит, ищет пособия. «Не смотрели бы мои глаза, как в деревню входить». Святую ходил с образами. Ночевали. Старухи всю ночь Богу молятся, свечи горят. — Как сек[ли] Пармена. Крал деньги, ситника и пива покупать в кабаке. — Ходит год — ищет пособия. Свидетельство дали, но на 6 лет ошиблись в годах. «Не я один, много ходят». Один бросил, другой помер нынче зимой, ходючи.\n————————————————————————————————————\n28 Ап. Судаковской погорелый, здоровый, умный мужик.\n————————————————————————————————————\nЩекинская больная с девочкой 3 дня шла до меня (3.21/2).\n————————————————————————————————————\nГороденской Карп Пузанов, маленький, худой. У Гиля работал, тяжко стало. Ходы дальние. Лошади нет, семенов нету. —\nСтаруха переволокская. Сын помер. Двоюродный племянник согнал. Ходит, побирается. Была богата. —\n5 странников. Потерял билет.\n————————————————————————————————————\nСоловьев удавился от того, что много долгов. Набожной старик. Когда Базунов оставил ему наследство, ему завидовали. Кого он убегал? Что поправлял?\nГазета, в Тунисе — беременным не выпускать кишки.[47]\n",
  "source" : "Полное собрание сочинений. Том 49"
}