{
  "id" : null,
  "date" : -3151854000000,
  "place" : "",
  "entry" : "1870. 14 Февр.\nСвязь мужа с женою не основана на договоре и не на плотском соединении. В плотском соединении есть что-то страшное и кощунственное. В нем нет кощунственного только тогда, когда оно производит плод. Но все-таки оно страшно, так же страшно, как труп. Оно тайна.\nСвязь матери и грудного ребенка еще очевидна. Когда ребенок голоден, у матери пригрубло молоко.\nТа же связь существует между женой и мужем. Никто не слыхал, чтобы отец, мать и их любимые дети, друзья, братья и сестры умирали. Но кто не слыхал тысяч примеров смертей мужа и жены (живших хорошо) почти в одно время. —\nИли это нечаянно?\n",
  "source" : "Полное собрание сочинений. Том 48"
}