{
  "id" : null,
  "date" : -1945364400000,
  "place" : "",
  "entry" : "Сознаніе есть изученіе духовной сущности, познаніе — изученіе тѣлеснаго, вещественнаго. Сознаніе есть знаніе идеала совершенства и своего отношенія къ нему. Изъ него вытекаетъ нравственное совершенствованіе. Познаніе есть знаніе вещественнаго міра, всегда недоступное по условіямъ времени и пространства — безконечности ихъ, и потому изъ него ничего не вытекаетъ.\n",
  "source" : "Полное собрание сочинений. Том 56."
}