{
  "id" : null,
  "date" : -2704388400000,
  "place" : "",
  "entry" : "[8/20 апреля.] Поздно. Читал Great Learning и Doctrine of the Mean.\nВсё яснее и действительнее. Пошел к Олсуфьевым, Сереже и Фету. У Олсуфьевых хорошо, передал благодарность. Обедал Кислинский. Не мог сказать и не мог быть спокоен. Приехал Ге звать к отцу. Поехали с Страховым. Там хорошо, прямо говорил с Зоей. Дома Сухот[ин], Волк[онский?], Сережа — винт. Гадко, грязно, гнусно. Поздно лег. Лихорадка.\n",
  "source" : "Полное собрание сочинений. Том 49"
}