{
  "id" : null,
  "date" : -1947006000000,
  "place" : "",
  "entry" : "21 Апрѣля.\n1) Я хочу жить Богомъ, а не своимъ тѣлеснымъ я, Львомъ Т[олстымъ]. Что это значитъ? То, что я хочу сознаніе Льва Т[олстого] замѣнить сознаніемъ всего человѣчества, даже всего живого. И это сознаніе я называю Богомъ. Но это сознаніе не есть Все, не есть весь Богъ, а только одно изъ проявленій Его, доступныхъ мнѣ. (Хорошо).\n2) Пространство, время, тѣло и форма происходятъ отъ моего безсилія познавать все, какъ оно есть. Я могу познавать только движущееся и раздѣленное. Какъ я не могу познать шара иначе, какъ когда онъ вертясь обращается ко мнѣ всѣми сторонами, такъ и не могу познать людей, животныхъ и растенія и все иначе, какъ движущимся и раздѣленнымъ. Первое, т. е. движеніе, даетъ время и пространство, второе — раздѣленіе — даетъ тѣло и форму. (Что-то есть, но неясно.)[389]\n",
  "source" : "Полное собрание сочинений. Том 56."
}