{
  "id" : null,
  "date" : -2795022000000,
  "place" : "",
  "entry" : "6 Июня. Женщины из Лапоткова. Хриплая и другая. Пришли узнать.\n————————————————————————————————————\n(Вчера старик из Киева. «Жидов гонят к царьку в Египет. Гесса Гельфман — жидовка»).\n————————————————————————————————————\nМальчик, сын кол[лежского] рег[истратора], чувственные глаза, слабый. —\n————————————————————————————————————\nМясоедовские бабы. — Вострая, косая, двух мужьев вдова. Пришла о письме, а больше деньжонок. Неприятно.\n————————————————————————————————————\n",
  "source" : "Полное собрание сочинений. Том 49"
}