{
  "id" : null,
  "date" : -1947783600000,
  "place" : "",
  "entry" : "12 Апрѣля.\n1) Если работникъ и не увидитъ ни конца своей работы, ни приложенія ея, знаетъ, что не получитъ награды за ея исполненіе, ни наказанія за неисполненіе, онъ, если онъ хорошій работникъ, всетаки будетъ дѣлать ее. Моя работа — это моя жизнь, и она всегда цѣльная съ послѣдней отдѣлкой — смертью. Дѣлай ее хорошо.\n2) Придите ко мнѣ, говорить Христосъ, и я думаю, что всѣмъ и удачникамъ, и особенно неудачникамъ хорошо послѣдовать его совѣту.\n3) Религія есть знаніе воли Божіей: общаго направленія пути.\n",
  "source" : "Полное собрание сочинений. Том 56."
}