{
  "id" : null,
  "date" : -3138289200000,
  "place" : "не",
  "entry" : "21 Июля. Если справедливо, что величина пространства, времени и последовательность, потому большая или меньшая сложность, разумность, суть только наши представления, а для мыслящего человека это не может не быть непреложной истиной, то сама собой устраняется бессмыслица лестницы существа, теряющейся в бесконечности внизу и наверху останавливающейся на человеке.\nЭта несимметричность нигде не является, когда мы не рассматриваем себя, и является везде, где мы себя принимаем в расчет. Очевидно, что это не есть свойство вещей, а есть заблуждение, вытекающее из ума человека. И заблуждение это объяснено, как скоро мы вспомним, что мир разумный есть наше представление.\nКозявка меньше человека. Но в увеличительное стекло она больше. А почему мы знаем, что на нас не надето уменьшительное стекло, когда мы смотрим на козявку?\nУстройство человека сложнее, чем устройство червяка. Но мы сложности видим в том, что мы имеем, а сложность червяка для человека мы не понимаем.\nЯ ли веду собаку на охоту, или она меня? Это может быть понятно только для того, кто понимает, что для того, чтобы идти на охоту, нужны милиарды событий, из кот[орых] одна милиардная есть моя деятельность и деятельность собаки.\nВы говорите, что железная дорога построена для развития...... и т. д., а я говорю, что для того, чтобы наконец разрушить муравейную кочку, к[оторая] разрасталась в ущерб другим.\nОпять цель торговли, военная и т. д. и цель разрушения завоевательной кочки суть одна из милиардов целей, к[оторых] достигает дорога или всякое действие — событие. —\nЧеловек есть царь тварей. — Отчего? Оттого, что он говорит. Но и собака воет. Человек производит членораздельные звуки. А собака производит вытье — гухойные звуки. Вы не понимаете, в чем заключается сложность вытья, гухойности, а собака не понимает выгоды членораздельности. Вы слушаете вой, и вам он всё один, собака слушает чтение Гомера и руготню прачки, и всё один бессмысленный лай. В одном повышении и понижении нот воя собаки может быть такой же мир мысли, как в нашем слове. (Немец не чувствует согласных, но чуток на гласные, к[оторых] бездна оттенков.) В чутье собаки, направленном на с...и, может быть мир, равный книгопечатанию, прогрессу и tutti quanti[168].\nВ ряду существ нет градаций — есть бесконечность, т. е. неизвестность, а существа, как мы, обреченные на индивидуальность, не могут видеть ничего иначе, как шаром и кругом, к[оторого] мы центр. Отнимите индивидуальность, и мы всё.\n",
  "source" : "Полное собрание сочинений. Том 48"
}