{
  "id" : null,
  "date" : -1972839600000,
  "place" : "Я  П",
  "entry" : "27 Іюня 1907. Я. П.\nПріѣхали Ч[ертко]вы, прожил[и] у насъ 3 дня. Очень б[ыло] радостно. Живетъ Нестеровъ — пріятный. Былъ Сергѣенк[о]. Вчера были 800 дѣтей. Душевное состоянi[е] хорошо. Только, увы, началъ уже терять общеніе съ Богомъ, какъ понималъ или, скорѣе, чувствовалъ его недѣлю тому назадъ. Но кое что, и очень важное и нужное, осталось.\n1) Такъ ясно почувствовалъ преимущество косца работника въ росистомъ лугу рано утромъ, пускай и въ жаръ полдня, и бѣдственность его хозяин[а] за раздражающей его газетой и кофеемъ, съ озлобленіемъ, тоской и гемороемъ.\n2) Я недавно еще радовался тому, что живо, жизненно чувствовалъ необходимость, естественность и радость любовнаго общенія со всѣми людьми, а теперь понялъ, что чувство это производное, а основное чувство — это сознаніе любовнаго общенія не съ людьми, а съ источникомъ всего, съ Богомъ. Это чувство включаетъ первое. Живо чувствовалъ это нѣсколько дней: всякую минуту чувствовалъ Его близость и жилъ у Него на глазахъ, исполняя Его волю. Теперь притупилось, но стараюсь вызвать и надѣюсь.\n3) Не жить съ Богомъ — сиротливо, чувствуешь себя одинокимъ.\n4) Любовь не есть какое-либо особое чувство (какъ ее понимаютъ обыкновенно). Любовь есть только послѣдствіе болѣе или менѣе яснаго сознанія своей причастности Всему. Пальцы руки не любятъ другъ друга, а живутъ общей жизнью. Они не поняли бы, что такое любовь.\nЯ —[140] неполное сознаніе Всего.[141] Полное сознаніе Всего скрывается отъ меня пространствомъ и временемъ. Пространство и время лишаютъ меня возможност[и] сознать Все.\n5) Есть Нѣчто непреходящее, неизмѣняющееся, короче: непространственное, невременное и не частичное, a цѣльное. Я знаю, что оно есть, сознаю себя въ немъ, но вижу себя ограниченнымъ тѣломъ въ пространствѣ и движеніемъ во времени. Мнѣ представляется, что были за 1000 вѣковъ мои предк[и][142] люди и до нихъ ихъ предки животныя и предки животныхъ — все это было и будетъ въ безконечномъ времени. Представляется тоже, что я моимъ тѣломъ занима[ю] одно опредѣленное мѣсто среди безконечнаго пространства и сознаю не только то, что все это было и будетъ, но что все это и въ безконечномъ пространствѣ и въ безконечномъ времени[143] вс[е] это я же.\nВъ этомъ кажущееся сначала страннымъ, но въ сущности самое простое пониман[iе] человѣкомъ своей жизни: Я есмь проявленіе Всего въ пространствѣ[144] [и] во времени. Все, что есть, все это — я же, только ограниченное пространствомъ и временемъ. То, что мы называемъ любовью, есть только проявленіе этого сознанія. Проявленіе это естественно болѣе живо по отношенію болѣе близкихъ, по простран[ству] и времени, существъ.\n6) Живо думалъ о томъ, чтобы правдиво написать всю свою мерзость, ничтожество,[145] не прошедшія только, а теперешнія.\n7) Хотѣлось ожидаемымъ дѣтямъ сказать вотъ что: Вы всѣ знаете, что у Хр[иста] б[ылъ] любимый ученикъ Іоаннъ. Іоа[ннъ] этотъ долго жилъ и, когда очень состарился, насилу двигался и еле говорилъ, то всѣмъ, кого видѣлъ, говорилъ только все одни и тѣже короткія 4 слова. Онъ говорилъ: дѣти, любит[е] другъ друга. Я тоже старъ, и если вы ждете отъ меня, чтобы я что-нибудь сказалъ вамъ, то я ничего не могу сказать отъ себя и повторю только то, что говорилъ І[оаннъ]: дѣти, любите другъ друга. Лучше этого ничего сказать нельзя, п[отому] ч[то] въ этихъ словахъ все, что нужно людямъ. Исполняй люди эти слова, только старайся люди отучаться отъ всего того, что противно любви: отъ ссоръ, зависти, бра[ни], осужденія и всякихъ недобрыхъ чувствъ къ братьямъ — и всѣмъ[146] бы был[о][147] хорошо и радостно жить на свѣтѣ. И все это не невозможно, и даже не трудно, а легко. Только сдѣлай это люди — и всѣмъ будетъ хорошо. И рано ли, поздно люди придутъ къ этому. Такъ давайте же сейчасъ каждый понемногу пріучать себя къ этому. (Плохо очень.)\n8) Одни люди поднимаются въ обществ[ѣ] людей, другіе спускаются.\n9) Человѣку естественно исполнять волю Бога: жить въ любви, какъ естественно птиц[ѣ] вить гнѣздо, пѣть, выводить птенцовъ. Только ложныя ученія сбиваютъ человѣк[а] съ естественнаго пути.\n10)[148] Всѣ страсти только преувеличен[iе] естественныхъ влеченій — законныхъ: 1) Тщеславіе — желаніе знать, чего хотятъ отъ насъ люди; 2) скупость — бережливость чужихъ трудовъ; 3) любострастіе — исполнен[iе] закона[149] продолженія рода; 4) [гордость —] сознаніе своей божественности; 5)злоба, ненависть къ людямъ — ненависть къ злу.\n11) Доказывать существованіе Бога! Можетъ ли бы[ть] что нибудь глупѣе мысли: доказывать существованіе Бога. Доказывать Бога все равно, что доказывать свое существованіе. Доказывать свое существован[iе]? Для кого? Кому? Чѣмъ? Кромѣ Бога, ничего не существуетъ.\n12) Какъ легка и радостна становится жизнь, освобожденная отъ страстей, въ особенности отъ славы людской.\n13)[150] Записано такъ: Жизнь становится сновидѣніемъ. Сознаешь его нелѣпость и не можешь проснуться — умереть. Да, жизнь — сонъ: одни люди просыпаются рано, не доспавъ — ранняя смерть; другіе — выспавшись: смерть въ старости.\n",
  "source" : "Полное собрание сочинений. Том 56."
}