{
  "id" : null,
  "date" : -2871658800000,
  "place" : "",
  "entry" : "Посл[овицы], пов[ерья].\n1) Всяк живот смерти боится.\n2) За сердце щепа влезла.\n3) У татарина 2 коня, 3-ья душа.\n4) По пояс в грязи, а кричит — не брызжи.\n5) Чужой чужим и пахнет.\n6) Приплывная колода.\n7) Сам Господь по земле ходил и то нами не гребовал.\n8) Обрящи Бог виноватого, справь невинного.\n9) Замуж взять, прости Господи, не из-за задницы одной.\n10) Дите без каши ни на час.\n11) Идучи за солому цепляется.\n12) Мятый лапоть из мятого лыка (пропускает сквозь колодочку) — как уха.\n13) Оба <сына> детища равны.\n14) Ухватка держит.\n15) Сухи кости останутся — чахотка.\n16) В запас не берем.\n17) Дай Бог водить, не дай Б[ог] за ней ходить.\n18) Не всё поповым ребятам Митрева суббота.\n19) Думка за горами, смерть за плечами.\n20) Ночная кукушка (жена) денную перекукует.\n21) Не стало у меня родимой матушки. На кого ты меня с сиротами оставила? Заставила век кукушкой куковать. Выду на задворочек. Нет моей родимой матушки.\n22) Лаптем шти хлебать.\n23) Пес на свою блевотину ворочается.\n24) Как свеча Богу на жертву.\n25) Мучьтесь за Христа хорошенько. Не оглядывайтесь назад. Не тужите о безделицах мира сего. — Побоярил (поцарствовал), надо попасть и в небесное боярство (царство).\n26) Одинаково над тобой и мною распростерто небо, одинаково и тебе и мне вся тварь служит, тебе ни больше и мне ни меньше.\n27) Честь (добро) (счастье) перелетает.\n28) Третины, девятины, полусорочины, сорочины.\n29) Похвальное слово — пагуба.\n30) Одна свеча другие зажжет, а сама в своем свете не умалится.\n31) Не говори правды, не теряй дружбы.\n32) Запалый порох выходит от заговора.\n33) Сам заработаю, сам и пропью. Не твои холсты или паневу.\n34) Сядешь ужинать, руки ко рту не донесешь, так закостенеют.\n35) Проварили бабу. Лицом к ставцу поставили.\n35) Не малина, не опанет.\n36) Бог по душу сослал.\n37) Поклониться — голова не отвалится.\n38) Добудешь так, что и домой не будешь.\n39) Палачи отрошники — отца матери отреклись — кого хочешь брать будут.\n40) Дитятко — сестрица — кумушка милая.\n41) Чем тебя Бог известит.\n42) Судом Божьим осталась сиротою.\n43) Вешника шерсть: волосень на паневы, выволочка на сукно — кафтан.\n44) Не у браги увечья добыл, ни с печи убился.\n45) Подле Казани, где пьяных вязали, 8 полтей тараканьих да 7 стягов камарьих, 40 кадушек соленых лягушек, 40 шестов собачьих хвостов.\n46) Передом сечет, задом волочет.\n47) Шуба соболья да шуба сомовья.\n48) Кот да кошка, да поп Тимошка.\n49) У мужей к женам сердце отнимает. На соль и на мыло наговаривает. Сжигает ворот рубахи и пепел в след сыплет.\n50) Мыло сколь борзо смоется и какова рубаха на теле бела, таков и муж бы был светел.\n51) Жабу во рту уговаривает. Горшки наметывает на брюхо. Кто болит, омывает. Ангел хранитель, утиши в младенце боль.\n52) У кого товар заляжет, велит наговорным медом умываться. А наговаривает на мед: как пчелы ярые роятся да осетаются — так купцы скорые. Сколь скоро плотно мыло прильнет, столь бы муж прилюбил. На чеснок, на вино, на уксус. Утиши сам Христос, Увар Хр[истов] муч[еник], Иван Кр[еститель], Тихон св[ятой]. На кого наклеплет, она глянет на сердце, узнает. Как старой женке детей не рожать, так и грыжи не было. На медвежий ноготь, на громовую стрелу. Сучит свечи с волосами и жжет.\n",
  "source" : "Полное собрание сочинений. Том 48"
}