{
  "id" : null,
  "date" : -2895418800000,
  "place" : "Начало 1-го",
  "entry" : "Начало Апреля (ранняя весна). 1-го. Тепло, ручьи, лед пошел. — Крапива.\n5-го. Запахали на буграх. Разделка хороша. Отпрыскивает полынь. Желтоголовик надулся почкой. Орешник цветет. Овцы по выгонам, стада нет. Морозы, холод.\n8, 9, 10, 11. Дожди теплые, гроза. Пахота лучше. Береза, черемуха наклюнулась. Верба вся душистая... Кукушка. Моют, разбирают палати. Отваливают завалинки. — Рыскальцо на бороне. Котелки. Бабьи хоромы не стоят. Из земли в землю.\n",
  "source" : "Полное собрание сочинений. Том 48"
}