{
  "id" : null,
  "date" : -1986922800000,
  "place" : "",
  "entry" : "[16 января] Январь 15.\nЭтотъ день не записалъ. Писалъ дѣтскій Зак[онъ] Божій. Вижу возможность. Здоровь[е] хорошо. Пріѣхалъ М[ихаилъ] С[ергѣевичъ]. Не веселое небодрое расположені[е]. Отъ желудка. Ходилъ гулять два раза. Читаю Валиш[евскаго]. Плох[о].\n",
  "source" : "Полное собрание сочинений. Том 56."
}