{
  "id" : null,
  "date" : -2705770800000,
  "place" : "",
  "entry" : "[23 марта/4 апреля.] Утро как всегда. Сел за перевод Урус[ова.] Неровен. Часто очень нехорошо. Не знаю, что, текст или перевод? Вероятнее текст. Надо писать, т. е. выражать мысли так, чтобы было хорошо на всех языка[х]. Таково Евангел[ие], Лаоцы, Сократ. Евангел[ие] и Лаоцы лучше на других языках. Поехал верхом. Скучно ездить. Глупо — пусто. Попробовал поговорить после обеда с женой. Нельзя. Это одно огорчает меня. Одна колючка и больная. Пошел к сапожнику. Стоит войти в рабочее жилье, душа расцветает. Шил башмаки до 10. Опять попробовал говорить, опять зло — нелюбовь. Пошел к Сереже. Говорил с ним глаз на глаз. Тяжело, трудно, но как будто подвинулся. Письмо от Черткова и нынче, суббота, другое. Как он горит хорошо. Алекс[андр] Петр[ович] тоскует. Пришел мне говорить о своем впечатлении от Еванг[елия], а я сухо принял (1). Леля пришел, когда я шил. Я тоже сухо, он сказал: ты что-то сердит (2). С женою можно было еще мягче (3).\n",
  "source" : "Полное собрание сочинений. Том 49"
}