{
  "id" : null,
  "date" : -1972148400000,
  "place" : "",
  "entry" : "Здоровье плохо. Писалъ слабо К[ругъ] Ч[тенія]. Пріѣзжал[и] Ч[ертковы] и Голден[вейзеръ]. Игралъ удивительн[о] хорошо. Перевернулъ меня. Колино письм[о] вызвало дурное чувств[о] — боролся. Урокъ съ дѣтьми. Очень ужъ они малы.\n",
  "source" : "Полное собрание сочинений. Том 56."
}