{
  "id" : null,
  "date" : -1970161200000,
  "place" : "",
  "entry" : "[28 июля.]\n[551]Закончилъ Н[е] У[бій] Н[икого]. Былъ у Ч[ертковыхъ], хорош[о] бесѣдовал[и]. Уста[ю] отъ людей. Ст[амо] уѣха[ла]. Говорил[и] о Са[шѣ].\nВсталъ рано. Чита[лъ] К[ругъ] Ч[тенія]. До часа ничего не дѣлалъ, потомъ переправилъ статью. Ѣздилъ къ Ч[ертковымъ]. Вечеръ Голденв[ейзеръ], Ч[ертковъ] и госпо[динъ] Кулаковъ.\nПогода лучше, б[ылъ] Ч[ертковъ]. Саша уѣхала къ Танѣ. Сажусь за Н[е] У[бій] Н[икого].\n[552]Былъ у Ч[ертковыхъ]. Бесѣда съ ребята[ми] непріятна, не нужна. Вечеромъ Сер[ежа].\nВсталъ оч[ень] слабъ, до 12 ничего не дѣлалъ. Началъ писать письма, не кончилъ. Вечеромъ б[ыли] Голд[енвейзеръ] и Ч[ертковъ].\nВсталъ рано бодръ. Писалъ Н[е] У[бій] Н[икого], но не кончилъ. Б[ылъ] у Ч[ертковыхъ]. Былъ ксендзъ. Пріѣхалъ Ив[анъ] Ив[ановичъ] и Страховъ.\n[553]Еще поправлялъ Н[е] У[бій] Н[икого].\n",
  "source" : "Полное собрание сочинений. Том 56."
}