{
  "id" : null,
  "date" : -2920302000000,
  "place" : "",
  "entry" : "————————————————————————————————————\nВасильки по ржам. Овсы выполонные, перистые, как стена, доску положи. Рядом неполонные с желтой травой. —\n————————————————————————————————————\nЖеребенок, напрягая спину, потягивается ножками.\n————————————————————————————————————\nДурачок: мамушка, хлеба. Он радость старухи.\n————————————————————————————————————\n",
  "source" : "Полное собрание сочинений. Том 48"
}