{
  "id" : null,
  "date" : -1925319600000,
  "place" : "Я  П",
  "entry" : "28 Дек. 1908. Я. П.\nОтдалъ Ч[ерткову] статью, хо[тѣлъ][500] писать «Погибшіе», но не пошло. А есть, есть что сказать. На душѣ хорошо. Все учусь по немногу не мыслить нелюбовнаго. Въ этомъ все дѣло. Мож[но] привыкнуть. Помоги Богъ, к[оторый] въ «табѣ». Были студенты. Тяжело было. Забывалъ, что надо съ богобоязненность[ю] обращаться. А всетаки подвигаюсь. Да бѣда, что l’esprit de l’escalier.[501] Но подвигаюсь, подвигаюсь.\n",
  "source" : "Полное собрание сочинений. Том 56."
}