{
  "id" : null,
  "date" : -2863278000000,
  "place" : "часовне остроге",
  "entry" : "8 Апреля. В Туле. В часовне раскольнич[ьей]. Темно золото — всё. Подсвечники 4-угольные. Старики с лестовками. Поклоны после крестов в одно время. Голоса грубые, звонкие, скрипучие — отзываются Иоан[ном] Грозным. — В остроге. Передача вещей посетителями. В халатах белолицые -рукие женщины. Солдаты разбирают холсты — хлеб — яйца. Матери целуют детей.\nМуж не целует, не приветствует жену. — Одиночный Федоров расчесан, зубы вострые видны, приятная улыбка, ловок, умен. От общества. Черненький, маленький, востроносый. Солдат бледный, нервный, трясутся скулы, злой ябедник. Красавец. Борода, волосы, неясные глаза. Слабый нравственно. Курощапов мужичок простой, длинноносый, рыженький. — Старик вор, волнистая седая борода — мудрец на вид. — Мальчики онанисты, учатся в остроге. Испорченный, с надвинутым лбом, 16 лет. Женоподобный, круглолицый, за голубей. С острой стриженой головой, ротик оником. За платок. В крови вор. Парашник длинноволосый, курчавый, скуластый, веселый. —\nСвечина рассказ. Про дворового: пора костям со двора под крышу. Душа уже не моя, а Богова стала. —\n",
  "source" : "Полное собрание сочинений. Том 48"
}