{
  "id" : null,
  "date" : -3148657200000,
  "place" : "Я имею страсть к земле  Я приобретаю земли, и целый ряд рассуждений слагается во мне и доказывает как это необходимо для моих детей",
  "entry" : "23 Марта. Не только в так называемом низшем своем проявлении мысли наши служат нашим побуждениям; но и в высшей философской области они суть только отражения наших побуждений. Пример низшего служения. Я имею страсть к земле. Я приобретаю земли, и целый ряд рассуждений слагается во мне и доказывает, как это необходимо для моих детей.\nПример высшего служения. У меня болит печень, мне тяжело жить, и жизнь представляется мне ходом к смерти — представляется мне моментом в сравнении с вечностью, ничтожеством. Но желчь разрешилась, я любим и люблю, и смерть, представляется мне крайней (бесконечно малой) точкой, служащей гранью жизни. Мне не надо — глупо бы было — думать о ней, о смерти. Есть только жизнь, к[оторую] — надо прожить наилучше; и на нее напрячь все силы. В первом примере, при низшем служении мысли чувству, я могу проверить сам себя, перейдя на высшую ступень, но во 2-м примере я не могу подняться выше и не могу проверить себя, ибо мысль дошла до высших границ. —\nНо и дойдя до высших границ, она только служит чувству, сердцу, чему-то жизни.\nВ приведенном примере оба взгляда на жизнь и смерть, диаметрально противоположные, несомненно верны. —\nЧувство переносит ум то на одну, то на другую точку зрения, а уму только представляется. —\n",
  "source" : "Полное собрание сочинений. Том 48"
}