{
  "id" : null,
  "date" : -2035393200000,
  "place" : "Я  П",
  "entry" : "3 Іюля 1905. Я. П.\nНемного лучше. Передѣлывалъ предисловіе къ В[еликому] Г[рѣху]. Не работается. Нынче живо думалъ: только бы смотрѣть на выработку въ себѣ любви какъ на главное дѣло жизни, и дѣла всегда есть, и не будешь жалѣть, что не пишется. Думалъ: нездоровье, боль, дурное расположеніе духа? — Я этого нынче желалъ, чтобы въ этихъ состояніяхъ испытать себя и побѣдить.\n1) Павл[а] Николавна, какъ и многіе, говоритъ, что не любитъ принциповъ, п[отому] ч[то] нельзя live to it.[666] Это — неспособность мыслить. Принципы — это сознаніе истины, добра, и вся жизнь есть приближеніе къ нимъ. Какже жить безъ нихъ.\n2) Человѣкъ, живущій духовнымъ сознаніемъ, не можетъ быть несвободенъ: Онъ живетъ[667] въ Богѣ. Но приходитъ[668] человѣкъ въ духовное сознаніе не по своей волѣ\n",
  "source" : "Полное собрание сочинений. Том 55"
}