{
  "id" : null,
  "date" : -2706548400000,
  "place" : "",
  "entry" : "[14/26 марта.] Встал в 11-м. Убрал. 1) Недоволен своей жизнью, и упреки поднимались. Читал От[ечественные] Зап[иски]. «Психические явления должны войти в круговорот жизни». Разумеется; но не через это они сделаются нам известны, только регулируемы они могут быть тем, что мы поймем их связь с круговоротом жизни. Они — известное, самое известное, то известное, которое нам необходимо признавать известным для решения вопросов круговорота жизни. Всё круговорот — правда. Но есть начало движения и начало косности. Глядя на мир, я должен признать силу и материю. Стараясь же определить и то, и другое, я прихожу к метафизическому представлению начала того и другого — непостижимой начальной силы и непостижимого вещества. — Я пришел к этой бессмыслице только потому, что я не признал известного себя, кот[орый] есть начальная непостижимая сила и непостижимое вещество. Вещество и сила соприкасаются с непостижимым, но не где-то там, в бесконечном пространстве и времени, а во времени, а во мне самом. Я сознающая себя сила и сознающее себя вещество, и потому только и вижу круговорот силы и вещества. — Неясно. Ходил переменить подошвы. После обеда сел за работу. Напился чая. Почитал еврейское Еванг[елие], 7 глав. И спать.\nСтрашно сказать, но с трудом могу найти себе упреки в злости. В душе поднимается, но помню. Так вчера в разговоре о богатстве с Соней.\n",
  "source" : "Полное собрание сочинений. Том 49"
}