{
  "id" : null,
  "date" : -2871658800000,
  "place" : "",
  "entry" : "Что я здесь, брошенный среди мира этого? К кому обращусь? У кого буду искать ответа?[402] У людей? Они не знают. Они смеются, не хотят знать, — говорят: это пустяки. Не думай об этом. Вот мир и его сласти. Живи. Но они не обманут меня. Я знаю, что они не верят в то, что говорят. Они так же, как и я, мучаются и страдают страхом перед смертью, перед самими собою и перед Тобою, Господи, которого они не хотят назвать.[403] И я не называл[404] Тебя долго, и я долго делал то же, что они. Я знаю этот обман, и как он гнетет сердце, и как страшен огонь отчаяния, таящийся в сердце не называющего Тебя. Сколько ни заливай его, он сожжет внутренность их, как сжигал меня. Но, Господи, я назвал Тебя,[405] и страдания мои кончились. Отчаяние мое прошло. Я проклинаю свои слабости, я ищу Твоего пути, но я не отчаяваюсь,[406] я чувствую близость Твою, чувствую помощь, когда я иду по путям Твоим, и прощение, когда отступаю от них. Путь Твой ясен и прост. Иго Твое благо и бремя Твое легко, но я долго блуждал вне путей Твоих, долго в мерзости юности моей я, гордясь, скинул всякое бремя, выпрягся из всякого ига и отучил себя от хождения по путям Твоим. И мне тяжело и Твое иго, и Твое бремя,[407] хотя я и знаю, что оно благо и легко. Господи, прости заблуждения юности моей и помоги мне так же радостно нести, как радостно я принимаю иго Твое.\n",
  "source" : "Полное собрание сочинений. Том 48"
}