{
  "id" : null,
  "date" : -2893258800000,
  "place" : "",
  "entry" : "Апреля 26. Рано утром (5 часов) выезжает помещик четверней в коляске. Грязно, холодно. Лошади, с коротко подвязанными пучками хвостами (пучок седой и пегой), весело бегут, пофыркивая. Кое-где по деревне выходит дым из труб. Мужик за оглоблю вывозит соху. Седелка привязана — мотается.\nДорогой дальней, вынимание из узелков провизии, лепешек — веселая еда с шутками.\n",
  "source" : "Полное собрание сочинений. Том 48"
}