{
  "id" : null,
  "date" : -1946574000000,
  "place" : "",
  "entry" : "26 Апрѣля.\n1) Ничто такъ не утверждаетъ въ неуничтожаемости, безвременности своей сущности, ничто такъ не способствуетъ, спокойному принятію смерти, какъ мысль о томъ, что умирая я не вступаю въ новое положеніе, а только возвращаюсь въ то безвременное, безпространственное, безтѣлесное, безформенное состояніе, въ которомъ былъ и изъ котораго пришелъ въ эту жизнь. (Хорошо).\nНельзя даже сказать: «въ которомъ былъ», а въ то состояніе, которое мнѣ также свойственно, какъ и то, въ которомъ я нахожусь теперь.\n2) Таничка еще свѣжа отъ Начала всего — любви и любитъ всѣхъ. Мика уже любитъ только себя, я пріучаюсь опять, какъ Таничка, любить всѣхъ.\n3) Der langen Rede kurzer Sinn.[392] Причина всѣхъ бѣдствій — суевѣріе возможности устройства общества насиліемъ. Причина суевѣрія — отсталость вѣры, дѣятельность, не имѣющая уже разумнаго основанія. Причина отсталости вѣры — непониманіе той, которая свойственна возрасту человѣчества и открыта ему. И потому избавленіе отъ бѣдствій — пониманіе соотвѣтственной возрасту человѣчества вѣры, вѣры въ высшій законъ любви.\n",
  "source" : "Полное собрание сочинений. Том 56."
}