{
  "id" : null,
  "date" : -1950634800000,
  "place" : "",
  "entry" : "10 Марта 1908.\nРовно мѣсяцъ не писалъ. Занятъ б[ылъ][358] за письменнымъ столомъ статьей. Не идетъ, а не хочется оставить. Работа же внутренняя, слава Богу, идетъ непереставая и все лучше и лучше. Хочу написать то, что дѣлается во мнѣ и какъ дѣлается; то, чего я никому не разсказывалъ и чего никто не знаетъ. Много писемъ, посѣтителей. Особенно важныхъ не было. Затѣя[ли] юбилей, и это мнѣ вдвойнѣ тяжело: и п[отому], ч[то] глупо и непріятна лесть, и п[отому], ч[то] я по старой привычкѣ соскальзываю на нахожденіе въ этомъ не удовольствія, но интереса. И это мнѣ противно. Былъ Ч[ертковъ]. Мнѣ особенн[о] хорошо съ нимъ было. Съ недѣлю тому назадъ я заболѣлъ. Со мной сдѣлался обморокъ. И мнѣ б[ыло] очень хорошо. Но окружающіе дѣлаютъ изъ этого fuss.[359] Читалъ вчера чудную статью Индуса въ переводѣ Наживина. Мои мысли, неясно выраженныя.\nЖиву я вотъ какъ: Встаю, голова свѣжа, и[360] приходятъ хорошiя мысли, и, сидя на горшкѣ, записываю ихъ. Одѣваюсь[,] съ усиліемъ и удовольствіемъ выношу нечистоты. Иду гулять. Гуляя, жду почту, к[отор]ая мнѣ не нужна, но по старой привычкѣ. Часто задаю себѣ загадку: сколько будетъ шаговъ до какого нибудь мѣста, и считаю, раздѣляя каждую единицу на 4, 6, 8 предыхані[й]: разъ, и а, и а, и а; и два, и а, и а, и а.... Иногда по старой привычкѣ хочется загадать, что если будетъ столько шаговъ, сколько предполагаю, то... все будетъ хорошо. Но сейчасъ же спрашиваю себя: что хорошо? и знаю, что и такъ все оч[ень] хорошо, и нечего загадывать. Потомъ, встрѣчаясь съ людьми, вспоминаю, а большей частью забываю то, что хотѣлъ помнить, что онъ и я одно. Особенно трудно бываетъ помнить при разговорѣ. Потомъ лаетъ собака Бѣлка, мѣшаетъ думать, и я сержусь и упрекаю себя за то, что сержусь. Упрекаю себя за то, что сержусь на палку, на к[отор]ую спотыкаюсь.[361] Да, забылъ сказать, что умываясь, одѣваясь, вспоминаю бѣдноту деревни и больно на свою роскошь одеждъ, а привычк[а] чистоты.[362] Возвращаясь съ прогулки, берусь за письма. Просительныя письма раздражаютъ. Вспоминаю, что братья,[363] сестры, но всегда поздно. Похвалы тяжелы. Радостно только выражаемое единеніе. Читаю газету[364] Русь. Ужасаюсь на казни, и, къ стыду,[365] глаза отъискиваютъ Т. и Л. H., а когда найду: скорѣе, непріятно. Пью кофе. Всегда не воздержусь — лишнее, и сажусь за пись[ма].[366]\n[367]Когда нибудь продолжу это описаніе, а теперь\n",
  "source" : "Полное собрание сочинений. Том 56."
}