{
  "id" : null,
  "date" : -1969383600000,
  "place" : "Я  П",
  "entry" : "6 Авг. 1907. Я. П.\nСто лѣтъ не писалъ. Нынче отдалъ Ч[ерткову] Н[е] У[бій] Никого и надѣюсь, что кончилъ, и не дурно. Сейчасъ взялся за Д[ѣтскій] К[ругъ] Ч[тенія] для Ив[ана] Ив[ановича]. Много что есть записать и о жизни и изъ книжечекъ, теперь же запишу только то, что нынче думалъ, а именно:\n1) Думалъ о томъ, что крестьяне были гораздо лучше нравственно во врем[я] крѣпостн[ого] права, чѣмъ теперь. Отчего это? Думаю, отъ того, что подавленность, нужда, страданія содѣйству[ютъ] нравственному совершенствованію, а cвoбoдa, достатокъ,[164] внѣшнія благ[а] вредны. Вредны п[отому], ч[то] трудны, требуютъ многаго. Человѣкъ лучше и легче можетъ устроиться въ маленькомъ домик[ѣ], чѣмъ въ огромномъ дворцѣ. Какъ это ни странно и кажется дико, я вѣрю, что это такъ. И выводъ изъ этого для меня тотъ, что благо человѣка — только духовное, и нарушаетъ это благо болѣе всего забота о тѣлесномъ, матерьяльномъ благѣ. Изъ этого дальнѣйшій выводъ тотъ, что нѣтъ ничего вреднѣе для человѣка, какъ заботиться о своемъ тѣлесномъ благѣ. Какже быть, если не заботиться о своемъ тѣлесномъ благѣ? А такъ быть, чтобы заботиться о благѣ другихъ съ увѣренностью, что друг[іе] будутъ заботиться о тебѣ. Такъ что самоотверженіе есть самый основной законъ жизни человѣческой.\n",
  "source" : "Полное собрание сочинений. Том 56."
}