{
  "id" : null,
  "date" : -3313422000000,
  "place" : "",
  "entry" : "[146]<Бабы[147] с известными песнями, обрядами и с сохою обходят ночью деревни, чтобы спасти свой скот от заразы. Мущины относят к изображению святого из воска сделанные подобия членов, чтобы излечить эти члены. Все поступки этого рода мы называем суеверными, а источником их считаем суеверие. — Женщины надевают на себя тяжелые, неудобные железные сетки с тем, чтобы быть красивее; мущины, не имея потребности к тому, начинают курить противный им табак с тем, чтобы быть похожими на больших. Все поступки этого рода мы называем модой. Молодые женщины с известными речами устраивают школы, приюты, мастерские и вне домашнего круга отыскивают себе несвойственную мужскую работу; мущины презирают установленные власти, прошедшее, и содействуют всеми силами развитию либеральных учреждений и увеличению телеграфов, машин, железных дорог. Все эти поступки мы называем направлением.\nГлупо, нe в тоне.\n",
  "source" : "Полное собрание сочинений. Том 48"
}