{
  "id" : null,
  "date" : -2795540400000,
  "place" : "",
  "entry" : "31 Мая. Мать Лапотковского, что в Сибирь ссылают. Плачет. Малый хорош. То жалко. Если сошлют, куда же нам идти.\n————————————————————————————————————\n[51] Разговор с Таней о Вас[илие] Ив[ановиче]. Мирские не понимают божиих. Нравственность будущей жизни Лизы и безнравствен[ность] жизни Тани.\n",
  "source" : "Полное собрание сочинений. Том 49"
}