{
  "id" : null,
  "date" : -2845566000000,
  "place" : "",
  "entry" : "30 Октября 79.\nПроповедывать правительству, чтобы оно освободило веру — всё равно, что проповедывать[269] мальчику, чтобы он не держал птицы, когда будет посыпать ей соли на хвост.\n1) Вера, пока она вера, не может быть подчинена власти по существу своему, — птица живая та, что летает.\n2) Вера отрицает власть и правительство — войны, казни, грабеж, воровство, а это всё сущность правительства. — И потому правит[ельству] нельзя не желать насиловать веру. Если не насиловать — птица улетит. —\nХрис[тианство] насиловано при Конст[антине] — при разделении З[апада] и В[остока]. Лютеранство, кальвинизм, англиканство — всё не вера, а форма насил[ия]. Истинны только угнетен[ные] павлик[иане], донаты, богомилы и т. п. И те вполне, по[тому] ч[то] насилованы.\n",
  "source" : "Полное собрание сочинений. Том 48"
}