{
  "id" : null,
  "date" : -3059751600000,
  "place" : "",
  "entry" : "15 января 1873.[141]\n[142]Главные характеры.\n1) Большой ум — хорошая машина\n2) Глуп — дурная маш[ина]\n3) Большая энергия, влекущая к открытию тайн и к наслажден[ию].\n4) Апатия, ничего не нужно.\n(1 = 3) Совершенство — Сократ.\n(2 = 4) Совершенство — юродивый.\n(1 > 3) Меньшиков, Наполеон.\n(1 < 3) А. Григор[ьев], Ф. Толст[ой].\n(2 > 3) Николай Серге[евич].\n(1 < 4) Дмитр[ий] Ростовский.\n",
  "source" : "Полное собрание сочинений. Том 48"
}