{
  "id" : null,
  "date" : -1940612400000,
  "place" : "",
  "entry" : "Немного лучше, но все еще тяжело. Съ Сашей говорилъ хорошо. Какъ странно передается — мущинамъ умъ отца, характеръ матери, и наоборотъ.\nМучительно тяжело испытаніе или расплата за любострастіе. Ужасно тяжелая расплата. Сейчасъ Чертковъ разсказалъ бывшій съ ней разговоръ: «Онъ живетъ, пользуется роскошью и говоритъ... все фарисейство.... и т. д. Я, я жертвую собой».\nПомоги мнѣ, Господи. Опять хочется уйти. И не рѣшаюсь. Но и не отказываюсь. Главное: для себя ли я сдѣлаю, если уйду. То, что я не для себя дѣлаю, оставаясь, это я знаю.\nНадо думать съ Богомъ. Такъ и буду.\nОчень было мучительно вчера. Считалъ деньги и соображалъ, какъ уйти. Не могу безъ недобраго чувства видѣть ее. Нынче лучше.\nКакъ на ней видно весь ужасъ тѣлолюбія, себялюбія, доведеннаго до потери обязательности духовной. Ужасно и для другихъ и для нея. Жалѣть надо. Попытаюсь получше [?][508] написать — говорить нельзя.\nЭто объ ней. А о себѣ забываю. Я плохъ, очень плохъ. Не могъ вчера не думать о себѣ, объ отвратительномъ себѣ.\nДа, я — тѣло — это такой отвратительный нужникъ — только сними, пріоткрой крышку духовности, и смрадъ и мерзость.\nПостараюсь нынче жить для души.\nА о спаржѣ она права. Учись жить.\n",
  "source" : "Полное собрание сочинений. Том 56."
}