{
  "id" : null,
  "date" : -2863537200000,
  "place" : "Повытки белорудный приборный Ратмана Бургомистр Батожьем зябри",
  "entry" : "5 Апреля. В Туле Камаев. Старик худой, тонкий, оружейник, глаза крутые закрывает. Рассказ о работе оружейников и их бое. Повытки. Цехи белорудный, приборный. Ратмана. Бургомистр. Батожьем пороли. Голуби чистые. Принесть кошолку и, когда те уже улетели, выпускает, и тот, виясь, догоняет. Кулачный бой. Самого..... бил ладонью, в стене. Поединки. Черта, крестятся, целуются. Под зябри. На носки чуть наступить, тогда с ног долой. Степка Радимой, привозили на санях под рогожей, выйдет и пойдет. В шапке не бьют.\n[342]Васильков рассказывал, как на Иоанна крестителя в Алексине на ярманке тульские с рукавицами, шляпами, серпуховские с ситцем, одоевские с грибами. Ну цыгане! выходи на шляпников. И пошла пальба. Как татарин в Серп[ухове] убил, в Одоеве, в Орле убил, а в Туле Степка Радимый его убил. Сначала посмотрел его уловку, приметил и вышел и убил до смерти. Без шуму удары самые жестокие. Искусства много. — Кудрявцев слепой, разжиревший, седой, представительный, грубо иронический, денежный старик. Рассказ в лицах.\n————————————————————————————————————\nЗабыто. Олонецкой губернии былинщик. Пел былину Иван Грозного. Рассказывал про царя и царицу. Царю! звательный. Рассказ про помещика, провалившегося на льду и молившегося последнему Миколе, а огрухнут, огрухнут. Молится сам часа по 2.[343] «3 листовки». Записана его молитва.\nГрубость. Оглоблей по брюху за косушку. Колдун, кушак вокруг себя; — бей, швырком, камнем или поленом — не попадешь. Пока проскочет версту туда и назад, 20 яиц с скорлупой съест. Съедают сальную свечку. —\nЗа голову трес — все позвонки отвертел. Драка, привел в избу, сбил с ног, ногами успетками. Очнулся, что я сделал. Помиримтесь. Вот Экатеринка. Не взяли. Судья оправдал.\n",
  "source" : "Полное собрание сочинений. Том 48"
}