{
  "id" : null,
  "date" : -3029425200000,
  "place" : "",
  "entry" : "Галерея 1812\nБентама Пыпина или самого.\nИ. И. Дмитриев.\nЖук[овского] для немногих.\nКто Александр Муравьев?\nГосударь презирает людей и имеет право.\nДело о нищей. —\nЦерковь, начиная с конца и до III века — ряд лжей, жестокостей, обманов. В III веке скрывается что-то высокое. Да что же там есть? Если есть что-нибудь. Посмотрим Евангелие.\n————————————————————————————————————\nЕсли есть душа, то есть и заповеди Божии.\nКак мне быть?\nЗаповеди.\n————————————————————————————————————\nВот вопрос души — один.\nКак были другие. Как?\n",
  "source" : "Полное собрание сочинений. Том 48"
}