{
  "id" : null,
  "date" : -3288711600000,
  "place" : "",
  "entry" : "14 Окт. «Не суди, да не осужден будеши». Как же не судить даже самых близких, дорогих и лучших людей? В душе идеал совершенства, от которого далек сам и далеки они. Для себя знаешь или чувствуешь причины, не допускающие совершенства, а на них сердишься, что они несовершенны. Дурной и глупый человек никогда не осуждает, и дурной же и глупый человек всегда осуждает.\n",
  "source" : "Полное собрание сочинений. Том 48"
}