{
  "id" : null,
  "date" : -2826471600000,
  "place" : "1880,",
  "entry" : "1880, 7 Июня. На мокрой чистой грядке зеленые кривые линии огурцов, гороху и пр.\nНикто не желает блага другого. Этого нельзя. Всё равно, как нельзя за другого чихнуть желать. Это ложь и источник всего зла. Если он говорит, что желает чего-нибудь для[360] блага общ[его], поищи, зачем ему этого хочется, и поймешь.\nВора надо посадить, наказать для предотвращения и т. д. Неужели ты так горячишься и так желаешь[361] этого для кого-то, тебе неизвестного, у кот[орого] вор может украсть? Неправда, тебе хочется отмстить.\nНе может никому хотеться общее благо. Своя похоть одна хочется. А признаться, что варенья хочется, и то совестно. Как же признаться, что хочется, чтобы N убили только для моей похоти. Надо придумать общ[ее] бл[аго].\nИсцеления в субботу сухорукого, скорченной, расслабл[енного]. Напоить вола, вытащить из колодца. Господин субботы.\nОтец делает, и я делаю. Мытари, посты, заплаты. Храм разрушу и восстановлю. Пока с ними жених. Мертвые хоронят мертвых. Отец делает, и я делаю.\nСлуш[ают] и не испол[няют?] —\nНадо делать. У Никодима.\nКто исполнит, увидит, от Б[ога] или нет.\nМилостыню нельзя творить, имея <деньги> неправо. Вдова.\n1) Человек сын Б[ожий] дух.\n2) Надо им жить.\n3) Надо жить только настоящим.\n4) Надо жить только собою, а не о др[угих?].\n5) Всё плотское ничтожно.\nЛуки 12, 51—53. Не мир, но\nЛ[уки] 17, 20—21. Ц[арство] Б[ожие] внутрь вас.\nЦ[арство] Б[ожие] вообще есть сеятель слова.\nБог. Закон.\nПочему не вырвал зло? Плевелы? Ц[арство] Б[ожие] внутрь вас.\nПри проповеди блаженств нет неточностей, нет метафор, преувеличений, переносного смысла. Всё ясно, просто — что должно делать, как.\nПервый будет последним: подставь щеку — всё прямо и ясно — необходимо. Без этого нет смысла всего остального. Отдай рубашку. Не суди. Не гневайся — грех. Делать трудно. Переродиться духом. — Не вдруг возможно. Моя жизнь ужасная — как далека. Обзор пройденного: Переменитесь. — Метаноиа. Чтобы жизнь духа была. —\nА то удивительно забавно: то, что можно делать, что понятно, ясно и предписано (но не весело), то мы понимаем метафорически, а то, что непонятно, глупо, чего нельзя даже делать (но весело), то мы понимаем прямо.\nК Ник[одиму].\nВерующий в меня свободен — вечен.\nРазделяет верующих и неверую[щих]\nВы судите, а я не сужу 8, 15.\n7, 17. Кто хочет творить, тот узнает. 6, 63. Слова, к[оторые] говорю, дух и жизнь. Сын человеческий, сын Божий. Вы дети Отца Небес[ного].\nК Самар[янке].\nЛюди были такие ж при Ио[анне] и И[исусе], как теперь. Погибали и искали спасения.\nГречески читаю. Переведено, когда уж дан смысл. —\nОбъяснение всего дела, и по истор[ии] и по учению.\nГлас не [с] небеси человеч[еский]. Вопиющий другое. Так МОЖ[НО] прямо в сердце. То и сделал.\nТочку ставили вперед, не зная, где она будет, и кривили[?] смысл [?] и учен[ие], отыскивая объяснения везде и пропуская совсем непонятное или на время.\nПравил[а]: 1) Непонятное вон. Само собою делает[ся]. 2) Против[уречивое?] 3) Противур[ечивое], непон[ятное] — понятным.\nЕсть: 1) лишнее — ненужное, 2) противур[ечивое], 3) непонятное совсем, 4) непонятное, но понятно, зачем, 5) понятно как эмблема.\n————————————————————————————————————\nЦ[арство] Б[ожие], Отче наш и близ[ость] юн[оши] от Ц[арства] Б[ожия]. Церковь как драгоц[енные] камни захватила в темноте рукавицей и носится с ними. Теперь светло и руки с пальцами. Надо разобрать, показать драг[оценные] камни. А то все отвращаются, говорят — наво[з] и там нет ничего.\nУтверждать учение Христа чудесами — всё равно, что свечу держать перед солнцем, ч[тобы] оно виднее было.\nВера — стены в темноте. Ощупай их. Тот, кто не верит, сидит на лодке, на пузыре, на корабле и не верит, что под ним вода. Надо вынуть лодку, пузырь.\nФет учит, осуждает. Что же он знает?\n",
  "source" : "Полное собрание сочинений. Том 48"
}