{
  "id" : null,
  "date" : -1965927600000,
  "place" : "",
  "entry" : "Оба дня писалъ бесѣды съ молодежью. — Вышло ни то ни сё.[256] Былъ тяжелый разговоръ съ С[оней]. Истинно жалко ее. Записать надо:\n1) Человѣкъ есть проявленіе божества, но ему кажется сначала, что онъ особенное существо: «я». Ему кажется, что онъ — «я» отдѣльный, что онъ человѣкъ; а онъ Богъ — проявленіе его. Не знаю, какъ животныя, но человѣкъ нетолько можетъ, но долженъ это познать. А познавъ это, человѣкъ не можетъ не полагать свою жизнь въ соединеніи со всѣмъ — т. е. въ любви. — Послѣдствіемъ этого для человѣк[а] — благо.\n2) Любить дурнаго человѣка кажется невозможнымъ. Оно и точно невозможно. Но любить надо и можно не человѣка, а задавленнаго, заглушеннаго Бога въ человѣкѣ, и любить этого Бога, и стараться помочь ему высвободиться. И это нетолько можно, но радостно.\n3) Настоящая, серьезная жизнь только та, к[отор]ая идетъ по сознаваемому высшему закону; жизнь же, руководимая похотями, страстя[ми], разсужденіями, есть только преддверіе жизни, приготовленіе къ ней, есть сонъ.\n4) Какъ въ старѣющемся человѣкѣ, все болѣе и болѣе проявляется въ немъ согласіе съ силой божьей вѣчной, такъ точно все больше и больше проявляется это согласіе во всемъ мірѣ, по мѣрѣ движенія времени.\n5) Никто не призываетъ тебя къ измѣненію и улучшенію существующихъ порядковъ, но вся сила жизни, вложенная въ тебя, призываетъ тебя къ измѣненію и улучшенію твоей внутренней, духовной жизни, къ все большем[у] и большем[у] проявленію въ себѣ Бога.\n6) Все больше и больше проявлять въ себѣ Бога — въ томъ жизнь, въ томъ и вѣра.\n7) Женщины нашего круга, людей достаточныхъ, имѣютъ передъ мущинами этого круга огромное преимущество, к[отор]аго не имѣютъ деревенскія, вообще[257] трудящіяся женщины: это то, что они, рожая и выкармливая дѣтей, дѣлаютъ несомнѣнно нужное, опредѣленное высшимъ закономъ, настоящее дѣло. Мущины же наши большей частью проживаютъ всю жизнь въ штабахъ, професорствѣ, судахъ, администрацiи, торговлѣ, нетолько не дѣлая никакого настоящаго дѣла, но дѣлая скверныя, глупыя, вредныя дѣла. Зато и женщины бездѣтныя,[258] если только онѣ не святыя, не отдаются дѣламъ любви, а берутся за мужское бездѣлье, бываютъ еще гаже, глупѣе и самодовольнѣе въ своей гадости самихъ извращенныхъ мущинъ[259] неработающихъ класовъ.\n8) Человѣкъ запутался такъ, что чтó ни сдѣлай, все дурно, какъ перекрестокъ дорогъ сказачнаго богатыря. Кажется, что выхода нѣтъ, и куда ни пойди — все будетъ худо. И вотъ, если только найдетъ на него внутреннее просвѣтленіе, и онъ пойм[е]тъ, что ему[260] выбирать ничего не нужно, а нужно только сознать въ себѣ Бога и отдаться Ему, т. е. отдаться любви. И тогда не нужно ничего выбирать. Иди по какой хочешь дорогѣ — на всѣхъ благо.\n9) (Вписать въ бесѣду:) Говорятъ: только попробуй одинъ жить по любви, когда всѣ люди вокругъ будутъ жить по мірскому, и тебя оберутъ,[261] замучаютъ самого и только посмѣются надъ тобой. Такъ говорятъ люди, но это неправда. Не можетъ этого быть. Любовь и разумъ вложены не въ меня одного, а во всѣхъ людей. Не могъ Богъ вложить въ насъ любовь и разумъ — частицу Себя — только затѣмъ, чтобы намъ было дурно, если мы станемъ жить тѣмъ, что вложено въ насъ и что влечетъ насъ къ себѣ. Не можетъ этого быть.[262]\n10) Какое счастіе чувствовать, какъ я это иногда чувствую, что у меня другаго побужденія въ жизни нѣтъ, какъ только то, чтобъ исполнять волю Пославшаго.\nЯ помру, такъ чтоже? Тѣмъ лучше. Если не я самъ, Л. H., буду исполнять эту волю, будутъ исполнять ее тѣ люди, к[отор]ые отъ меня, черезъ меня поймутъ, что жизнь только въ томъ, чтобы исполнять эту волю.\n11) Какое счастіе жизнь! Иногда теперь, все дальше и дальше подвигаясь въ старости, я чувствую такое счастіе, что больше его, кажется, не можетъ быть. И пройдетъ время, и я чувствую еще большее, чѣмъ прежнее, счастье. Такъ чувствую я это теперь, записывая сейчасъ, 15 числа, этотъ дневникъ въ 12 часовъ дня.\n12) Хорошо спрашивать себя, особенно когда колеблешься? сдѣлать, не сдѣлать? для себя ли дѣлаешь или для Бога?\n",
  "source" : "Полное собрание сочинений. Том 56."
}