{
  "id" : null,
  "date" : -3129735600000,
  "place" : "",
  "entry" : "28 Октября 1870.\nВ числе сочинений 32-х лет умершего Вовенарга есть «о свободе человека» — маленькое, ясное и сильное сочинение. Его никто не знает, и в предисловии сказано, что эта слабая попытка подражания.\nЗамечательно, как силен не высказываемый заговор людей о том, чтобы скрыть сознание своей несвободы. И нельзя иначе.\n———————————————————————————————————\nЧеловек, измученный вопросами метафизическими о связи себя со всем, спрашивает совета отца церкви: «Бог — ваш отец, Он любит вас и всё творенье, и всё от Него; будьте Ему благодарны и любите Его». Алелуиа в смятку. —\n———————————————————————————————————\nПоэзия есть огонь, загорающийся в душе человека. Огонь этот жжет, греет и освещает.\nЕсть люди, которые чувствуют жар, другие теплоту, третьи видят только свет, четвертые и света не видят. Большинство же — толпа — судьи поэтов, не чувствуют жара и теплоты, а видят только свет. И они и все думают, что дело поэзии только освещать. Люди, которые так думают, сами делаются писателями и ходят с фонарем, освещая жизнь. (Им естественно кажется, что свет нужнее там, где темно и беспорядочно.) Другие понимают, что дело в тепле, и они согревают искусственно то, что удобно согревается (то и другое делают часто и настоящие поэты там, где огонь не горит в них). Но настоящий поэт сам невольно и с страданьем горит и жжет других. И в этом всё дело.\n———————————————————————————————————\nБлагодаря книгопечатанию, публичности и угрозам ее, последняя естественность нашей жизни уничтожается. Большое число людей живут большую часть жизни как будто перед зеркалом.\n———————————————————————————————————\nЖизнь наша наполнена большею частью не значи[тельными], важными, а глупыми радостями: охота, питье, платье, постройка, vieux sax и т. п.\n",
  "source" : "Полное собрание сочинений. Том 48"
}