{
  "id" : null,
  "date" : -1979060400000,
  "place" : "Я  П",
  "entry" : "16 Апр. 1907. Я. П.\nПрошло 5 дней, и нынче въ совсѣмъ другомъ настроеніи. Не могу преодолѣть недовольства окружающимъ. Тоскливо, хочется плакать. Все кажется тяжело. Сейчасъ послѣ обѣда и урока съ дѣтьми, — пришли только двое, — сидѣлъ одинъ и думалъ, что только теперь совершенно, вполнѣ предаюсь волѣ Бога. Будь, что будетъ. Нечего ни[92] желать сдѣлать какое либо дѣло: написать Зак[онъ] Бож[ій] для дѣтей, ни что бы то ни было, а совершенно отдаться Ему, соблюдая только въ себѣ любовь къ Нему въ себѣ и людяхъ... и вдругъ пришла С[оня], начался разговоръ о лѣсѣ, о томъ, что воруютъ, что дѣти продали вдвое дешевле, и я не могъ побѣдить досады. Какъ будто мнѣ не все равно. Господи, помоги мнѣ. Помоги. Мнѣ жалко и гадко себя.\n",
  "source" : "Полное собрание сочинений. Том 56."
}