{
  "id" : null,
  "date" : -2792084400000,
  "place" : "Спасское-Лутовиново  ",
  "entry" : "[10 июля. Спасское-Лутовиново.] 9. 10 Июля. У Тургенева. Милый Полонской, спокойно занятой живописью и писаньем, неосуждающий и — бедный — спокойный. Тургенев — боится имени Бога, а признает его. Но тоже наивно спокойный, в роскоши и праздности жизни.\nДорогой, в военном кителе старик помещик с бородой. «Переселенье». «Нет, отобрать землю». «Опять будет неровно». Дочь помещика: опять переделить. Только и сказала. —\n",
  "source" : "Полное собрание сочинений. Том 49"
}