{
  "id" : null,
  "date" : -2871658800000,
  "place" : "",
  "entry" : "Заговоры, песни, молитвы.\nЗаговор на суде: Боже милостиве, человек лебедь, взгляни на меня, раба Божия Мину, К. Ив. Волк. ангельскими очими, материным сердцем, а тому б Костянтину, тетеривина голова, язык тетеревин, воловья губа, не умел бы против меня искать.\nА пойдешь из двора, попадется первое лычко и то поднять да в руках смять, да как станешь к суду, и то лычко под него подвинуть. Как то лычко смялось и у того лычка ни ума, ни памяти нет, так бы и у того К[остянтина] ни суда б, ни памяти не было.\nА кто корольки носит, того колдовст[во] не имет. Как занеможет и корольки болеть станут, и перемогаться будет, опять краснеть станут. Корольков за то дух нечистый боится, что они крестом растут.\nПо душу сошел ангел с блюдом с водою. Душа вошла в блюдо. Три раза с боку на бок перевернулась и скрылось блюдо.\nРебенок на пасху спрашивает: прилетел Христос? Где? Я показал на икону.\n",
  "source" : "Полное собрание сочинений. Том 48"
}