{
  "id" : null,
  "date" : -2882631600000,
  "place" : "",
  "entry" : "27 Августа 1878.\nОписание школы Муравьева Колонновожатых. — Путяты 52 года в Современнике.\nКак сделана новая соха?\n————————————————————————————————————\n1824-й год. Весна. К[нязь] Лобанов Рост[овский] — министр юстиции.\nПредседатель Государственного совета Лопухин. —\nШишков заменяет Голицына. — Попов.\nРумянцев?\nКочубей — ?\nПушкин на юге России у Воронцова — в Одессе.\nЕрмолов на Кавказе.\nКарамзин в доме Е. Ф. Муравьевой, матери Никиты. —\nОбер прокур[оры]. Секретари.\n————————————————————————————————————\nРассоха кривая готовит лопатки детям.\nСемейство сосланного в деревне и в губернии (Татариновой Зап[иски]). Ивашев. —\nЛожные слухи — простили.\nМать убита. —\nАлександр I был в Симбирске.\n14, 15-летн[яя] девочка, самый духовный, чистый возраст.\nФон Виз[ин] Опухтина, убежала в монастырь.\n————————————————————————————————————\n",
  "source" : "Полное собрание сочинений. Том 48"
}