{
  "id" : null,
  "date" : -2794762800000,
  "place" : "",
  "entry" : "9 Июня. Вчера встретил мужика молодого Новосильского из острога за подгребание муки. Пухлый, сладострастный, с красными пятнами, вшивый. Просидел 3 месяца. Расслаб. —\n————————————————————————————————————\nКонстантин — хлеба нет. Картофель посадил. — Дочь прислал.\n————————————————————————————————————\nДворовый с женой, противный. Дурачек из Пирова. Жену ищет. —\n————————————————————————————————————\nИз Щекина погорелый солдат с дочерью.\n————————————————————————————————————\n",
  "source" : "Полное собрание сочинений. Том 49"
}