{
  "id" : null,
  "date" : -1969210800000,
  "place" : "Нынче   Я  П",
  "entry" : "Нынче 8 Авг. 1907. Я. П.\nЧувствую значительн[ое] ослабленіе всего, особенно памяти, но на душѣ очень, очень хорошо. Кончилъ статью и теперь займусь, кромѣ писемъ и дневника, Д[ѣтскимъ] К[ругом]ъ Ч[тенія]. Общеніе съ Ч[ертковымъ] очень радостное. Нынче очень хорошо думалъ.\n1) Сущность религіи въ томъ, чтобы видѣть не себя однаго и прикасающихся къ тебѣ, а Все, безконечное Все, и свое отношеніе къ этому Всему — Богу. Въ этомъ религія.\n2) Сущность жизни, благо ея, то, къ чему свойственно стремиться человѣку, это — увеличеніе любви и, вслѣдствіе этого увеличенія, увеличен[іе] блага жизни своей и всеобщей. Какъ это люди не понимаютъ, и я не понималъ этого. Вѣдь это самое сказано въ: «Придите ко мнѣ всѣ труждающіеся и обр[емененные]........»\n3) Дѣло жизни, кромѣ внутренняго, есть только одно: увеличивать въ людяхъ любовь дѣлами и словами, убѣжденіемъ.\n4) Странникъ мнѣ говорилъ: Жить нельзя стало. Помѣщики совсѣмъ сдавили народъ. Дѣваться некуда. И попы. Они какъ живутъ. Сироту, вдову обдираютъ — послѣднюю копѣйку. А кто за правду, за народъ идетъ, тѣхъ хватаютъ. Сколько хорошаго народа перевѣшали.\nХодитъ онъ — и тысячи ему подобныхъ, чтобы кормиться, а это — самое сильное средство пропаганды.\n5) Прежде были святые Франциски, а теперь — Дарвины.\n6) Молодое поколѣніе теперь нетолько не вѣритъ ни въ какую религію, но вѣритъ, именно вѣритъ, что всякая религія — вздоръ, чепуха.\n7) Смиреніе есть основа всего — и добродѣтел[и], и разума. Нѣтъ ничего болѣе полезнаг[о] для души, какъ памятованіе о томъ, что ты — ничтожная и по времени и по пространству козявка, сила к[отор]ой только въ пониманіи этого своего ничтожества.\n8) Удивляешься на признаваемыя людьм[и] нелѣпости, неразумности. Пойми, что все это отъ того, что только этими нелѣпостями люди могутъ оправдать тѣ свои пороки, про к[оторые] они знаютъ, что они могли бы не быть и даже должны не быть.\n9) Умъ возникаетъ только изъ смиренія. Глупость же — только изъ самомнѣнія. Какъ бы сильны ни были умств[енныя] способности, смиренный челов[ѣкъ] всегда недоволенъ — ищетъ; самоувѣренный думаетъ, что все знаетъ, и не углубляется.\n10) Въ тѣлесномъ своемъ состояніи — хочется ѣсть, спать, весело, скучно — человѣкъ одинъ; въ поступкахъ, общеніи съ людьми ты соединяешься съ[165] немногими существами; въ мысляхъ ты соединяешься со всѣми людьми прошедшаго и будущаг[о].\n11) Нѣтъ на свѣтѣ болѣе сильной душевной радости, какъ состояніе нѣжной, умиленной любви.\n12) (Кажется, записано.) Все есть. Нѣтъ ни пространства, ни тѣла, ни времени, ни движенія. И вотъ въ этомъ внѣпространственномъ, безтѣлесномъ, внѣвременномъ, не движущемся Всемъ является человѣкъ и чувствуетъ себя[166] частицей,[167] отдѣленной отъ Всего, и отдѣленіе это представляется тѣломъ[168] въ пространствѣ. Но онъ чувствуетъ себя и частью Всего и это сознаніе своего причастія Всему онъ сознаетъ движеніемъ во времени.\n13) (Въ другой книжечкѣ записано такъ.)\nТолько посредствомъ тѣла въ пространствѣ я дѣлаюсь отдѣльной частью Всего.\nТолько посредствомъ движенія во времени я, часть, соединяюсь со Всѣмъ.\n[169]Тѣло отдѣляетъ — и образуетъ пространство. Движеніе соединяетъ — и образуетъ время.\n14) Мужики жалуются, что на нихъ ѣздятъ, а сами ѣздятъ на сыновьяхъ, на женахъ.[170] Ѣздять только на тѣхъ, кто самъ любитъ ѣздить. Самъ ѣздишь, такъ ужъ не жалуйся, что на тебѣ ѣздятъ.\n15) Кантъ считается отвлеченнымъ философо[мъ], а онъ — великій религіозный учитель.\n16) Правдивость настоящая можетъ быть только у людей, живущихъ передъ Богомъ. Люди, живущіе передъ людьми, всегда виляютъ и будутъ вилять.\n17)[171]Невѣрно думать, что назначеніе жизни есть служеніе Богу. Назначеніе жизн[и] есть благо. Но такъ какъ Богъ хотѣлъ дать благо людямъ, то люди, достигая своего блага, дѣлаютъ то, [чего] хочетъ отъ нихъ Богъ, исдолняютъ Его волю.\n18) Свободы выбора въ состояніи тѣла почти нѣтъ: обжегся — отскочилъ,[172] не спалъ 2-е сутокъ — заснулъ. Свобода выбора поступко[въ] уже[173] больше: пойти — не пойти? Дѣлать ту или иную работу. Свобода выбора[174] мысли уже еще больше — почти полная.\n19) Дама съ ужасомъ говоритъ, содрогается отъ мысли объ убійствѣ, а сама требуетъ поддержанія той жизни, к[отор]ая невозможна безъ убійства.\n20) Читалъ про слѣпо-нѣмую, к[отор]ая радуется своей жизнью, благодаритъ за нее Бога и пишетъ, что назначеніе человѣка — быть счастливымъ, довольнымъ и своей радостью жизнью помогать другимъ радоваться жизни.\n21) Я не потому только обращаюсь къ Богу, какъ личности, что я такъ воспитанъ, но я воспитанъ такъ п[отому], ч[то] такое обращеніе къ Богу свойственно человѣку. Я знаю или могу знать, что солнце есть какое-то огромное соединеніе раскаленныхъ газовъ, но я говорю, не могу не говорить и не думать, что солнце — это свѣтлый, теплый красно-желтый кругъ, к[оторый] выходитъ изъ-за горизонта и заходитъ за него. Также и про Бога я знаю и могу знать, что Онъ есть все, не имѣющее никакихъ предѣловь и ограниченій, но я говорю и думаю, не могу не говорить и не думать, что Богъ — это Отецъ, во власти к[отораго] я нахожусь, к[оторый] добръ и знаетъ меня и[175] можетъ помочь мнѣ. И говорю: прости мнѣ, Господи, помоги мнѣ, благодарю Тебя.\n22) Прекрасна мысль Лаодцы о смиреніи, какъ я понимаю ее. Онъ говорить такъ: Человѣкъ, ищущій славы людской, все больше и больше возвеличивается и по мѣрѣ того, какъ онъ возвеличивается въ глазахъ людей, онъ все болѣе и болѣе слабѣетъ въ самомъ себѣ и доходитъ наконецъ до того, что самъ ничего не можетъ сдѣлать. Человѣкъ же, ищущій одобренія Бога, все больше и больше унижается передъ людьми, но дѣлается все болѣе и болѣе могущественнымъ и наконецъ доходитъ до того, что нѣтъ того дѣла, к[отор]аго бы онъ не могъ сдѣлать.\n",
  "source" : "Полное собрание сочинений. Том 56."
}