{
  "id" : null,
  "date" : -1956596400000,
  "place" : "",
  "entry" : "В текстах Дневников и Записных книжек везде соблюдена орфография Толстого, за исключением одного случая: частица «то» в словосочетаниях типа «что-то», «кто-то» и т. д., которую Толстой обычно писал без черточки, во избежание неясности, везде дается через черточку (дефис).\nВ комментариях редактором, кроме опубликованных дневников А. Б. Гольденвейзера и H. Н. Гусева, широко использованы неопубликованные «Яснополянские записки» Д. П. Маковицкого, дающие ценнейший материал для изучения биографии Толстого и событий яснополянской ЖИЗНИ того времени.\n",
  "source" : "Полное собрание сочинений. Том 56."
}