{
  "id" : null,
  "date" : -2859735600000,
  "place" : "",
  "entry" : "19 Мая. После жаркого дня ясный вечер. Роса выступает на зелени в тени. Зелень яхонт лазоревая. Крапива сплошным откосом под застреху. Лопухи перенимают стёжку. Фурчат как шевельнешь. Сочная женщина тяжело несет подоёмши сочное пенистое молоко.\n",
  "source" : "Полное собрание сочинений. Том 48"
}