{
  "id" : null,
  "date" : -2792430000000,
  "place" : "",
  "entry" : "6 Июля. Немец в падучей, голый. Сергей просил ему блузу. —\n————————————————————————————————————\nНадежда Конст[антинова] пришла с грудницей, страшно жалкая.\n————————————————————————————————————\nРазговор с Кузм[инским], В[асилием] И[вановичем] и И[ваном] М[ихайловичем]. Революция экономическая не то, что может быть. А не может не быть. Удивительно, что ее нет.\n————————————————————————————————————\nКурносенкова родила, воспаленье. И хлеба нет. Приходила Анисья Морозова.\nЩекинской чахоточный мужик. Хлеба нет.\n————————————————————————————————————\n",
  "source" : "Полное собрание сочинений. Том 49"
}