{
  "id" : null,
  "date" : -2704561200000,
  "place" : "",
  "entry" : "[6/18 апреля.] Поздно. Каждое утро лихорадка. Что-то пустое читал. Пошел к Иванцову. Совестно было за уважение, к[оторое] я ему оказывал. Я б[ыл] в сомнении. И теперь только решил, что я б[ыл] не прав. Надо б[ыло] просто и грубо (не враждебно, но грубо) передать ему (1). С Чертков[ым] поехали к Пругав[ину]. Он удивит[ельно] одноцентренен со мною. Пругавину говорил о Ковалевск[ом]. Не совсем прямо. Как будто хотел их одобрения (2). Обед дома. Страхов, Орлов, Канк[?], Дмохо[вская] — суета. Кажется, всё было хорошо. С Орловы[м] немного неясно (3). Я дорожу его единомыслием и не совсем в него верю.\n",
  "source" : "Полное собрание сочинений. Том 49"
}