{
  "id" : null,
  "date" : -2857143600000,
  "place" : "",
  "entry" : "18 Июня. Овес вылистывается. Чуточку налило ржи. Повилика цветет. Солнце садится за лесом, выщербен полукруг.\n22-го. Лядвенец ярко желтый и дятленик красный. Садится солнце, отражается в болоте воды — смотреть нельзя.\n23. Розаны, рдеется середка, края бледны. Все на работе, все уехали, я один дома. 8 часов, тихо, ребята, старики, стрижи молодые летают станичками.\nПоехал купаться. На краю леса полдел[ян]ки выкошено, собрато в большую копну. От осинок тень.\nВечером везут сено.\n",
  "source" : "Полное собрание сочинений. Том 48"
}