{
  "id" : null,
  "date" : -1927479600000,
  "place" : "Я  П",
  "entry" : "3 Дек. 1908. Я. П.\nОч[ень] хорошее душевное состояніе. Много спалъ. Началъ съ того, ч[то] увидалъ въ себѣ всю свою мерзость, преобладан[iе] славы людской надъ настоящими требованіями жизни. Увидалъ это (ч[то] и давно чуялъ) и при тяжеломъ чувствѣ отъ письма какой-то женщины, упрекающей меня за письмо, и по тому, съ какимъ интересомъ, читая газеты, искалъ глазами слово «Толстой». Какъ еще я далекъ отъ чуть-чуть порядочнаго, какъ плохъ. Сейчасъ пишу это и спрашиваю себя: и это пишу я не для тѣхъ, кто буд[етъ] читать этотъ дневникъ? Пожалуй, отчасти. Да, работать надо надъ собой — теперь, въ 80 лѣтъ, дѣлать то самое, что я дѣлалъ съ особенной энергіей, когда мнѣ б[ыло] 14, 15 лѣтъ: совершенствоваться; только съ той разницей, что тогда идеалы совершенств[а] были другіе: и мускулы и вообще то, ч[то] нужно для успѣха среди людей. Ахъ, если бы пріучиться всю, всю энергію класть на служеніе Богу, на приближеніе къ Нему. A приближеніе къ Нему невозможно безъ служенія людямъ. А если бы я жилъ въ пустынѣ и умиралъ, никому неизвѣстный, я всетаки знаю, ч[то] мое совершенствованіе, приближеніе къ Нему — нужно. Помоги, помоги мнѣ жить Тобою. Пишу это, и слезы выступаютъ. Хорошо.\nСейчасъ перечитывалъ то, что записано здѣсь въ дневникѣ нынѣшняг[о] года], и о[чень] хорошо стало на душѣ. Записать надо:\n1) Усиліе, направленное на преобладаніе свое[го] духовнаго «я» надъ тѣлеснымъ и полутѣлеснымъ — на совершенствованіе, приближен[iе] къ Богу, очищеніе себя, — благотворное во многихъ и многихъ отношеніяхъ, особенн[о] благотворно въ томъ, что освобождаетъ отъ — все еще владѣющей мной — заботы о славѣ людской. Только усиліе всей жизни, направленное на приближеніе къ Богу только для себя, только это одно освобождаетъ отъ этого ужаснаго соблазна.\nДа, продержать во рту сладкой кусокъ пищи такъ, чтобы узнать вкусъ его, и выплюнуть, и никому не разсказывать про это.\n2) Я потерялъ память. И — удивительное дѣло — ни разу не пожалѣлъ объ этомъ. Могу пожалѣть о томъ, ч[то] теряю волосы, и жалѣю, но не о памяти; такъ очевидно потеря эта была послѣдствіемъ пріобрѣтеннаго, не совмѣщающаго[ся] съ памятью. Какъ выбрасываютъ выжимки, когда взято масло, такъ и съ памятью. Она только матерьялъ, изъ к[отораго] должно сложиться пониманіе смысла жизни...\n3) Богъ нуженъ мнѣ также, какъ и я Ему. Не то что нуженъ Ему я, Л. H., а то, что есмь Его проявлені[е], одинъ изъ (для меня)[478] безконечно малыхъ органовъ Его безконечнаго (для меня, п[отому] ч[то] я не могу ничего понимать внѣ времени; внѣвременное же представляется мнѣ безконечнымъ) организма. Какъ всякая самая крошечная клѣточка моего организма необходима мнѣ, пока она составляетъ часть моего тѣла, но не именн[о] эта клѣточка. Также и я для Него. Глупо, но je m’entends.[479]\n",
  "source" : "Полное собрание сочинений. Том 56."
}