{
  "id" : null,
  "date" : -3086449200000,
  "place" : "",
  "entry" : "12 Марта. Как объяснить горизонтальность жидкости — притяжением? —\nКак могут быть все частицы жидкости при химических соединениях одного веса или плотности?\nОбратно. —\nЛучи держат их на одном уровне.\n————————————————————————————————————\nПритяжение обр[атно] пр[опорционально] кв[адрату] рас[стояния], иначе: притяжение меньше в пропорции, увеличенной в квадрате расстояния. —\nРадиусы сферы расходятся тем дальше друг от друга, чем длиннее, в квадратах.\nСледовательно, сила действий лучей уменьшается обратно пропорцион[ально] квадр[ату] расстояния.\n————————————————————————————————————\nЧто есть огонь? — Нам говорят: тепло. Но что есть загорание, на это нет ответа. Загорание происходит в точке соединения двух углов. При движении газа вверх и железа вниз есть момент, когда углы сходятся — тогда огонь.\nКислород потому содействует горению, что он есть газ, стоящий выше нормы, как железо, и потому, падая, скрещивается с поднимающимся.\n————————————————————————————————————\nВращение земли от лучей есть то же, что вращение жидкости при кипении.\n————————————————————————————————————\nВода испаряется при 100, спирт при 80. Ртуть при 360. —\n————————————————————————————————————\nОдно пускание пара в воду и воздействие пара на воздух и воздуха на пар, как только пар охлаждается, показывает ложь закона притяжения в физике. Все воздействия тел друг на друга от тепла.\nБарометр есть определение отношения тела к его высоте. На горе отношение это больше, внизу меньше, и стремление его вниз на уровне моря 28, на горе 16. —[183]\nКипячение воды тем легче, чем водород ближе к норме. —\nОтчего барометр — тяжесть атмосферы? Никогда не мог понять. Разогрейте барометр. —\n————————————————————————————————————\nПламя есть лучи снизу. —\nОт этого лучи пламени кверху.\n————————————————————————————————————\nПадение тяжелых тел книзу обратно пропорцион[ально] квадр[атам] расстояний. Падение легких кверху какое? до видимого нами обрат[но] проп[орционально], в невидимом — прямо пропорц[ионально] квадратам расстояния.\n————————————————————————————————————\nСпирт не замерзает при 100°, ртуть при 40°, вода при 0°. Спирт испаряется при 80°, ртуть при 360. Вода при 100.\n————————————————————————————————————\nОтчего снег и вода, при темпер[атуре] 0, поставленные на плиту — снег стал водой на 0, а вода 75°, и обратно, всыпали снег в 75° воду, снег исчез, темпер[атура] стала 0.\n————————————————————————————————————\nВ первом случае огонь дал движение вверх, тогда как лед, снег есть движение вниз. По закону механики осталась только\nразность движений — разность эта есть положительная вниз. (Дайте еще тепла, будет разность вверх.) Вода же, стоявшая на 0, имела меньше движения и разность меньше.\nВо втором случае опять разность. —\nГрафически же это объясняется тем, что тепло, проходя по льду, описывает на столько длиннейшие обходы, на сколько 75>0.\n————————————————————————————————————\nТеплопроводимость.\n————————————————————————————————————\nБессмыслица, ибо зависит от степени тепла. —\nВода проводник, но пар не проводник — 100° не могут быть увеличены. —\nПроводимость Тепла Электр[ичества] Серебро — 100 — 100 Медь — 74 — 73 Золото — 53 — 59 Олово Messing[184] — 24 — 22 Zinn[185] — 15 — 23 Железо — 12 — 13 Свинец — 9 — 11 Платина — 8 — 10 Новое серебро — 6 — 6 Висмут — 2 — 2\nСеребро расплавленное есть ли проводник тепла? Нет. Проводник холода? Нет.\n————————————————————————————————————\nТеплопроводимость есть возбуждение тепла в теле, имеющем движение книзу. Чем больше это движение, тем скорее сообщится тепло.\nДайте телу тому же покой, т. е. чтоб оно вступило в норму, и теплопроводимости не будет. —\nОбратное. Газу в земле, стремящемуся к теплу, дайте движение, удар, и будет теплопроводимость. —\nВода тем замечательна, что она на уровне, почти на норме. От того ее непроводимость. Она имеет мало движения, потому тепло не сообщается.\n————————————————————————————————————\nГрафически это так:\nТело не пускают вниз, а дают ему тепло. Сила стремления тепла и потому быстрота сообщения выражает ab.\nЧем ближе к норме тело, тем оно менее теплопроводимо.\nРазличие выражается не всегда одним углом и оттого не всегдашнее соотношение тяжести и плотности с теплопроводимостью. Оно зависит от того пути, по к[оторому] идет тепло. —\n",
  "source" : "Полное собрание сочинений. Том 48"
}