{
  "id" : null,
  "date" : -1946833200000,
  "place" : "",
  "entry" : "23 Апрѣля.\nЕсть сознаніе себя, своей духовной сущности, и сознаніе своихъ предѣловъ, которое въ началѣ жизни сознается какъ «я». Это второе сознаніе предѣловъ заслоняетъ, скрываетъ первое сознаніе духовности: кажется, что сознаніе своихъ предѣловъ и есть сознаніе себя. Вся жизнь есть все большее и большее сознаніе своей духовной сущности, освобожденіе отъ обмана признанія собою своихъ предѣловъ. Смерть для того, кто вполнѣ сознаетъ свою духовную сущность, есть освобожденіе отъ стѣснявшихъ ее предѣловъ.[391]\n",
  "source" : "Полное собрание сочинений. Том 56."
}