{
  "id" : null,
  "date" : -2856538800000,
  "place" : "24,",
  "entry" : "[25 июня.] 24, 25 Июня. Ночи с ветром, дождь. На утро рывом дует. Овес треплется, как бешеный, как цыганка плечами. Меж дворов и овинов сплошная крапивно зеленая река конопель. Посредине плывет бабочка в аленьком платочке и низких наплечиках. Должно там дорожка. Пахнет зерном.\n",
  "source" : "Полное собрание сочинений. Том 48"
}