{
  "id" : null,
  "date" : -2797441200000,
  "place" : "",
  "entry" : "9 Мая. Рабочие Новосильцы 28 чел[овек]. Пришли выпить, поют песню. Подрядчик нанял постом. Из 700 дворов 100 едят свой хлеб. Земли 1/2 дес[ятины] на душу. — Грамотных два.\nСпросил о троице. Перекрестился, по нашему вот троица. Дал 2 Евангелия.\nДва солдата — оборванцы. Ягодненская дурочка. «Меня испортили, в люльку влез».\n",
  "source" : "Полное собрание сочинений. Том 49"
}