{
  "id" : null,
  "date" : -3284564400000,
  "place" : "душа неразобр ,",
  "entry" : "4 Декабря. Я ждал любимых людей. Что бы я ни делал, чего бы мне ни недоставало, я говорил себе: вот они приедут, тогда ....... Они приехали, такими, какими я ждал их. Я был рад. Вечером я лег спать. Нашло то состояние полудремоты, в котором всё суетное, рассеянное замирает и яснее говорит душа (пускай найдут другое слово. Душа, т. е. самое сильное, самое важное во мне и что-то одно). — Душа просила чего-то — чего-то хотелось. Чего же мне хочется? спросил я себя с удивлением. Ведь они приехали. Стало быть, не этого мне хотелось и нужно было для полного успокоения. Нет, не этого. Но хотелось и хочется теперь чего-то. Чего же? Чего так хотелось и хочется для успокоения? Я стал придумывать, что могло бы дать мне это спокойствие — удовлетворить меня совсем — я перебрал всё. Нет, не то [1 неразобр.], — отвечал я сам себе при каждом предположении. Ничто не могло удовлетворить во мне эту потребность желания. А желание было и есть во мне и составляет самое сильное и важное в моей душе. Я желаю того, чего нет здесь — на свете. А оно есть где-нибудь, потому что я его желаю. Где же? Так надо переродиться для того, чтобы успокоиться, и успокоиться в лучшем, что есть во мне. Переродиться — умереть. Вот одно успокоение и одно, чего я желаю и чего мы желаем. —\n",
  "source" : "Полное собрание сочинений. Том 48"
}