{
  "id" : null,
  "date" : -1929034800000,
  "place" : "Я  П",
  "entry" : "15 Ноября 1908. Я. П.\nВчера до 12 ч. игралъ въ карты. Совѣстно, гадко. Но подумалъ: люди скажутъ: «хорошъ учитель, играетъ въ винтъ[473]3[474] часа сряду». И понастояще[му] подумалъ: это-то и нужн[о]. Въ этомъ-то настоящее, нужно[е] для доброй жизни смиреніе. А то Генералъ долженъ держаться, какъ Генер[алъ], посланникъ — какъ посланникъ, а учитель — какъ учитель. Неправда. Человѣкъ долженъ держаться какъ человѣкъ. А человѣку свойственн[о] прежде всего смиреніе, желать быть униженнымъ. Это не значитъ, что надо играть въ карты, есл[и] можешь дѣлать другое, нужное людямъ, но значитъ, что не надо бояться сужденій людей, а, напротивъ, хорошо умѣть переносить ихъ sans sourciller.[475]\n2) Хорошо молился нынче. Какъ хорошо: не моя воля да будетъ, но Твоя; и не то, ч[то] я хочу, а то, ч[то] Ты хочешь; и не такъ, какъ я хочу, а какъ Ты. Какъ хорошо, когда ясно, глубок[о] понимаешь. Все тутъ. И то, что все внѣшнее не по моей, а по Тво[ей] [волѣ], т. е. все хорошо, какъ должно быть, а внутреннее же мое, во мнѣ, я хочу, чтобъ было по Его волѣ, т. е. было бы неперестающая любовь.\n3) Опытомъ узнаю, какъ благотворн[о], радостно никого не осуждать въ словахъ, главное — въ мысляхъ.\n4) Вчера разозлился на лошадь. Какъ скверно!\n28 Н. Я. П.\nНикакъ не думалъ, ч[то] такъ давно не писалъ. Дня три только, какъ немного проснулся, а то спалъ, и не было хорошей душевной жизни. Все пишу письмо Индусу. Все повторенія. Здоровье тѣла плохо, на душѣ и въ сонномъ состояніи хорошо, а въ бдящемъ всегда умиленіе и радость.\nВчера пріѣхалъ Миша съ женой и юношей Вяз[емскимъ]. Я позвалъ ихъ и читалъ имъ Кр[угъ] Чт[енія] и говорилъ. И радъ этому. Эта чета М[иши] съ женой мила мнѣ становится все больше и больше. Сейча[съ] записалъ въ Инд[усское] письмо. Не знаю, ч[то] буду писать, окончивъ. Едвали худож[ественное]. Было поползновеніе и прошло.\n29 Н. Я. П.\nТѣлесно[476] — хотѣлъ сказать: нехорошо, но это неправда — слабость, но это хорошо. Вчера подвинулся въ П[исьмѣ] И[ндусу] и цѣлый вечеръ читалъ Сандерл[енда], чтобы отвѣтить на письмо. Ночью видѣлъ во снѣ, что я отчасти пишу, сочиняю,[477] отчасти переживаю драму Христа. Я — и Христосъ и воинъ. Помню, какъ надѣвалъ мечъ. Очень ярко. С[оня] уѣхала въ Москву. Одну художественную мысль, очень мнѣ понравившуюся, забылъ и не могъ вспомнить. Надо записывать. Затѣмъ надо, что хочу попробовать, могу ли худож[ественное] писать. Если не могу, то не огорчусь. Попробовать надо на небольшомъ. Изъ зап[исной] книж[ки]:\n1) Только признай себя виноватымъ, и все запутанное ясно. А виноваты[мъ] признать себя передъ Богомъ, передъ лучши[мъ] собой всегда легко. А они пускай дума[ютъ], ч[то] я виноватъ передъ ними. Да я навѣр[ное] — только поищи — виноватъ и передъ ними.\n2) Жить богатымъ становится все стыднѣе, a бѣднымъ все досаднѣе и досаднѣ[е].\n3) Записано такъ: Смерть есть прекращен[iе] силы жизни въ пространствѣ и времени. Да это такъ, — прекращеніе проявлен[iя] только въ простр[анствѣ] и времени.\n4) Движеніе тѣла въ простр[анствѣ] и времен[и] есть неизбѣжное условіе этой жизни. А это самое движеніе тѣла въ простр[анствѣ] и врем[ени] есть нелѣпость: противорѣчіе и разуму и сознанію. Единственный разумный и согласный съ сознаніемъ смыслъ жизни есть освобожденіе духа отъ этихъ условій. Жизнь есть постепенное — смерть полное освобожденіе.\n5) Высшее религіозное состояніе есть духовный эгоизмъ. Все — для себя, истиннаго себя — Бога въ себѣ.\n6) Воровство? Воровство возможно тольк[о] при нехристіанской жизни. Воровать можно только у воровъ. А какое же возможно воровство при отдачѣ кафтана, когда просятъ рубаху?\n7) Весь матерьяльный прогрессъ нашего христ[іанскаго] міра объусловленъ отсутствіемъ въ болшинствѣ людей этого міра религіозно-нравственныхъ требованій. Вслѣдствіе этого отсутствія — порабоще[ніе] большинства меньшинству и напряженный, направленный на увеличен[iе] удобствъ жизни трудъ.\n8) Нужнѣйшая наука — религовѣденія. Сравненіе всѣхъ религій показало бы, въ чемъ общая всѣмъ религіозная истин[а], и что — случайные наросты.\nХотѣлъ записать еще то, что думалъ о своей потерѣ памяти, и о томъ, что говорилъ милому Пошѣ (онъ вчера уѣхалъ) о томъ, что я — клѣточка, необходимая клѣточка безконечнаго (какъ глупо) организма, да надо итти къ кофею и за работу.\n",
  "source" : "Полное собрание сочинений. Том 56."
}