{
  "id" : null,
  "date" : -1968951600000,
  "place" : "",
  "entry" : "11 Августа.\nПроснулся въ 6. Записалъ о Кросби. Здоровье, кажется, лучше. Теперь послѣ кофе сѣлъ за столъ, но не хочется ничего писать. — Ничего не дѣлалъ. Ѣздилъ къ Ч[ертковымъ]. Вечеромъ Ч[ертковъ] и Колесниченк[о].\n",
  "source" : "Полное собрание сочинений. Том 56."
}