{
  "id" : null,
  "date" : -1978542000000,
  "place" : "Я  П",
  "entry" : "22 Апрѣля 1907. Я. П.\nКазалось, на дняхъ записалъ, а прошло 11 дней. Очень хорошее, радостное, спокойное настроеніе за все врем[я]. Хочется только благодарить и радоваться. Занимался Еванг[еліемъ], Д[ѣтскимъ] К[ругомъ] Ч[тенія] и уроками. Вчера странное состояніе ночью въ постели. Точно кто-то на меня дунулъ. Почувствовалъ свѣжее дыханіе, и поднялось бодрое настроеніе вмѣстѣ съ сознаніемъ близости смерти. Не могу сказать, чтобы было страшно, но не могу сказать, чтобъ былъ спокоенъ.\n[93]Все больше и больше уясняется художественная работа Три вѣка. Хорошо бы работа[ть] надъ этимъ. Записать надо:\n",
  "source" : "Полное собрание сочинений. Том 56."
}