{
  "id" : null,
  "date" : -2793726000000,
  "place" : "",
  "entry" : "21 Июня. Бестужевы два брата. Профессор — порченый наукой. Был добрый. Теперь профессор, чиновник, писатель славянофил, и — воспоминание о человеке. Беседа о вере, об убийстве на войне. «Я не могу убить; освободить народ — народ может», т. е. сказать «Пурдик» и потом логика необязательна. —\n————————————————————————————————————\nСтатья Navet — поучительна. Ложная точка зрения Renan доведена Navet de Laures до абсурда.\n————————————————————————————————————\nБибиков, рассказы о приеме царя и царицы. Маленькие комнатки, просто. —\n",
  "source" : "Полное собрание сочинений. Том 49"
}