{
  "id" : null,
  "date" : -3059492400000,
  "place" : "",
  "entry" : "18 Января.[143] Гости угостили войска под Кожуховым.\n———————————————————————————————————\nЛефорт Posselt II т. 213 и дал[ее]. Стреляли и рани[ли].\nЧеремисы неверные. Молятся солнцу, луне, тому, что видят во сне, говорят: лучше, чем доскам. Смеются, когда говорят о жизни после жизни. —\nЖенятся на 5 женах. Берут сестер. Бабы колпаки длинные с бубенчиками, мущины чужие.\n———————————————————————————————————\nК картине Москвы. Колодники по двое собирают. Только тем и кормятся; а если есть родные, они их кормят.\n———————————————————————————————————\nТолько по крепостям.\n15 лет давность.\nНе выходя из Приказа решил.\n———————————————————————————————————\nНа Дону судятся сами, и только уйдет, уж он прав.\n1/10 деньги сами раскладыва[ют].\n———————————————————————————————————\nЩетинина в монастырь раненного.\n———————————————————————————————————\nВ рядах немцы — сукнами.\nГреки (черные) bijouterie.[144]\nНа седла узды...\n———————————————————————————————————\nСкачки лошадиные в Москве, бои кулачные.\nФ. М. Апр[аксин] женат на Алмазовой.\n80 стр. дн[евника] Корба\nв 30 верст[ах] от Мо[сквы] Дубровицы, деревня Голицына.\nНемцов дразнят: Фря.\nАнна Леонтьевна, бабка Петра.\nУ Голицына два брата, Федор и Иван —\nТела колодников на убогий дом в Покров[ский] монастырь.\nСобачьи кудри, звериный образ.\nП. Апрак[син] 98 воевода в Новгороде.\nУ В. Голицына сын Алексей.\n218 р. Т. 1.\nC’est un homme d’un tempérament violent qui prend aisément feu et qui est brutal dans sa colère. Il augmente son ardeur naturelle en buvant beaucoup d’eau de vie. Il est sujet à des mouvements convulsifs par tout son corps et sa tête parait en être affectée. Il ne manque pas de capacité et il a plus de conn[aissances] qu’on ne pourrait en attendre. II parait être destiné plutôt à être charpentier que grand prince. Il travaillait beaucoup lui-même et obligeait les autres. Il me dit qu’il voulait établir une grande flotte à Azoff et s’en servir contre les Turcs. Mais il ne me parait pas capable d’une telle entreprise, quoique plus tard он лучше. Il entend peu ce qui concerne la guerre et a peu de curiosité à ce sujet.[145]\n———————————————————————————————————\nПавел Иванович Ребовский в станции Воиновские выселки.\nЗабелин 3-я Мещан[ская], Иван Егорович [рядом с церковью] Филиппа митр[ополита], д. Панкова, пр[отив] Кечера.\nPersival — land of the Wadar. —\nAbbé du Bois manners and customs of Indian. —\nSir John Kawse History of the East Indian company.\nColbrouk. Essays on the religion of the Hindus.\n———————————————————————————————————\nПри Петре всё время междуцарство. Корб поручает Москву и Гордону и Ромод[ановскому] и Черкасскому.\nКорб 244. Впрочем р[усские] по слабоумию своему и привычке к рабству\n———————————————————————————————————\nУстрялов, 3 т., 11 стр. Никому не поручено правление.\nЖаровня. Азбука раб. черниль[ница] и перья на снурке\nШахматы. Кубки. Корана войска.\nЧасы Суд Соломона.\nСундуки подголовые.\nПодушки парчевые.\nБратина деревян[ная].\nКовш с домиком на колоннах.\nКружки, кувшины татарск[ие] и нем[ецкие].\nПотолки резные\nНа лапах и птицы —\nПравосл[авное] обозрение.\n———————————————————————————————————\nО Иване Алексеиче Щ[епотеве], его личность? —\nГолицын Б. А., его дети?\nКак звали Марфу М[атвеевну], не Марья ли?\nЧто Шереметев?\nКакая его жена?\n———————————————————————————————————\nПутешествие Шереметева.\n———————————————————————————————————\nО Иване Алекс[еевиче] Голиц[ыне] на Прозор[овской].\n———————————————————————————————————\nПортреты. Тро[е]кур[ова], Прозоровского, Черкасского, Стрешнева. —\n———————————————————————————————————\nПекарского купить.\nШереметева родство.\nРавинской. —\nПортрет в Лавре\nДети боярские? — дворян[ские], келари?\nБюрнет о Петре.\nГюисен. —\n———————————————————————————————————\nПортреты Возницына и Украинцева и их биограф[ии].\nHistoire pour servir à l'h[istoire] de Sophie Charlotte par Erman 1801.\nAlex. Gordon.\nКрейса. —\nАдлерфельд Забелина. —\nВольт[ера]\nЗабел[ина] быт боярина.\nДолгорукова родос[ловная] книга.\nПекарского.\nПопова. —\nАтеней II год 6, 7, 8.\nCarlson. —\n———————————————————————————————————\nСклабовского\nЯновского Дано 800 р. —\nТимофею 500 на почте. Разрешено продать 800 п[удов] пшеницы и лен на (200).\nВелено купить 10 кобыл, жеребца и 2 мерина. —\nБосоты да наготы изнавешены шесты. А голоду и холоду полны амбары стоят. Дым и копоть, а нечего лопать. —\nВот тебе луковка — попова, облуплена, готова.\nВоры заворачивают сторожу тулуп на голову и завязывают.\n",
  "source" : "Полное собрание сочинений. Том 48"
}