{
  "id" : null,
  "date" : -2791911600000,
  "place" : "",
  "entry" : "12 Июля. Проснулся в 5. От желчи не спал. Пошел ходить, ослаб. Михайловна и старуха бедная, чисто одетая, с циплятами.\n————————————————————————————————————\nСлесарь из Саламасово. Болен, 3 детей, побирается, а чисто одет в кафтане.\n————————————————————————————————————\nЗорина идет босиком к Ал[ексею] Степановичу]. Побирушка ждет, хлеба купить. Вчера с покоса пришли, легли не ужинавши. Похлебали только. Коровы нет.\n————————————————————————————————————\nУ дома Жарова. Пожалейте вы меня, 2 дня не ели.\n————————————————————————————————————\nУ Дм[итрия] Фед[оровича] сестра. Муж на поселеньи. Сослан за то, что погрозился. Дай 10 к., а то сожгу. «За пустяки».\n————————————————————————————————————\n",
  "source" : "Полное собрание сочинений. Том 49"
}