{
  "id" : null,
  "date" : -1945278000000,
  "place" : "",
  "entry" : "«Старый брешетъ» огорчило меня, но благополучно преодолѣлъ, захотѣлось сдѣлать ему добро. Надо бы написать. А какъ явенъ самообманъ общины. Разговоры о любви, а желать оскорбить или не замѣтить, что оскорбляешь, — нипочемъ.\n",
  "source" : "Полное собрание сочинений. Том 56."
}