{
  "id" : null,
  "date" : -1941562800000,
  "place" : "Я  П",
  "entry" : "23 Іюня 1908. Я. П.\nНемного лучше, даже много, кажется. Мало спалъ, но на душѣ особенно любовно радостно. Если бы такъ всегда до смерти было! Сейчасъ просители, И[лья] В[асильевичъ], Ваня, старуха Дем[е]нская — все, ч[то] раздражало иногда, только умиляетъ. A слѣпой съ дѣвочкой? — захотѣлось сойтись, обласкать.\nЗаписалъ: себялюбіе, т. е. любить себя больше всего, — и величайшее заблужден[iе] и высшее совершенство. Заблужденіе, когда любишь больш[е] всег[о] свою личность, и высшее совершенст[во], когда любишь больше всего то духовное начало, к[отор]ое живетъ и проявляется во мнѣ.\n",
  "source" : "Полное собрание сочинений. Том 56."
}