{
  "id" : null,
  "date" : -3193066800000,
  "place" : "",
  "entry" : "1868 г. 25 Октября.\n1) Показать, что люди, подчиняясь зоологическим законам, никогда не познают этих законов и, стремясь к своим личным целям, невольно исполняют законы общие. И показать, каким образом это происходит. В особенности заметно при переворотах. (Разврат, останавливающий размножение людей там, где избыток населения.) Спасительный клапан везде. Березы.\nA) Психология, объясняющая это явление. Только смутное сознание участия в з[оологических] законах составляет цену жизни....\nB) Цель каждого человека есть только занять себя на время жизни (Робинзон). Ежели бы он не занимал себя — никто бы не занимал себя — было бы то же самое.\n2) Всё разнообразие жизни происходит вследствие относительного понятия движения, следовательно разнообразия нет. Есть малое число клавиш, различная последовательность их, есть всё разнообразие как личностей людей, так и[150] семей исторических. Везде те же сказки, те же муки, тот же деспотизм, те же войны и т. д. и т. д.\n3) Основная история. Прежде критика прежнего взгляда на историю. — Прогресс. Цивилизация уголка мира — будущность всего. Всё стремление, сближение, быстрота. Трата правнукова состояния. —\nИстория. — Исполняют семьи назначение: продолжение рода человеч[еского]. Столкновения. Каждое хочет всемирного владычества. Зачем? Столкновения переселения с менее на более плодородные. Остановка морей. С юга никогда не завоевывают севера.\nФигура движения\n1) Объект[ивный] и субъект[ивный] метод. Один субъект[ивный] несомненен.\n2) Одна цель жить, т. е. действовать, найти занятие.\n3) Занятие тем радостнее, чем более совпадает с общими законами: — продолжение рода.\n4) Но первобытной цели не видно от столкновений и движения.\n[151]5) Кроме переселений другое явление — спасительный клапан.\n6) Не видно первоначальной цели, а цели частные, служащие исполнением общего.\n7) Как это объясняется психологически? —\n8) Сравнение с клавишами. Все те же. Музыка разная, но результат один и тот же. —\n9) Попытка найти эти вечные клавиши. —\n10) (Прогресс заблуждения личности Европы.)\n11) Основания истории.\nВ нам известном мире — стремление с северо-запада на юго-восток, умеряемое только плотностью населения и противудавлением других сил. Россия завоевывает[152] Кавказ, Крым, Грузию и т. д. Франция удержала только Африку. Испания только Мексику. Сардиния Италию. Пруссия Германию. Северо-американские штаты юг. Англия весь запад. Швеция завоевала бы Европу, но давление России. Первое, что завоевывает Франция, и последнее, что отдает — это Италию. Австрия — Италию. Сардиния приобретает Венецию благодаря более северному давлению Пруссии. Турция Египет и Азиатскую Турцию. Моря — границы — потому что отсутствие давления. —\nПольша — Малороссию, но давление России. Рыцари Тевтонского ордена завоевывают Пруссию. Только Египет и юг составляет провинцию Римлян.\nКогда Европа переполнена и идет назад крестовым походом — открывается Америка и мореплавание. — Открывается пар, когда опять она идет назад при Наполеоне, и без столкновений совершается размещение.\nБывают эпохи в истории, когда чаша кажется переполненной, начинаются брожения, столкновения и выход находится. Открытие Америки[153] — пар и следующий неизвестный нам X.\n[154]Есть страны, к[оторые] способны размножать более народа, чем могут прокормить, есть такие, которые размножают столько, сколько могут; есть такие, которые менее — всё при одной мере цивилизации. Из этого всё движение истории.\nРазмещение есть вся задача истории. Законы размещения и кочевания животных. Никто не скажет, что первый тетерев был тетерев Аттила; а отыскиваем общие причины. — Прогресс — свобода передвижения, быстрота передвижения, вытекает из перемещения, и только одно имеет это значение.\nПосле порыва давления и движения с северо-запада обыкновенно происходит слабая отдача такого же движения — так после порыва, основавшего Грецию — Александр Македонский. Скифы. После порыва Аттилы — крестовые походы, после... Наполеоново нашествие.\n12) Что вечно? и в чем свобода? в совпадении с вечными законами.\nЕдинственный источник людских заблуждений и вытекающих из них ошибок есть способность человека делить свои понятия на субъективные и объективные, — делить эти понятия и думать, что мир объективных понятий есть мир такой же деятельности, как мир понятий субъективных. —\nОбъективный мир есть только мир неизвестного — Бог. Его можно и должно чувствовать, но основывать на нем, как это делают, жизненные и исторические выводы есть источник всех заблуждений людей. —\nДревние были сильнее и умнее нас, потому что всё то, что мы называем философией, историей, юриспруденцией, богословием, они называли ораторским искусством. Первое есть признание возможности объективных выводов, второе — один субъективный взгляд.\nОбъективна только форма.\nВсё субъективное, и одно субъективное имеет содержание.\n",
  "source" : "Полное собрание сочинений. Том 48"
}