{
  "id" : null,
  "date" : -3086103600000,
  "place" : "",
  "entry" : "16 Марта.\nМатерия одна. Материя для себя самой непроницаема. Материя бесконечно дробима. Пространства без материи мы не знаем и не можем себе представить. — Вот аксиомы.\nЛучи солнца действуют на всю известную нам материю. —\n[187]Лучи солнца действуют на материю, окружающую солнце, как радиусы сферы, т. е. чем дальше дуга, тем меньше в нее упираются радиусов и тем они дальше отстоят друг от друга. Для двух плоскостей, перпендикулярных к радиусу или лучам солнца, действие лучей обратно пропорционально квадратам расстояния.\nДействие лучей солнца, какое бы оно ни было, следовательно, обратно пропорционально квадратам расстояния от тел, подвергаемых действию. Это аксиомы.\nа) Чем легче тело, тем более оно содержит в себе скрытого тепла. Чем тяжелее тело, тем менее оно содержит в себе скрытого тепла. — То есть. Чем больше тепла, тем тело менее держит другие тела, или менее непроницаемо в целой массе. Чем менее тепла, тем более оно держит, или более непроницаемо.\nТепло происходит только от солнца: 1) непосредственно лучами и 2) посредственно — химическими соединениями, производящими огонь, 3) механически и 4) от электричества.\nНепосредственное тепло происходит от лучей и очевидно прямо пропорционально квадратам расстояния, т. е. чем ближе тело, тем больше в квадрате на него падают лучи и тем более сообщается тепла.\nПосредственное тепло 2) химическое происходит только от солнца; но так, что солнце действует, только заготовляя силы.\n3) Механическое тепло имеет своим источником силу. Сила же есть выражение, равнозначущее неизвестному. Т. е. когда мы говорим, что тепло механическое происходит от какой-то силы неизвестной. Если бы был найден источник силы, мы бы назвали его. Источник этот почти найден. Т. е. новая теория говорит, что сила и тепло есть то же. (Из моего воззрения очевидно, что всякая сила есть только тепло, и потому определение этой силы для меня излишне.)\n4) Электрическое, хотя и имеет свои особенности, по источнику своему есть только тепло химическое и потому солнечное.\n————————————————————————————————————\nТела легче и тяжеле обр[атно] пр[опорционально] квадратам расстояний. Закон Ньютона.\nПоложение а) чем легче тело, тем более оно содержит тепла скрытого, в соединении с законом Ньютона, показывает, что тела эти на земле подлежат одному и тому же закону. Но закон этот должен быть выражен, для избежания непонятного притяжения, так:\nb) Лучи солнца действуют так, что тепло прямо пропорционально квадратам расстояний, а обратно пропорциональна квадратам расстояний не тяжесть, а степень непроницаемости тел. —\nНепроницаемость есть свойство материи не пропускать другой материи на ее место. Но делимость материи допускает движение частиц. —\nОтчего происходит делимость?\nГипотеза. Лучи солнца проникают более или менее (световые, тепловые) все тела и некот[орые] очевидно. Проникновение есть деление.\nСолнечная материя в лучах разрывает всю другую материю и делает ее более или менее делимою. —\n————————————————————————————————————\nСолнечная материя непроницаема для самой себя и для всякой другой материи, но сама проницает всю материю.\n————————————————————————————————————\nВсё бесконечное различие тел между собою объясняется большим или меньшим проникновением тел лучами.\nВсё бесконечное движение тел объясняется законом. Наипростейшее выражение этого закона следующее:\nВся материя (вообразив ее неподвижною вокруг солнца) протыкана лучами солнца, чем дальше, тем меньше, чем ближе, тем больше. Вся материя приведена в движение (положим хоть движением солнца). Наибольше протыканная материя, очутившаяся дальше, и наименее протыканная, очутившаяся ближе, стремятся каждая на свое место. Движение тяжел[ых] тел вниз и легких кверху дает силы (силу тяготения). Движение частиц тел к сжиманию или к расширению в свою норму дает тепло. Соединение и перемешивание тел (всегда жидких, т. е. свободных передвигаться) при стремлении взаимном к норме и при препятствиях непроницаемости, представляемых одним другому, дает химическое сродство и соединения. При химическом соединении, совпадение лучей (удвоение их) дает огонь.\n————————————————————————————————————\nДля вступления тел в норму есть 4 пути: 1) движение вниз и вверх, т. е. по радиусам, это силы (тяготения). 2) Движение по дугам или хордам, это сцепление и растяжение, или притягиванье и отталкиванье, плотность. 3) Новое проникновение лучей, т. е. проникновение по новым путям — это тепло.\nТепло легко развивается при стремлении газа расшириться и труднее при стремлении крепкого тела сжаться, потому что в 1-м случае пути короче, во 2-м длиннее. Оттого-то теплопроводимость металлов. Разрывание частей и соединение лучей есть огонь.\n4) Тоже проникновение лучей, но не непосредственно, а посредством смешения раздробленных уже частиц.\nЭлектричество движения по окружностям. По путям, существующим по поверхности металлов. Магнетизм — есть только сила сцепления, выражаемая электрической окружностью больше нормы.\nНа вопрос о том, есть ли тепло — тело или движение[188] частиц? Я отвечу: тепло — тело, но не материальное, а солнечное, тепло — движение, но не частиц, а самих лучей. —\nТепло есть движение лучей в теле по новым направлениям. —\nПоэтому оно может быть бесконечно увеличено. —\nЭлектричество есть движение по старым путям. Оно производит тепло только там, где встречает препятствия.\nПо металлам оно ходит так:\nВсякое движение по новому направлению в среде воздуха есть звук, т. е. вызывает воздух к расширению.\nВсякое движение по новому направлению в среде... есть свет.[189]\n————————————————————————————————————\n",
  "source" : "Полное собрание сочинений. Том 48"
}