{
  "id" : null,
  "date" : -2862500400000,
  "place" : "",
  "entry" : "17 Апреля. Оренбургские два молодые казака. Ехали до Сызрана, оттуда пешие[345] по угодникам до Киева; оттуда на Воскресенск, Троицу, Ярославль. Нижегородский читает русский псалтырь, на привале.\nИз Суздальского уезда, портной, лет 40, седой, честное прямое лицо, идет, на ходу читает акафист печерским чудотворцам. Рублей 100 станет; обещался; один сын был, болел и помер. Время всё равно пройдет. —\n",
  "source" : "Полное собрание сочинений. Том 48"
}