{
  "id" : null,
  "date" : -2787937200000,
  "place" : "24, 25, 26,",
  "entry" : "27 августа. 24, 25, 26, 27. Ничего не помню. Соня в Москве. Покупки. Делать то, что не нужно — грех. Разбранить человека за портрет гос[ударя] навывор[от] и гостиную купить одинаково безумно и ведет к злу.\n",
  "source" : "Полное собрание сочинений. Том 49"
}