{
  "id" : null,
  "date" : -1973790000000,
  "place" : "Я  П",
  "entry" : "16 Іюня 1907. Я. П.\nЧертковы пріѣзжаютъ. Очень меня радуетъ. Мало пишу, мал[о] думаю. Былъ въ очень дурномъ духѣ дня два тому назадъ. Болѣе или менѣ[е] держался. Кажется, опять простудился. Записать надо кое-что изъ книжеч[ки]. Теперь записываю кое-что прямо:\n1) Многіе понимаютъ, т. е. думаютъ, что понимаютъ, христ[iанское] ученіе, вообще религіозно-нравственное ученіе, «отчасти», и берутъ кое что, оставляютъ другое. Это все равно, что брать изъ молитвы, изрѣченія, стихотворенія одни слова, откидывая другія. Les grandes pensées viennent du coeur.[134] Это хорошо: les grandes pensées viennent,[135] но «du coeur»[136] не нужно. Развѣ не тоже — христ[iанское] ученіе безъ непротивленія?\n2) То, что жизнь есть непрестающее раскрытіе того, что уже есть, подтверждается тѣмъ, что мы не можемъ ничѣмъ остановить это раскрытіе, представляющееся намъ нашимъ движеніемъ. Я всегда могу заставить себя дѣйствовать (т. е. мнѣ кажется, что я могу). Въ сущности же, я не могу не дѣйствовать, но ни какъ не могу заставить себя не дѣйствовать:[137] остановить обращеніе крови, дыханіе, заснуть.\n3) Самоувѣренны[е] и потому ничтожные люди всегда импонируютъ скромнымъ и потому достойнымъ, умнымъ, нравственнымъ людямъ именно п[отому], ч[то] скромный человѣкъ, судя по себѣ, никакъ не можетъ себѣ представить, чтобы плохой человѣкъ такъ уважалъ себя и съ такой самоувѣренностью говорилъ о томъ, чего не знаетъ.\n4) Въ человѣкѣ сердце и разумъ: т. е. желанія и способность находить средства ихъ удовлетворенія. Но это не весь человѣкъ. Человѣкъ вполнѣ это еще способность сознавать себя (внѣ времени): свои желанія и свой разумъ.\n5) Движеніе, какъ внѣ меня, такъ и во мнѣ есть открываніе для меня того вѣчнаго, внѣвременнаго и внѣпространственнаго существа, к[отор]ое есть и к[отор]аго я не могу обнять, но къ познанію к[отор]аго приближаюсь. Въ этомъ открыван[іи] меня и міра я могу принимать участіе двоякое: пассивное, безсознательное,[138] отдаваясь теченію, признавая реальнымъ переменчивый міръ,[139] — и активное, сознательное, признавая себя духовнымъ существомъ, все болѣе и болѣе раскрывающимся, сливающимся со Всѣмъ. (Неясно выражено, но мнѣ понятно, и надѣюсь выразить когда-нибудь яснѣе).\n",
  "source" : "Полное собрание сочинений. Том 56."
}