{
  "id" : null,
  "date" : -1969642800000,
  "place" : "",
  "entry" : "Опять поправлялъ статью. Получилъ письмо Мельгунов[а] изъ Р[усскихъ] В[ѣдомостей]. Былъ у Голд[енвейзера] и Ч[ертковыхъ]. Вчера пришелъ изъ Ташкентс[кой] общины рыжій Левъ.[554] Удивительн[о] знаетъ все. Нынче были Хирьяковы. Вернулся Душанъ.\n",
  "source" : "Полное собрание сочинений. Том 56."
}