{
  "id" : null,
  "date" : -2860599600000,
  "place" : "",
  "entry" : "5, 6, 7 Мая. Ветер холодный. — 8. Душный после обеда, вечер опять свежий. 9. Тепло, ясно, ветер. Твердеет зелень.\n10. Рано утром, 4 часа, на тусклом от росы лугу блестит темнея щавельник. В 7-м часу, на косом солнце капли на макушках трав блестят. А. Бабы. Бисеру-то что на поднизки. — Бери.\nРано встал — спать хочется. Ясно солнечно, ветер гонит солому, лошади худые, закалянившая порванная сбруя. Присохшая грязь на колесах.\n",
  "source" : "Полное собрание сочинений. Том 48"
}