{
  "id" : null,
  "date" : -1975431600000,
  "place" : "Я  П",
  "entry" : "28 Мая 1907. Я. П.[116]\nНездоровъ и потому просилъ Сашу записать за нѣсколько дней.\n[1)] Душевное состояніе такое, что все непріятно, все, что было, что будетъ, все нехорошо. Что это значить? — А то, что душа хочетъ освободиться отъ прошедшаго и будущаго и жить однимъ неумирающимъ, непроходящимъ и не начинающимся настоящимъ. Такое душевное состояніе хорошо, и надо пользоваться имъ, живя однимъ вѣчнымъ, духовнымъ.\n[2)] Агафья Михайловна спрашивала у Алексѣя Степановича, страшно ли умирать.\n[3)] Для того, чтобы убѣдиться въ томъ, что въ насъ живетъ духовная сила, независимая и не происходящая отъ тѣла, достаточно вспомнить о способности каждаго человѣка судить о своемъ душевномъ состояніи: разсматривать его, какъ нѣчто внѣшнее, сознавать себя, и невозможность сознать это сознаніе, разсматривать его, какъ нѣчто внѣшнее, сознавать сознаніе. Я могу, разсматривая себя, познать, что я сейчасъ раздраженъ или умиленъ, что мой поступокъ былъ дурной или хорошій, но я не могу сознать этого сознанія, разсматривать это сознаніе, какъ нѣчто внѣшнее. Я могу сказать: что я сознаю, что я сознаю (и даже, что сознаю, что сознаю, что сознаю), но это сознаніе не будетъ имѣть никакого содержанія, а будетъ только все то же сознаніе своей духовности.\n[4)] Три предположенія: 1) духъ = сознаніе = разумъ — произведенiе матеріи и въ зависимости отъ нея. 2) Матерія — произведенiе сознанія и въ зависимости отъ него. 3) Духъ и матерія нераздѣльно соединены и ни одна не вліяетъ на другую.\nВъ первомъ случаѣ на вопросъ, откуда взялась матерія, составляющая мое тѣло, я долженъ отвѣтить: отъ прежде бывшей матеріи. А та? Отъ прежней. А та? И я долженъ признать совершенно непонятную мнѣ матерію, появившуюся сама собою.\nПри второмъ на вопросъ, откуда взялась душа? я отвѣчаю тѣмъ, что не признаю вопроса. Душа, сознаніе, разумъ, ни откуда не появилось — оно есть, одно дѣйствительно есть, такъ есть, что безъ него ничего нѣтъ. И потому въ первомъ случаѣ источникъ меня внѣ меня въ безконечн[омъ] и совершенно непостижимъ, во 2-мъ онъ во мнѣ и вполнѣ ясенъ.\nТретье же предположеніе отпадаетъ само, такъ какъ не могутъ быть равны два начала жизни, изъ которыхъ одно вполнѣ непонятно, а другое вполнѣ понятно.\n[5)] Сонъ — совершенное подобіе смерти: въ томъ, что прекращается сознаніе, но не прекращается жизнь. Можетъ быть, подобенъ сонъ и тѣмъ, что въ немъ начинается новое сознаніе, все основанное на прежнемъ (бдящемъ), но не связанное съ нимъ.\nМожетъ быть, подобіе и въ томъ, что вся наша жизнь относится къ истинной жизни, какъ сновидѣнія къ нашей теперешней жизни. Точно также, какъ въ теперешней жизни послѣ каждаго засыпанія и пробужденія жизнь все больше и больше открывается, такъ и истинная жизнь все больше и больше открывается съ каждымъ рожденіемъ послѣ смерти.\n[6)] Поступки по вѣрѣ усиливаютъ вѣру. Вѣра производитъ поступки. Circulus viciosus.[117]\n1) Сегодня, 13 Мая, проснувшись, испытываю странное новое душевное состояніе: какъ будто все забылъ — не могу вспомнить, есть ли Ю[лія] И[вановна] или нѣтъ, не могу вспомнить: какое число? что я пишу? — А между тѣмъ не столько представленія, сколько чувства нынѣшнихъ сновидѣній представляются особенно ярко.\n2) Воспользоваться свободой революціи для того, чтобы избавиться отъ суевѣрія необходимости власти. «Но люди не готовы». Тутъ cercle vicieux.[118] Люди не будутъ готовы, пока будетъ развращающая ихъ власть.\n3) Какъ опекунъ считаетъ всегда неготовымъ воспитанника, также и кандидаты въ опекуны. Анархисты видятъ зло власти, но вѣрятъ въ нее — въ ея средства.\n4) Можно любить всякаго человѣка. Только, чтобы любить такъ человѣка, надо любить его не за что нибудь, а ни за что. Только начни любить такъ и найдешь, за что.\n5) Что прежде, что послѣ? Прежде надо освободить людей отъ рабства, а потомъ уже облегчать машинами работу. А не такъ, какъ теперь — когда изобрѣтеніе машинъ только усиливаетъ рабство.\n6) То, что ученые историки все дальше и дальше проникаютъ въ древность, показываетъ, что и прошедшее открывается намъ также, какъ и будущее, но открывается другимъ процессомъ и также неполно.\n7) Спрашивать: есть ли Богъ? все равно, что спрашивать: есть ли я? Я въ себѣ знаю Бога — не всего, но частицу, проявленіе. Все то, чего я есмь проявленіе, это есть Богъ, столь же неизбѣжно существующій, какъ и я.\n8) Вредъ медицины въ томъ, что люди больше заняты тѣломъ, чѣмъ духомъ. Жизнь сложилась такъ, что гибнутъ миліоны молодыхъ, сильныхъ, здоровыхъ, дѣтей — гибнетъ жизнь, а старательно и искусно лечатъ старыхъ, ненужныхъ, вредныхъ. Главное, пріучаетъ людей — даже народъ — больше заботиться о тѣлѣ, чѣмъ о душѣ.\nЕсли бы не было ея совсѣмъ, не было бы этого соблазна заботы о тѣлѣ, люди больше думали бы о душѣ, и въ общемъ положеніе людей было бы много лучше. Прекрасное выраженіе въ народѣ, когда боленъ: помираю. Болѣзнь заставляла бы думать о смерти, а не объ аптекѣ.\nА живи люди болѣе духовной жизнью, не было бы браунинговъ, войнъ, голодныхъ дѣтей и матерей, уничтожающихъ плодъ.\n9) Говорятъ: нѣтъ духовнаго начала, все отъ тѣла. Если люди живутъ для тѣла, заняты только тѣломъ, никогда не борятся съ нимъ, то какже имъ думать иначе. Ребенокъ живетъ для тѣла, но не объясняетъ, не оправдываетъ этого, но горе, когда взрослый продолжаетъ жить по-ребячески и искусными умствованіями оправдываетъ это. Только тотъ, кто борется съ тѣломъ, знаетъ, что такое тѣло, и знаетъ, что есть то, что борется съ нимъ и что сильнѣе его.\n10) Свобода, равенство можетъ быть осуществимо только любовью, а не насиліемъ.\nПри осуществленіи насиліемъ это — величайшее зло.\n11) Двѣ науки точныя: математика и нравственное ученіе.\nОдно — самое поверхностное, другое — самое глубокое. Точны и несомнѣнны эти науки потому, что у всѣхъ людей одинъ и тотъ же разумъ, воспринимающій математику, и одна и та же духовная природа, воспринимающая (ученіе о жизни) нравственное ученіе.\n",
  "source" : "Полное собрание сочинений. Том 56."
}