{
  "id" : null,
  "date" : -1930244400000,
  "place" : "Я  П  Если буду жив",
  "entry" : "1 Нояб. 1908. Я. П. Е[сли] б[уду] ж[ивъ].\nПропустилъ день. Нынче 2 Н. 1908. Я. П.\nВчера занимался — статьей Сербск[ой]. Кончаю. Не плохо и не хорош[о], средне. Вчера б[ыло] на душѣ или, скорѣ[е], на тѣлѣ тоскливо, п[отому] ч[то] не поддавался. Нынче утро, и хочется записать вотъ что:\n1) Гуляю, сижу на лавочкѣ и смотрю на кусты и деревья, и мнѣ кажется, ч[то] на деревѣ большiе два какъ бы ярко оранжевые платка; а это на вблизи стоящемь кустѣ два листка. Я отношу ихъ къ отдаленнымъ деревьямъ, и это два большіе платка, и ярко[466] оранжевые они отъ того, что я отношу цвѣтъ этотъ къ удаленному предмету. И подумалъ: Весь міръ, какой мы знаемъ, вѣдь только произведеніе нашихъ внѣшн[ихъ] чувствъ: зрѣнія и осязанія... и наш[ихъ] соображеній.[467] Какъ же вѣрить въ реальность, единую реальность[468] міра, какимъ мы его представляемъ себѣ? Какой онъ для блохъ? Какой для Сиріуса, для неизвѣстнаго мнѣ существа, одареннаг[о] неизвѣстными мнѣ чувствами? И пространство и время — это все мною построено. То, что я называю безконечно малыми существами, нисколько не меньше меня. И то, что я называю моментомъ, нисколько не меньше того, что я называю вѣчностью. Одно, одно есть, то, что сознаетъ, а никакъ не то, что оно познаетъ и какъ.\n2) О чувствѣ мѣры въ искусствѣ: то, ч[то] отсутствіе мѣры[469] выставляетъ на видъ производителя искусства, и отъ того уничтожает[ся] иллюзія того, что я н[е] воспринима[ю], а творю.\n",
  "source" : "Полное собрание сочинений. Том 56."
}