{
  "id" : null,
  "date" : -1971198000000,
  "place" : "",
  "entry" : "Всталъ бодро. Купецъ — поэтъ и учите[ль] ужасно глупые. Потомъ писалъ плохо, но много. Потомъ Ветеринаръ и юно[ша] Сарат[овскій], потомъ пропас[ть] народа. Ч[ертковъ]. Здоровь[е] хорошо.\nВсталъ рано. Нача[лъ] писать письмо Ст[олыпину], потомъ передѣлалъ Не убій Ник[ого]. Американцы глупые, Евреи. Былъ у Ч[ертковыхъ]. — Поносъ. Пріѣхал[и] Ч[ертковъ] и Серг[ѣенко] и Досевъ.\n",
  "source" : "Полное собрание сочинений. Том 56."
}