{
  "id" : null,
  "date" : -2705857200000,
  "place" : "",
  "entry" : "[22 марта/3 апреля.] Сегодня позднее еще. Принялся за Конкордию — надо сделать, а потом Ур[усова] перевод. И перевод плох, а оригинал еще плоше. Нехорошо вступление к заповедям, ничем не мотивировано. Надо написать вновь для всех. Работал до самого обеда. После обеда ходил покупать товар и кроил башмаки до 10. Теперь 11-й час, иду к Сереже. Я грущу, что мое дело не растет. Это всё равно, что грустить о том, что посеянное не всходит сейчас же, что зерен не видно. Правда, что поливки нету. Поливка была бы — дела твердые, ясные, во имя учения. Их нет, п[отому] ч[то] не хочет еще Бог.\nПросидел у Сер[ежи] до 2-х, играл в винт с Сер[ежей] с[ыном], Сер[ежей] б[ратом] и Сухот[иным]. Весело, добродушно, но лучше бы не играть, т. е. не делать пустого.\n",
  "source" : "Полное собрание сочинений. Том 49"
}