{
  "id" : null,
  "date" : -1926442800000,
  "place" : "Я  П",
  "entry" : "15 Дек. 1908. Я. П.\nОч[ень] слабо себя чувствую. Давно не б[ыло] такъ. Нынче вернулась С[оня]. Я цѣлое утро ничего не писалъ и тольк[о] дѣлалъ пасьянсы. Хочу записать не записанное изъ книжечки.\n1) Истинная, блаженная жизнь это — сознательное, всей жизнью исполненіе воли Бога. Согласіе своей воли, подчиненіе ея волѣ Всего.\n2) Основа представленія человѣка о веществѣ, движеніи, пространствѣ и времени — въ отдѣленности человѣка отъ міра, отъ Всего. — Для того, чтобы сознавать себя отдѣленнымъ, человѣкъ долженъ представить себѣ вещество[483] движущееся;[484] вещество п[отому], ч[то] отдѣленнымъ или соединеннымъ[485] должно быть что нибудь. Вотъ это что нибудь и есть вещество; движущееся же п[отому], ч[то] только движеніемъ могутъ быть отдѣлены части вещества другъ отъ друга. Отдѣленное же[486] вещество[487] нельзя себѣ представлять иначе, какъ занимающее извѣстное мѣсто въ[488] пространствѣ.[489] Движеніе же, перемѣна мѣста въ пространств[ѣ][490] включаетъ въ себя представленіе о томъ, что вещество было въ одномъ мѣстѣ и стало въ другомъ; т. е. понятіе времени.\nТоже, что ни вещество, ни движеніе, ни пространство, ни время не имѣютъ никакого реальнаго значенія, а суть только необходимости нашего сознанія отдѣленности, доказывается тѣмъ, что всѣ эти понятія не могутъ представляться иначе, какъ безконечными, т. е. не имѣющими сами по себѣ никако[го] реальнаг[о] смысла. Реально, дѣйствительно тольк[о] отдѣленность человѣка отъ Всего; веществ[о] же, движеніе, пространство и время[491] суть только необходимыя условія мысли при сознаніи человѣкомъ своей[492] отдѣленности.\n2) То, что мы называемъ жизнью, есть только та частица ея или, скорѣе, проявленіе ея, к[отор]ое мы сознаемъ въ нашемъ тѣлѣ. (Не пом[ню]).\n3) Все[493] хорошее не достается даромъ: смерть достигается страданіями. Они же и облегчаютъ ее для тѣхъ, кто не видятъ ея блага.\n4) Есть только два рода людей: религіозны[е], живущіе для исполненія Общей воли, и нерелигіозные, живущіе для себя. Это два болѣе различныя существа, чѣмъ волкъ и заяцъ.\n5) Наука по отношенію къ закону любви (непротивленія) поступаетъ также, какъ поступала религія: не отрицаетъ прямо закона любви, но ставитъ выше его законы, уничтожающіе его. Въ религіи это было — повиновеніе власти отъ Бога; въ наук[ѣ] это — повиновеніе законамъ исторически[мъ], экономическимъ, естественнымъ.\n6) Посланія Іоанна отрицаютъ всякое представленiе о Богѣ, кромѣ любви, кромѣ того начала любви, к[отор]ое каждый человѣкъ сознаетъ въ себѣ. Просить не о чемъ и некого. Можно только жить или не жить любовью.\nКогда нѣтъ никакого другаго Бога, кромѣ любви, то хочешь — не хочешь будешь служить любви, если почувствовалъ недостаточность жизни для себя и потребность общенія съ высшимъ, со Всѣмъ, міромъ.\nВотъ эта-то вѣра нужна; нужна п[отому], ч[то] она возможна только на дѣлѣ. И прочна эта вѣра п[отому], ч[то] все лишнее отброшено, а держится на томъ, что знаетъ всякій человѣкъ и разумомъ и сердцемъ.\nМолитва при такой вѣрѣ не такая, въ к[отор]ой къ кому-то обращаешься, просишь кого-то: помоги, помилуй, а тольк[о] такая: «знаю, что Ты — любовь. Хочу жить Тобою». (Нехорошо.)\n7) Любовь это — сознаніе своей истинно[й] жизни, единой во Всемъ. Дѣти, приходя ОТТУДА, еще ясно чувствую[тъ] эту жизнь и ея единственно[е] вполн[ѣ] доступное намъ проявленіе въ любви. Сознані[е] своей личной жизни есть самообманъ. Старость понемногу освобождаетъ отъ него. Совсѣмъ освобождаетъ смерть.\n",
  "source" : "Полное собрание сочинений. Том 56."
}