{
  "id" : null,
  "date" : -3358263600000,
  "place" : "1863,     неразобр  неразобр ,",
  "entry" : "[1863, 3... 16 Августа.] <Соня, прости меня, я теперь только знаю, что я виноват и как я виноват! Бывают дни, когда живешь как будто не нашей волей, а подчиняешься какому-то внешнему непреодолимому закону. Такой я был эти дни насчет тебя. — И кто же [1 неразобр.] я. А я думал всегда, что у меня много недостатков и есть одна десятая часть чувства и великодушия. Я был горд и жесток и к кому же? — К одному существу, которое дало мне лучшее счастье жизни и которое одно любит меня. Соня, я знаю, что это не забывается и не прощается; но я больше тебя знаю и понимаю всю подлость свою. Соня, голубчик, я виноват, но я гадок [1 неразобр.], во мне есть отличный человек, который иногда спит. Ты его люби и не укоряй, Соня.>\n",
  "source" : "Полное собрание сочинений. Том 48"
}