{
  "id" : null,
  "date" : -2903194800000,
  "place" : "",
  "entry" : "————————————————————————————————————\nВсѣхъ людей мож[но] распредѣлять по этимъ тремъ дѣятельностямъ, по отношені[ю] ихъ. — Прибавить къ этому большую или меньшую способность 1) памяти, 2) быстроты соображені[я], 3) художественности, 4) религіозности.[1879]\n————————————————————————————————————\nЖалѣть = любить. Какъ вѣрно это русск[ое] выраженіе!\n",
  "source" : "Полное собрание сочинений. Том 55"
}