{
  "id" : null,
  "date" : -1956596400000,
  "place" : "новый год,  Ясн  Пол",
  "entry" : "Нынче новый 1908 годъ, 1 Января. Ясн. Пол.\nДописываю изъ книжечки. Все также занять Кр[угомъ] Чт[енія] и, кажется, подвигаюсь. Андр[ей] и Сер[ежа] съ женами. Я борюсь съ своими чувствами къ...\nДописываю изъ книжечки, какъ разъ кончившейся къ новому году.\n1) Если человѣкъ думаетъ въ часъ смерти, что ему нечего дѣлать, онъ не знаетъ жизни. Ему надо дѣлать все тоже, что онъ дѣла[лъ] во всю свою жизнь: освобождать свою душу.\n2) Можно себя пріучить помнить шуточны[е] стихи или помнить изрѣченія мудрыхъ и святыхъ людей,[306] то, что называютъ[307] молитвам[и].\n[308]3ачѣмъ я пишу это? Затѣмъ, что это мнѣ нужно, а можетъ быть это нужно и другимъ.\n3) При всякомъ жизнепониманіи приходишь къ чему-то такому, про что знаешь, что оно есть, но что не можешь выразить словами. Только это есть вѣра.\n4) Человѣкъ — все и ничто, а онъ думаетъ, что онъ — что-то. Въ этомъ вся ошибка — грѣхъ. Отъ этого суевѣріе личности.\n5) Можетъ быть свободенъ человѣкъ, терпящій насилiя, но никакъ не совершающій ихъ.\n6) Матерьялисты опредѣляютъ понятія понятіями болѣе неопредѣленны[ми], чѣмъ то, что они опредѣляютъ. Напримѣ[ръ]: «Критерій истинности есть[309] возможность целесообразной деятельности».\n",
  "source" : "Полное собрание сочинений. Том 56."
}