{
  "id" : null,
  "date" : -1974394800000,
  "place" : "Я  П",
  "entry" : "9 Іюня 1907. Я. П.\nНынче пробудился. Хорошо на душѣ. Вспомнилъ о томъ, что Николаевъ въ своей книгѣ высказываетъ мои мысли о томъ, что человѣкъ есть отдѣленное духовное существо,[121] сознающее свою отдѣленность пространствомъ и временемъ, и мнѣ сдѣлалось непріятно. И опять точно также, какъ отъ письма А[ндрея], когда я прикинулъ этотъ вопросъ къ дѣлу жиз[ни], къ отношенію къ Богу, сейчасъ не тольк[о] прошло, но изъ тяжелаго, непріятнаго чувств[а] перешло въ радостное, высокое.\nЗаписать:\n[122]1) Безумная жизнь людей. Вся безумная — и старая и новая,[123] которыя борятся между собой. Состарѣвшаяся безумная жизнь считается разумной, новая безумная жизнь считается прогрессомъ: Вѣра, политика, наука, искусство, педагогика, промышленность, торговля, финансы, земледѣліе, печать, общеніе половъ, медицина, психіатрія, табакъ, вино. Все одинаково безумно — и старое и новое.\n2) Вѣра, исповѣдуемая христi[анскими] народами, — вѣра еврейская. Отъ того успѣхъ Евреевъ всравне[ніи] съ христіанами, хотя и смутно, но придерживающимися истиннаго христіанства. Если представить себѣ[124] народы исповѣдующими такую религію, к[отор]ая требовала бы, главное, энергическихъ[125]порывовъ, легкомыслія, веселости, то въ народахъ, исповѣдующихъ такую религію, самый большой успѣхъ имѣли бы цыгане.[126]\n3) Міръ раскрывается мнѣ въ извѣстный моментъ своего развитія, и раскрывается мнѣ, какъ человѣку (такъ и всѣмъ людямъ), извѣстнымъ темпомъ, т. е. съ одной и той же быстротой, какъ ровно поворачивающееся колесо часовъ. Я могу себѣ представить[127] существа, изъ к[оторыхъ] стали люди, за сотни тысячъ лѣтъ въ прошедшемъ, въ тотъ моментъ, когда они были звѣри, могу представить себѣ и[128] міръ впередъ на сотни тысячъ лѣтъ, когда волкъ будетъ лежать съ ягненкомъ (сдѣлается травояднымъ или ручнымъ). Это относительно момента раскрытія, но я могу представить себѣ и болѣе медленный и болѣе быстрый, чѣмъ нашъ, темпъ раскрытія. И одно это измѣненіе темпа дастъ возможность[129] бытія самыхъ разнообразныхъ, непонятныхъ намъ существъ.\n4) Вся цѣль теперешней цивилизаціи — уменьшеніе труда и увеличеніе удовольствій праздности. (Еврейская цивилизація: празднос[ть] — условіе рая). Тогда какъ[130] главное[131] благо человѣка — матерьяльное — должно быть въ увеличеніи пріятности труда. При теперешней цивилизаціи человѣкъ, его радости, [132] отдаются въ жертву выгодѣ. Паръ вмѣсто лошади, сѣялка вмѣсто руки, велосипедъ, моторъ вмѣсто ногъ и т. п.\n5) Вредъ — и самый большой — медицины въ томъ, что мѣшаетъ спокойной торжественности процесса умиранія.\n6) Самое вѣрное средство прогнать сомнѣнія и укрѣпить себя въ томъ, въ чемъ сомнѣваешься, это то, чтобы проповѣдывать, учить другихъ тому, въ чемъ сомнѣваешься. Ив. Мих. Трегубовъ.\n7) Когда человѣкъ лишился способности зрѣнія, онъ не можетъ уже отличать свѣтъ отъ тьмы. Также и человѣкъ, лишившійся сознанія своей божественности, теряетъ возможность различенія добра и зла.\n8) Одно чувство проникаетъ всю библію и связываетъ между собой всю ту кашу самыхъ разныхъ и по смыслу и по достоинст[ву] мыслей, правилъ, разсказовъ, это — чувство исключительной, узкой любви къ своему народу.\n9) Испыталъ большую радость[133] общенія съ Богомъ, только съ\nБогомъ, безъ людей. И испыталъ это, благодаря пись[му] А[ндрея], к[отор]ое при отсутствіи общені[я] съ Бого[мъ] б[ыло] бы очень больно.\n10) Нынче поймалъ себя, по случаю письм[а] П. Николаева, на томъ, какъ я еще дорожу славой людской. Тоже превратилъ въ радость.\n",
  "source" : "Полное собрание сочинений. Том 56."
}