{
  "id" : null,
  "date" : -1968174000000,
  "place" : "",
  "entry" : "С утра Дудченк[о] и Граубергеръ. Мно[го] потерялъ крови и слабъ. А кишки лучше. Хочу заняться К[ругомъ] Ч[тенія].\n3 рабочихъ. Очень хорош[іе].\nНемного занялся. Пріѣхалъ Малев[анный]. Тяжело б[ыло] и просто скучно. — Ходилъ пѣшк[омъ] съ Дудч[енко]. Обѣдало мно[го] народа. Музыка, усталъ отъ народа. Соф[ья] Алек[сандровна].\n",
  "source" : "Полное собрание сочинений. Том 56."
}