{
  "id" : null,
  "date" : -2846948400000,
  "place" : "",
  "entry" : "14 Окт. По дороге, воскресн[ый] базарный день, гремят, шлепают по грязи копыта, колеса, веселые, закулевш[ие], голоса. Гора в тумане — телега — другая.\nВечер. Луна высокая в тучках. Тихо. Туман в лощинах.\n",
  "source" : "Полное собрание сочинений. Том 48"
}