{
  "id" : null,
  "date" : -2845738800000,
  "place" : "",
  "entry" : "28 Октября 1879.\nЕсть люди мира, тяжелые, без крыл. Они внизу возятся. Есть из них сильные — Наполеоны пробивают страшные следы между людьми, делают сумятицы в людях, но всё по земле. Есть люди, равномерно отращивающие себе крылья и медленно поднимающиеся и взлетающие. Монахи. Есть легкие люди, воскриленные, поднимающиеся слегка от тесноты и опять спускающиеся — хорошие идеалисты. Есть с большими, сильными крыльями, для похоти спускающиеся в толпу и ломающие крылья. Таков я. Потом бьется с сломанным крылом, вспорхнет сильно и упадет. Заживут крылья, воспарит высоко. Помоги Бог.\nЕсть с небесными крыльями, нарочно из любви к людям спускающиеся на землю (сложив крылья), и учат людей летать. И когда не нужно больше — улетит. Христос.\n",
  "source" : "Полное собрание сочинений. Том 48"
}