{
  "id" : null,
  "date" : -1940958000000,
  "place" : "Я  П",
  "entry" : "30 Іюня 1908. Я. П.\nТретьяго дня б[ылъ] слѣпой, бранившій меня. Вчера я ходилъ къ нему къ Николаеву и сказалъ, ч[то] я люблю его 1) за то, что онъ ищетъ Божьей истины, 2) за то, ч[то] онъ — тотъ ненавидящій, обижающ[ій], к[отораго] должно любить, и 3) за тѣмъ, ч[то] я, можетъ, могу быть нуженъ ему, и простил[ся] съ нимъ, пожавъ его руку. Онъ передъ отъѣздомъ хотѣлъ видѣть меня. Я обрадовался. Онъ сказалъ: я нечаянно пожалъ руку, я не могу жать руку подлецу, мерзавцу, фарисею, лицемѣру.... С[офья] А[ндреевна] велѣла ѣхать, но я успѣлъ сказать, и искренно, что я люблю его. О, если бы такъ со всѣми!\n[432]Вчера были теософки. Записать хочу:\n[433]1) то, что любить истинно и можно и должно только ненавидящихъ, и то, ч[то]\n2) Большая часть нерелигіозныхъ людей пользуются нравственными требованi[ями] только для оправданія своихъ[434] себялюбивыхъ цѣлей.\nНа душѣ хорошо, но хочется умереть, уйти отъ всего этого чуждого....\n",
  "source" : "Полное собрание сочинений. Том 56."
}