{
  "id" : null,
  "date" : -2791047600000,
  "place" : "",
  "entry" : "[22 июля.] 22. Мужики Антоновские, побыли на 4-х дес[ятинах], 220 р. Не сговорились. Молокане. Я читал свое. Горячо слушают. Толкование 6 гл[авы] прекрасно. Чудо Хананеянки, беснующаяся, заблудшая. Истиной исцелял.\n————————————————————————————————————\nПругавин. Сютаевцы — сын в крепости за отказ от военной службы.\nСережа хворает, у меня флюс.\n",
  "source" : "Полное собрание сочинений. Том 49"
}