{
  "id" : null,
  "date" : -3155655600000,
  "place" : "",
  "entry" : "У царицы стольники 10 лет. Мамка мужа Анна Ивановна, сиротка девица боярышня.\nВ 1695 царице 27 лет.\nПришли подводы из рязанской деревни.\nИоанн Алексеевич с Прасковьей Федоровной.\nАндр[ей] родился\nОщупал живот, нашел одну болезнь. Жену не любишь — любишь чужанку.\nСапела — след неприятен.\nПоходы царицы по ночам.\nПортомои.\nГнезда стрел.\n————————————————————————————————————\nКардим брат.\n————————————————————————————————————\nПлачет, когда провалится в воду, и легче.\nПонемногу вспоминает величие и всё тяжелое. Вспоминает и вещи.\nПротивнее всего царевна и своя ложь.\n",
  "source" : "Полное собрание сочинений. Том 48"
}