{
  "id" : null,
  "date" : -2704993200000,
  "place" : "",
  "entry" : "[1/13 апреля.] Встал рано. Взялся было за Евангелие — пересматривать всё и соединять, как приехал Урусов. Говорил с ним слишком поспешно. Пошел, но озяб и зубы заболели. Вернулся и лег. Обедали. Кисл[инский], Стах[ович]. Хотел заснуть, Урусов помешал. Пошел к Сереже за посудой. Дома собралась бестолковая толпа. Пели. Я напрасно просил петь (1). Ужасно поздно сидели. Нервы совсем ослабли. Чувство стыда и преступления. Урусов тверд и ясен. Она — мягкая и не злая.\n",
  "source" : "Полное собрание сочинений. Том 49"
}