{
  "id" : null,
  "date" : -1968606000000,
  "place" : "",
  "entry" : "[15 августа.]\nЭто б[ыло] 13.\nВчера 14. Все также печень. Ничего не дѣлалъ. Ѣздилъ къ Ч[ертковымъ]. Разговоръ съ Русовы[мъ]. Очень б[ыло] пріятно. Вечеръ Гинцбургъ и Суллер[ъ], Голденв[ейзеръ]. Всѣ оч[ень] веселил[ись].\n",
  "source" : "Полное собрание сочинений. Том 56."
}