{
  "id" : null,
  "date" : -2705598000000,
  "place" : "",
  "entry" : "[25 марта/6 апреля.] Как всегда. Перевод пересматривал. То же впечатление. Мне нужно читать это. Пришел Вл[адимир] Алекс[андрович]. Пошел гулять. Опять тот мужик. Я было просил и досадовал. (Он не видал Ге) (1). Обещал завтра отправить. Обед мучительный, как всегда. Разговор о жизни с Вл[адимиром] Алекс[андровичем] при жене: я горячо говорил (2), но лучше прежнего. Пошел к Урусовым. Кажется ничего, хотя и б[ыл] слаб умом. Потом к Дмоховской. Встретил дочь. Она говорила как будто с своим. Тут б[ыл] respect humain,[66] что я не сказал свой взгляд (2). Вечер мучительный — гости. Притворялся, не говорил всё прямо (3). — Письмо от Урусова, два от просителей. Бросил письма в корзинку. Не умею иначе.\nДа, удивительный разговор с Кост[енькой] за обедом. Он чувствует себя виноватым за свою лень и праздность. Озмидов трудолюбив и работает ту же работу, и потому он ему упрек.\nБез всякого вызова добрый Костя говорит: Озм[идов] лжет, нагло лжет, что пишет 10 час[ов] в день. — Человек, делающий дурное, самое дурное — не зол и часто бывает очень добр — цари, солдаты. Но человек, делающий дурное и знающий, что это дурно, — сомневающийся, вот кто зол, только эти злые и есть в мире.\n",
  "source" : "Полное собрание сочинений. Том 49"
}