{
  "id" : null,
  "date" : -3090596400000,
  "place" : "",
  "entry" : "24 Янв. 1872.\nТяготенья — нет.\nТепла — нет.\nЯвления тяготения суть явления вращения концентрических разных — в N. отношении плотности к центру — сфер. Ядро падает на поверхность — т. е. из сферы воздуха стремится в сферу железа. —\nВодород падает наверх, т. е. из сферы воздуха стремится в сферу водорода. —\n(Сфера земли (и всякого тела небесного) не кончается ни его поверхностью, ни его атмосферой, ощущаемой, оно непосредственно граничит другим телом и исключает возможность двух тел занять одно пространство.)\nЛуна вертится вокруг земли, потому что легче, и составляет одно из видимых тел, вращающихся вокруг земли.\nЗемля вращается с др[угими] планет[ами] вокруг солнца. Т. е. по мере своей плотности относительно сфер солнца находит свой путь в одной из сфер. Направление ее определено сферой вращения солнца, непосредственно соприкасающейся с ее сферой и сферами других планет.\nМасса пропорциональна притяжению. В Азии лощина. Ось элиптическая.\nЕлектричество — освобожденная от центростремительной центробежная сила.\nОно бежит (по коридору), стремясь к кругу в хорош[ем] проводнике.\nМеталл охлаждается при растягивании — каучук согревается.\n———————————————————————————————————\nТепло — сила — плотность точек сил — солнца в центре земли в высшей растяжимости по отношению к солнцу и в высшей плотности по отношению к земле.\nОтношение осей вращения\nПлотность — есть сила относительно единицы массы.\nСила одна. Различие ее только относительно единицы массы.\n———————————————————————————————————\nСила электричества огромна относительно бесконечно малой единицы искры. Сила тепла ядра, согрет[ого] дыханьем, мала. Работа пропорциональна массе. Но сила обратно пропор[циональна] степеням массы.\nСила есть движение вращения. Она прямо пропорциональна радиусу сферы, если сферы концентрические; но точки, если отстоят друг от друга, обратно пропорц[иональны]. В центре земли — далеко отстоящем — точки сил солнца на поверхности, еще больше разреженные на более сильные точки сил, произведен[ные] вращением земли.\n———————————————————————————————————\nТелом мы называем единицу точек сил. На чем основано подразделение единиц тел? На физическом строении человека.\n———————————————————————————————————\nПлотные точки сил в земле производят плавление металла.\nРазреженные и более интенс[ивные] производят растения, организмы.\nЕще более разреженные и интенс[ивные] производят явления, не ощущаемые нами.\nОдно из них луна, аэролиты.\nОтчего на горах снег?\nОтчего, зимой холодно?\nОтчего свет на выворот?\n———————————————————————————————————\nОтчего растения пошли кверху?\n———————————————————————————————————\n",
  "source" : "Полное собрание сочинений. Том 48"
}