{
  "id" : null,
  "date" : -1927393200000,
  "place" : "Я  П",
  "entry" : "4 Дек. 1908. Я. П.\nВчера б[ылъ] дѣятеленъ: писалъ дневникъ, написалъ объ Эртелѣ и поправилъ предисловіе къ нов[ому] Кр[угу] Чт[енія]. Тяжелый разговоръ съ С[оней]. — Мнѣ и во время разговора б[ыло] жалко ее, a послѣ[480] умилительно. Записалъ оч[ень] важное:\n1) При мысли о предстоящихъ поступкахъ и, если можешь, при совершеніи самыхъ поступковъ, спрашивай себя: для чего ты дѣлаешь то, что дѣлаешь: для себя ли, для Бога, для своей совѣсти, или для людей, для ихъ одобренія. Спрашивай себя: будешь ли дѣлать тоже, что дѣлаешь, если бы ты нетолько зналъ, что никто никогда не узнаетъ про это, но что это доброе для оцѣн[ки] твоей совѣсти дѣло останется для людей поводомъ осужденія тебя.\nНадо пріучать себя къ этому. Это — единственно важное дѣло въ жизни и для 14-лѣтн[яго] мальчика и для меня, 80-лѣтн[яго] старика.\nНе могу иногда не видѣть благотворность моихъ добрыхъ поступковъ и не могу не умиляться, не радоваться. Но помни, что главныя послѣдствія не видны тебѣ, а есть.\n2) На свѣтѣ нѣтъ ничего великаго, есть правильное и неправильное тольк[о]. А все одинаково безконечно велико или безконечно мало.\n",
  "source" : "Полное собрание сочинений. Том 56."
}