{
  "id" : null,
  "date" : -3088263600000,
  "place" : "",
  "entry" : "Февраля 20. —\n———————————————————————————————————\nК 11 ч. Споры со стенами по юриспруденции, богословию и всем предметам — стена.\n1) закон, 2) откровение, 3) наука.\n———————————————————————————————————\nПостоянно Ф. И. перескак[ивает].\n———————————————————————————————————\nНаставленье детям.\nПо двору не ходить. Двор сделан для того, чтобы ореол был. То, разумеется, не ходи. Вглядись в радугу, не увидишь ее.\n———————————————————————————————————\nВеличанье цыган — дики.\nДевочка заснула. Тип.\n",
  "source" : "Полное собрание сочинений. Том 48"
}