{
  "id" : null,
  "date" : -3149262000000,
  "place" : "",
  "entry" : "16 Марта. Употреблять слова: соха, погода, лошадь и т. д. — слова, простые в устах всех, гораздо труднее, чем употреблять слова биология, антропоморфизм и т. п., ибо значение первых ясно определено, вторых же — нет. —\nВсякое произведение искусства есть проявление красоты, воздвигнутое художником на недоступной массе высоте, для общего созерцания. Видеть всё произведение может только тот, кто стоит выше его — художник высший. Видеть с одной стороны, но с правильной точки зрения — только художник равный. Все же могут, идя за своими обычными делами и подняв голову, видеть стоящее над ними произведение. Снизу оно представляется им не только неправильным, но непонятным. Для того, чтобы они понимали его, работают критики. Критики — это всегда те, к[оторые] пытались б[ыть] художниками и не успели. Они знают высоту и размер и бегают кругом и с разных точек зрения рассматривают и передают толпе результаты своих наблюдений, из которых важнейшие состоят в том, что они видят ногу там, где действительно нога, и в том, что толпе казалось обрубком. И толпе критики говорят, что хорошо и что дурно. По отношению к толпе они необходимы — они посредники между толпой и художником. Но если художник в их суждениях будет искать отражения своего произведения, он отчается.\nВ мире в 30 лет живут 3—4 человека художников, а стоит явиться произведению искусства, то и в 1000 журналах 1000 человек с приемами учителя к ученику обсудят все достоинства и недостатки произведения. Если в критике видеть оценку — будет бессмыслица, если видеть посильное толкование, будет великий смысл. Суждение о достоинствах есть только аксесуар, возбуждение к удовольствию писать критики.\n",
  "source" : "Полное собрание сочинений. Том 48"
}