{
  "id" : null,
  "date" : -2862154800000,
  "place" : "",
  "entry" : "21 Апреля. Седенькой старичок, щеголек, вертит палочкой. Был садовник. Барин любил, чтоб чисто ходили. Мастеровому можно на себя тайно работать, а нашему брату негде взять. Ну а исхитрил-таки. Насыпал 94 меры яблок. Мужик продал уже все и сробел, не умел ответить прикащику. Сознался. Меня барин позвал, поколотил. В одной роте служили. Бывало, проберут. Что, Михайла, это Титовка? — смеется. Вернулся, пошел к барину. Не забыл ведь. Что яблоки хороши? Однако дал 5 рублей. Жил, кормился в городе Ряз[анской] губернии, дом имел, сгорел, один как перст. Пойду потружусь. Где[346] и хорошо примут, а где и не говорить бы лучше. Помирушка будешь что ли? Молодуха шепчет, калеки. —\n28. Бабы 4 идут, одна рассказывает житие Марины, называя ее Федорой. О хлыстах в Веневском уезде в Гремячеве. Пещеры. Пляши, играй — распутничай — ничего, а чуть для Бога, сейчас и вины нашли.\n30 А. Волостной суд. Никифор, радостно улыбаясь, состарились, всё ближе, ближе к расчету. Нельзя миновать. Бродягой назвал бродягу. Жалоба в[347] оскорблении словом. Отец умер, ты и вечную не кликнул.\nЖидкова прибежала, испуганная, босая, избу не велят на старом месте становить и нового не указывают.\n",
  "source" : "Полное собрание сочинений. Том 48"
}