{
  "id" : null,
  "date" : -2704302000000,
  "place" : "",
  "entry" : "[9/21 апреля.] Поздно читал Страхова статью. Праздно, на все глупости не надоказываешься. А анализировать приемы науки не нужно, кто любит науку, тот их знает, как знает законы равновесия человек, к[оторый] ходит. Начал Менгце. Очень важно и хорошо. «М[енг]ц[е] учил, как recover,[72] найти потерянное сердце». Прелесть.\nОчень важно. Стал выговаривать Тане, и злость. И как раз Миша стоял в больших дверях и вопросительно смотрел на меня. Кабы он всегда б[ыл] передо мной! Большая вина, вторая за месяц. Всё ходил около Тани, желая попросить прощения, и не решился. Не знаю, хорошо или дурно. Пошел к Фету. Прекрасно говорили. Я высказал ему всё, что говорю про него, и дружно провели вечер. Вечером Ад[ам] Вас[ильевич]. Играли в винт. Глупо. Опять захватывает поганая,[73] праздная жизнь.\nПисьмо от Чертк[ова] — прекрасное.\n",
  "source" : "Полное собрание сочинений. Том 49"
}