{
  "id" : null,
  "date" : -3523978800000,
  "place" : "Русская Старина   Записки Дарагана",
  "entry" : "Р[усская] Ст[арина] 75. Май. Записки Дарагана.\nР[усская] Ст[арина] 75 Черныш[евы]. Камен[ский]. Жиркевич. —\nСемевского О военных поселениях.\n————————————————————————————————————\nСвистунову прислать Раsсаl'а.\n————————————————————————————————————\nLes cabinets et les peuples Bignon.\nВ Самару.\nО Телятинск[ом] мужике.\nКупчую[271] Тучкова\nКиргизские песни.\nСимфонию. — Скопцев.\n",
  "source" : "Полное собрание сочинений. Том 48"
}