{
  "id" : null,
  "date" : -2706894000000,
  "place" : "",
  "entry" : "[10/22 марта.] Встал рано, убрал комнату. Андрюша пролил чернила. Я стал упрекать. И верно у меня было злое лицо. Миша тотчас же ушел. Я стал звать его; но он не пошел и занялся тотчас же рисованием картинок. После я послал его в комнату Тани спросить о Маше. Таня сердито окрикнула его. Он тотчас же ушел. Я послал его еще раз. Он сказал: нет, я не хочу, я хочу с тобой быть. Где сердятся, там нехорошо. Он уходит оттуда, но сам не сердится, не огорчается. И его радости и занятия жизни не нарушаются этим. Вот чем надо быть. Как говорит Лаоцы — как вода. Нет препятствий, она течет; плотина, она остановится. Прорвется плотина — она потечет, четвероугольный сосуд — она четвероугольна; круглый — она круглая. От того-то она важнее всего и сильнее всего. Читал Эразма. Что за глупое явление реформация Лютера. Вот торжество ограниченности и глупости. Спасение от первородного гр[еха] верою и тщета добрых дел стоят всех суеверий католичества. Учение (ужасное по нелепости) об отношениях церкви и государства могло только вытечь из глупости. Так оно и вытекло из лютеранства. Ходил заказывать колодки. Все работают и мальчик. Я заметил. Хозяин сказал: нельзя же без работы быть. — Обедал не в духе, но никого не обидел. Немножко Илью. Читал. Пришла Катенька и Леля, читал им Лаоцы. Потом Сер[ежа] бр[ат] внизу. С ними поехали к Леониду. Там племянницы — добрые, тихие. — Очень я не в духе. Ужасно хочется грустить на свою дурную жизнь и упрекать. Но ловлю себя. Написал Черткову — кажется, хорошо, т. е. без фальши. — Хорошо бы написать ту книгу, да надо, чтобы было совсем чистое побуждение. Читал еврейскую библию. Начал забывать. Письмо от Урусова о значении трех глав бытия. Очень хорошо.\n",
  "source" : "Полное собрание сочинений. Том 49"
}