{
  "id" : null,
  "date" : -2023124400000,
  "place" : "",
  "entry" : "22 Н[оября].\n————————————————————————————————————\nПерестать повиноваться, и не будетъ правительст[ва], а не будетъ прав[ительства], не будетъ подат[ей], солдатства, захва[товъ] земли.\nЭто такъ прост[о].[1432] Отчего же люди не дѣлаютъ этого? — Оттого: чтобъ не повиноваться людямъ, надо повиноваться Богу.\nЧѣмъ меньше повинуешься Богу, тѣмъ больше будешь повиноваться людямъ.\nНо если и устроится такъ, придетъ «Турка».\nНаказаніе: лишеніе работы.[1433]\n————————————————————————————————————\nСознавать себя можно кускомъ льда и водой. —\nВъ первомъ случаѣ солнц[е] — зло, во 2-мъ — благо.[1434]\n————————————————————————————————————\nПерестановка: то главное дѣло то, что я сдѣлаю, а то главное: какъ я себя поведу: — какъ буду жить. —[1435]\n...Только хорошо тѣмъ, что я не участникъ въ злодѣяніи. Опасность же завоеванія остается та же при повиновенi[и] и при неповинов[еніи] — 12-й годъ, Япон[ская] вой[на] съ той разницей.\n————————————————————————————————————\n[1436] Все, что дѣлается теперь, есть безсознательная попытка осуществленi[я] неповиновенi[я]. Но неповиновеніе тамъ, гдѣ жизнь неорганизова[на], только губительно. Оно плодотворн[о] только тамъ, гдѣ[1437] жизнь организована и не нуждается въ насиліи, какъ эт[о] въ[1438] земледѣльческой общинѣ.\n————————————————————————————————————\nТысячи лѣтъ учреждалось государ[ство] и тысячи лѣтъ разрушается.[1439]\n————————————————————————————————————\nБогъ черезъ всѣхъ[1440] проявляется.\n————————————————————————————————————\nРазсказъ: нищая въ параличѣ и Ah, que je m’embête.[1441]\n————————————————————————————————————\nДвойственнос[ть] моя.[1442]\nГерои: Роммъ, Николеньк[а], наименѣе имѣющіе physique de l’emploi.[1443]\n————————————————————————————————————\nСейчасъ награда,[1444] если сдѣлаешь только для Бога, какъ, н[а]п[римѣръ], совсѣмъ простить...\nНаграда отъ того Бога, к[оторый] во мнѣ.\nВсе дѣло въ томъ, чтобы войт[и] съ нимъ въ сношенія.[1445]\n————————————————————————————————————\nРастешь до самой смерти.[1446]\n————————————————————————————————————\nНелѣпость пониманія міра какъ вещество.[1447]\n————————————————————————————————————\nМолитва не нѣчто возвышенное и торжеств[енное], а самое смиренное и простое: сознан[іе] своего ничтожества.[1448]\n————————————————————————————————————\n<Не дорожить любовью людей.>[1449]\n————————————————————————————————————\nКакое мнѣ предстоитъ дѣло?[1450] Самое важное: добрая смерть.[1451]\n————————————————————————————————————\nОдно всегда достигается: внутр[еннее] совершенство[ваніе].\n————————————————————————————————————\nОтдѣленіе отъ себя — время. Отдѣленіе отъ міра — пространст[во].[1452]\n————————————————————————————————————\nСначала панибратство съ Богомъ — договоръ, a чѣмъ дальше, тѣмъ меньше человѣкъ и тѣмъ больше Богъ.[1453]\nОтъискиваніе разумомъ своего закона любви есть единственно[е] познаніе Бога.[1454]\n————————————————————————————————————\nВсѣ говорятъ: какъ безъ правительства? Не знаю, знаю, что правит[ельство] — зло, и не одно физическое, но нравственное, духовное.[1455]\n————————————————————————————————————\n",
  "source" : "Полное собрание сочинений. Том 55"
}