{
  "id" : null,
  "date" : -2797873200000,
  "place" : "",
  "entry" : "4 Мая. Терентий бабуринской, на семена просил. Добрая беззубая улыбка. Баба Рудаковская. Норь в голове. Наговорена кила. Муж больной. — Баба Озерская. Сына завенчали (с болезнью женили) Ко[н]стантин от конфузу развалившись: на семена. Городенской мужик жаловаться о брате. Брат пьет и делиться хочет. Всё врал. Проходил мимо и пришел попросить. Простите. Ушел.\nСтранник солдат. Из Павловска, Ворон[ежской] губернии. Дочь в прогимназии. Веселая улыбка от радости, что со мной говорит. О мощах и угодниках, готов не верить. — «Копали ломом у Задонска яму, где искали Пахомия. «Найдет лопату». Нашли. Всё хрящ, вдруг лом в мягкую ушел. «Тут!» Бросились, заорали в яму. Такой крик, что из города услыхали. — А то крикуш бросали с связанными руками туда. Отходили».\n————————————————————————————————————\n",
  "source" : "Полное собрание сочинений. Том 49"
}