{
  "id" : null,
  "date" : -2013102000000,
  "place" : "",
  "entry" : "18 Марта.\nПродолжается нездоровье — слабость, апатія и нынче даже особенно дурное расположеніе духа. Сейчасъ чуть было не огорчился зa споръ на Таню. Съ утра разстроила[867] то прекрасное настроеніе, въ к[оторомъ] я всталъ, какая-то глупая старушка, разсказывавшая мнѣ про видѣнія, свои воспоминанія и про то, что меня ненавидятъ и ругаютъ на ст[анціи] Козловкѣ. Это, къ стыду моему, очень огорчило, гнетуще подѣйствовало на меня. Прочелъ Кр[угъ] Чт[енія] на 18 Мар[та] какъ разъ на эту тему. Да, надо благодарить Бога за это, за то, что провѣряетъ меня, мою жизнь въ Богѣ. Очень все слабъ я. Въ утѣшеніе могу сказать только то, что временами, а не всегда. Былъ Фельтенъ. Мне скорѣе непріятно, чѣмъ пріятно, распространеніе моихъ сочиненій. Нынче поправилъ: Революціонеры. Записать немногое, но, какъ думается, очень важное. Едва ли осилю теперь. Лучше до вечера, е[сли] б[уду] ж[ивъ].\n",
  "source" : "Полное собрание сочинений. Том 55"
}