{
  "id" : null,
  "date" : -3281886000000,
  "place" : "",
  "entry" : "Pierre мучается страхом смерти перед дуэлью.\n————————————————————————————————————\nN. притворяется, что он хочет [1 неразобр.] — Его компания притворяются друг перед другом. —\nА[ндрей] масон уже и религиозен. Р[іerre] обращает его к деятельности самопожертвования.\nУ Рост[овых] комнаты набиты народом. Она летать хочет.\nВестник Европы. 12.\nО преобразовании 9-го года.\n62 году Растопчин.\n————————————————————————————————————\n",
  "source" : "Полное собрание сочинений. Том 48"
}