{
  "id" : null,
  "date" : -1935428400000,
  "place" : "",
  "entry" : "2 Сентября.\nБлагодарю Тебя, Господи, за жизнь и благо ея. Помоги мнѣ прожить ее въ любви. Не оставляй меня, чтобы мнѣ помнить то, что Ты во мнѣ, и что я живъ только Тобою.\n—————————————————————————————————\n1) Правдивость въ мелочахъ; 2) правдивость въ томъ, чтобы не скрывать; 3) пріучать себя высказывать именно то, что хочется скрыть.\n",
  "source" : "Полное собрание сочинений. Том 56."
}