{
  "id" : null,
  "date" : -2813252400000,
  "place" : "",
  "entry" : "7 Ноября.\nРазногласие Ев[ангелий]. (И[оанн] З[латоуст]) ничего не доказывает, как то, что грех дела рук человеч[еских] наз[ывать] Божиими, и это кощунство. Да простит им Бог.\n————————————————————————————————————\nКниг канонических, выр[ажающих] пред[ание]. Из них если откинуть Апо[калипсис], откинут[ый] на деле. Из них Д[еяния] апостолов ничего не выражает, как только отки[нуть] и указ[ать], как грешно. Нет теперь более безбожных книг. Чтоб обозреть то, как постр. порознь: повтор[ения], длин[ноты], ничего [?]. Совокупить — пытались, нельзя.\nПочему...\nТак легче. Сущность — жизнь и учение. Возьм[ем] жизнь.\nВсякий, кто говорит последний, наклад[ывает] на с[ебя] печать непогрешимости — папа, мормоны, хлысты. Видно, очень грубо и гадко, ч[то] так нельзя поверить.\n————————————————————————————————————\nНе потому она истинна, ч[то] устояла, но та, к[оторая] устояла, ту и зовут истинной. Палка о 2-х концов.\n————————————————————————————————————\nТак пустяки. Только дети и те, кому выгодно, могут верить в это, если раздумаются. А грех соблазнять из-за выгоды. Вешают, кто виноват. Нечего проповеди писать. Надо от веры не отталкивать.[362]\nХод через раскол — они изуверы; заблудш[ие] — не поможет.\nВ науке можно согласить. Одно может быть право, но в вере — нет.\nВозьмем писанье, но будем помнить (и ц[ерковь] признает): 2000 л[ет] переписывалось, переводилось, да и писалось кем? (благо[датью?] Св[ятого] Д[уха]). Как стершуюся, истлевшую рукопись. Берем, что ясно и связно, поверя первое последующим и наоборот.\n————————————————————————————————————\nБедность, община, чистота соблюдаются ближайшими, и тогда нет разногласия. Как перестали соблюдать, так разногласие.\nЯ сомневался, кто прав, кто винов[ат] на 1 Ник[ейском] соборе, но потом вспомнил: какое кому дело до спасения друг[их]. Да и спасение только в исполн[ении] запов[едей]. О чем же спор[или]? О запов[едях]? Нет. О способе исполн[ения]? Нет. Так они не о вере говорили, а о чем-то другом. На здоровье. Я не пойду за ними.\n————————————————————————————————————\n1) Предание через кого. 2) Преданий много. 3) В жизни сам себе противоречит. Не я его осуждаю — сам.\n",
  "source" : "Полное собрание сочинений. Том 48"
}