{
  "id" : null,
  "date" : -1930330800000,
  "place" : "Я  П ",
  "entry" : "31 Окт. Я. П. 1908.\nВчера просмотрѣлъ, поправилъ Сербское. Кажется, выйдетъ сносно. Нынче еще поправлялъ. Письмо отъ Индуса. Надо отвѣчать почти тоже. Кр[угомъ] Чт[енія] чуть чуть занялся. Очень важное:\n1) Вчера и нынче думаю, и стало совершенно ясно, что одно изъ главныхъ, если не главное, сознаніе, изъ к[отор]аго вытекаютъ высшія нравственныя состоянія, это — сознаніе своей духовности, божественности, вслѣдствіе к[отор]ой въ той мѣрѣ, въ к[отор]ой сознаешь ее, нельзя ни хитрить, ни скрывать, ни бояться, ни — главное — нельзя не любить кого бы то ни было. — Какъ практическо[е] правило, я примѣняю его къ себѣ такъ: какъ только чего нибудь страшно, на что нибудь досадуешь, чего нибудь хочется, кого нибудь не любишь, главное, чего нибудь боишься, вспомни, кто ты, пойми, что ты — свободное всемогущее существо, и все проходитъ. Становится ясно, что если чего боишься, желаешь и не можешь, то препятствіе въ тебѣ. И какъ только поймешь это — сейчасъ свобода и всемогущество. Всякое неудовлетворение это — только сошествіе съ истиннаго пути: бьешься о стѣны, прешь туда, куда не надо. Опомнишь[ся], станешь на путь, и опять со всѣм[и], со Всѣмъ, съ Богомъ. — Хорошо.\n",
  "source" : "Полное собрание сочинений. Том 56."
}