{
  "id" : null,
  "date" : -2871658800000,
  "place" : "",
  "entry" : "1) Избы Новгородские крыли встарь колоным тесом.\n2) В бревне 20 аршин, не знать, где комель, где макуша.\n3) Язык-то у меня в молодые годы помягче был. Теперь груб стал.\n4) Овес закис в земле не пыхнул.\n5) Денег кубическая сажень.\n6) Овес косматый.\n7) Кровь под скамью льет, пока не свалится.\n8) Лопаточка у нас скована была железная — людей бить.\n9) Середняя упряжка жизни. 1-я упряжка до женитьбы, 2-я до внуков, 3-я до смерти.\n10) Чернозем облепит, ног не выволочешь.\n11) Стрельбы две или три от дома.\n12) Как кнутом стегануть — прямо.\n13)[431] Его пехота на горе, как мураши, высыпали.\n14) Цвета: 1) Алый, 2) красный, 3) червленный, 4) малиновый, 5) брусничный, 6) вишневый, 7) голубой (голубь), 8) лазоревый, 9) дымчатый, 10) карий, 11) бурый, 12) желтый, 13) песочный, 14) рудожелтый, 15) зеленый, 16) крапивный, 17) осиновый, 18) янтарный <пшеничный>, 19) стальной, 20) серый, 21) яичный, 22) (льняной) железный.\n15) Белье держали в кипарисном сундуке (коробе).\n16) Гребень (расческа) прорезной.\n17) Эпитеты.\nБело тело, белы груди, руки.\nМать сыра земля.\nЯсны очи. Красно солнце. Сине море. Белый камень. Ярый воск, ярая пчела. Серый заяц, волк. Черный ворон. Ясный сокол. Шелкова трава. Буйная голова. Могучи плечи. Сироты горьки; крутые. Родимые матушка, батюшка [1 неразобр.] Святая милостыня. Смерть, рожь, земля — матушка.\n18) Мать твоя его любила.\n19) А ты знай дядю своего, Оску палача, орленый кнут да липовую плаху.\n20) Час другой полежит, встанет, 1000 поклонов отбросает[432] и сядет.\n21) Никона блевотину подлизывает. Как пес, на свою блевотину ворочаетесь.\n22) Некого четками постегать. Не на кого поглядеть, как на лошадке поедет, некого по головке погладить. Нет миленького сударика. В последний поглядел на него, как причастил.\n23) Пишут Спасов образ; лицо одутловатое, власы кудрявые, уста червленные, руки, мышцы, бедра толстые, как немчин.\n24) Как свинью на убой кормят.\n25) Развяжи меня. Развязал бы мне руки.\n26) Широк ты здесь.\n27) Раки перешепчутся — поснут.\n28) Рыба иссиделась в садках, досиделась, осиделась.\n29) Запалом порох выходит.\n30) О жену цепинку сломал.\n31) Как ветошка стал. Париться пошел, так[433] кости торчат, промеж ребер палец пройдет.\n32) Куры загребут.\n33) Как ты огруз, уж не покидать ли нас хочешь.\n34) Куль в 9 пудов на плечи вздымал.\n35) Полуименем не назовет, а по имени да по отчеству.\n36) В косы увяз руками, насилу отняли.\n37) В чем душа велась.\n38) С мужем не жила, свежая ходила.\n39) Размахается, расшатается, до печи не дойдет, упанет и я за ним.\n40) Два года нога прела. Только полынь завел.\n41) Сосцы голые, на головах нет ничего — простоволос[ая].\n42) Тоскованья перед смертью не было.\n",
  "source" : "Полное собрание сочинений. Том 48"
}