{
  "id" : null,
  "date" : -1936378800000,
  "place" : "",
  "entry" : "22 Августа.\n1) Богъ это законодатель жизни, т. е. я по своему человѣчеству допускаю законодателя за закономъ. Есть законъ жизни. Богъ это законодатель.\n2) Царь и рабочій.\n3) Неужели изъ-за сладкаго куска.\n4) Ужасно то, что мы отвыкли отъ любви и еще хуже, привыкли къ нелюбви.[458]\n5) «Хочу исполнить законъ Твой...»\n6) Богъ не любитъ постороннихъ лицъ. Съ нимъ можно общаться одинъ на одинъ.\n7) Видѣлъ отвратительный по безнравственности сонъ, и больше чѣмъ когда нибудь убѣдился, что нравственность не можетъ имѣть матеріальнаго начала. Она-то главный признакъ духовной природы.\n",
  "source" : "Полное собрание сочинений. Том 56."
}