{
  "id" : null,
  "date" : -3086362800000,
  "place" : "",
  "entry" : "13 Марта. Вода находится почти на норме, оттого и анормальные явления с водой.\n1) Растяжение льда. Растяжение льда есть угол. Тот же угол будет в железе над расплавленным. —\n(Мы это видим, пот[ому] ч[то] мы вода.)\n2) Снег и лед на горах. Выше — лед.\n3) Теплые ключи. Водород на глубине выходит, теряет тепло — водою. —\n————————————————————————————————————\n",
  "source" : "Полное собрание сочинений. Том 48"
}