{
  "id" : null,
  "date" : -1987700400000,
  "place" : "",
  "entry" : "Январь 6.\nНочь провелъ дурно, 37,2°. Читалъ Review of R[eviews]. Интересно обращеніе Ломброзо въ спиритуализмъ. Саша переписывала новый Кр[угъ] Чт[енія]. Можетъ вытти. Андрюша уѣхалъ въ Тулу.\nНичего не могъ дѣлать. Еще два письма отъ Вел[иканова]. Испытаніе, к[отораго] я не выдержалъ.\n",
  "source" : "Полное собрание сочинений. Том 56."
}