{
  "id" : null,
  "date" : -2790874800000,
  "place" : "",
  "entry" : "24 Июля. Павловской бабы муж умер в остроге, сын от голода. Девочку отпоили молоком.\nПатровской бывший пастух, нищета. Белый и седой.\nРазговор с Андр[еем] Андр[еевичем] о господах, тех, к[оторые] за землю стоят и тех, к[оторые] стоят за раздачу. Вас[илий] Ив[анович], Орлова-Давыдова крестьянин. По десятине на душу. На квас не хватает, а у него 49 т[ысяч] десятин.\n————————————————————————————————————\nМельница. Кузнец и Арсентий «кожурно». Воробина. Затылком, или я дешевле тебя стою.\n",
  "source" : "Полное собрание сочинений. Том 49"
}