{
  "id" : null,
  "date" : -1988132400000,
  "place" : "",
  "entry" : "Свои мысли и наблюдения Толстой обычно заносил сначала в Записные книжки, а через некоторое время, когда записей накапливалось достаточное количество, переписывал их, с значительными исправлениями, в свой Дневник.\nЭтому переписыванию мыслей из Записных книжек в Дневнике обычно предшествует слово: «Записать», — за которым под номерами следуют переписанные и исправленные мысли и наблюдения, ранее внесенные в Записные книжки. Таким образом Записные книжки Толстого являлись в известной степени как бы черновиками его Дневников. На этом основании к тексту Записных книжек нами делаются примечания, указывающие, какого числа и под каким номером данная мысль была Толстым переписана в Дневник. Обратных же ссылок — в тексте Дневника на текст Записных книжек — не делается.\n",
  "source" : "Полное собрание сочинений. Том 56."
}