{
  "id" : null,
  "date" : -3149607600000,
  "place" : "Я  П",
  "entry" : "12 Марта 1870. Я. П.\nПо Шпилеру день рождения нашей планеты 21 Дек[абря] (по нов[ому] стилю).\nТемпература того, что составило нашу землю, была в 28.000.000° Ц[ельсия], а для того, чтобы охладиться от 2000° Ц[ельсия] до 500°, земля должна была употребить 35.000.000 лет. Период образования поверхности земли определяется minimum в 650.000.000 лет.\nЧто безумнее: отыскание философского камня или начала земли по науке? —\nЧто представляют человеческому уму цыфры, выписанные здесь. Отношение бесконечно малого к бесконечно великому, т. е. отсутствие какого бы то ни было отношения. —\nКак только человек начинает прикладывать свой ум, только свой ум, к чему бы то ни было, так неизбежно он приходит к уничтожению того самого предмета, который он рассматривает: к сознанию только форм своего ума.\nЧеловек ищет законы образования земли, — той земли, на к[оторой] он живет в условиях пространства и времени. И что же? Он для уяснения себе начала земли приходит к представлению о бесконечном времени и бесконечном пространстве, т. е. к разрушению того, объяснения чего он отыскивает. Другой пример: человек ищет закона жизни, он находит лестницу организмов, сливающихся с неорганическим, т. е. приходит к уничтожению понятия жизни. — Третий пример: человек ищет составные части тел. Он приходит к бесконечно малому.\nЧеловек ищет границы пространства — он приходит к бесконечно великому.\nИщет границы делимости — атом.\nИщет силы — сила одна, и она не сила, а всё.\nДаже форма, к[оторой] представляются человеку явления мира, не формы мира, а формы ума, выражаемые логикой, математикой. Что значит то, когда мы говорим, что небесные тела движутся по элипсисам (зак[он] Кеплера). Разве это значит, что они так движутся? Это значит только то, что мне представляются они в движеньи, и время, и пространство, и элипсисы только формы моего ума, мои представления. Мы думали, что солнце движется, потом думали, что луна описывает круги, теперь думаем, что земля описывает круги.\nПредставьте себе человека, равномерно вертящегося кругом на качелях и под колпаком граненого разноцветного стекла. Как бы он описывал мир. Явление мира он описал бы и подвел бы под законы; но определили ли бы эти законы настоящий мир?\nВычисления его были бы математически и логически верны, но он никогда не мог бы понять, что вокруг него ничто не двигается, и какую форму имеют предметы вне граненого цветного колпака.\nДвижение, пространство, время, материя, формы движения — круг, шар, линия, точки — всё только в нас.\nДля того, чтобы понимать это, нам дано в математике указание несоизмеримыми величинами. Всё, что нам нужнее всего знать, всё, что составляет самую сущность предмета, выражается всегда несоизмеримыми величинами.\nЗаконы красоты — среднее и крайнее отношение — невыразимы нашими числами.\nМы высчитываем отношение таких прямых линий, представляемых нами внутри круга: радиусов, косинусов и т. д., но самое данное нам, — круг, тем более шар, не вычисляются, не выражаются иначе, как приближением, т. е. орудие наше не годится, или представление наше о круге неверно. И оно всегда неверно. Ни круга, ни шара нет. Круг и шар выражают вечность, т. е. слабость, недостаточность нашего ума.\n",
  "source" : "Полное собрание сочинений. Том 48"
}