{
  "id" : null,
  "date" : -2900516400000,
  "place" : "",
  "entry" : "1 Февраля 1878.\nЗло есть выражение св[ободы], отсту[пление] от закона. Св[обода][399] есть сама жизнь.\nОтвет тому, который спрашивает, что есть зло, следующий. Зло есть (форма) видимость жизни. Если ты спрашиваешь: зачем существует зло? я отвечаю вопросом: зачем жизнь? Зло затем, чтобы была жизнь. Жизнь проявляется в свободе. Свобода же имеет одно поле действия — большее или меньшее соблюдение закона. Закон и добро одно и то же. Отступление от закона есть зло.\n————————————————————————————————————\nВ временной форме нельзя иначе выразить зло, как началом зла, дьяволом, захотевшим зло. —\n————————————————————————————————————\nОтступление человека от добра — закона — наследственно (Дарвин прав).\nК книге о Заблужде[ниях] и Истине, стр. 78, 79, 80 удивительны.\n99 стр. жена ниже мужа, происходя от человека, мущина же от Бога.\n[400]чрево — Меркурий\n— сера, голова — соль.\nБезумный неответствен, ибо уже наказан. О наказании детей за «грехи отца?» 172 стр. Две линии угла не могут составить фигуры без третьей. —\nЧетвертая прогресс[ия].\n1) Бог человек твор. матер., стр. 211. Удивительно. Я бы выразил так: Всякое существо и человек, как и всякое низшее существо, не может не чувствовать, что он не страдает, только когда подчиняется законам своего существа (есть, спать). Теперь есть другая область деятельности человека, та, на которую он возведен разумом — область свободы воли, выбора. Ему нужно знать закон, чтобы не страдать от неподчинения ему. Закон нравственный,[401] написанный в моем сердце и подтвержденный преданием.\nСтр. 210, необычайно! Я трудом, муками дошел до того самого.\n",
  "source" : "Полное собрание сочинений. Том 48"
}