{
  "id" : null,
  "date" : -2790702000000,
  "place" : "",
  "entry" : "26 Июля. Старик Гавриловской кожевник. Гуторить не даст. Молокан (военного вида). —\nЕздил к Ив[ану] Дмит[риевичу]: встретил с жнитва едет семья глухого Емельянова, под дождем, 2 детей. Нищета на всем.\n————————————————————————————————————\n",
  "source" : "Полное собрание сочинений. Том 49"
}