{
  "id" : null,
  "date" : -1971025200000,
  "place" : "",
  "entry" : "[19 июля]. 18 Іюля.\nНе записалъ. Писалъ Н[е] У[бій]. Былъ у М[арьи] А[лександровны].[548] Пріятно съ Ив[аномъ] Ив[ановичемъ]. — Вечеромъ Голд[енвейзеръ] игралъ, и ненужный ветеринаръ. Все разстройств[о].\nВсталъ рано. Досевъ. Писалъ Н[е] У[бій]. Б[ылъ] у Ч[ертковыхъ]. Читалъ Н[е] У[бій]. Близко къ концу. Пріѣхала Соня.\nНочь мало спалъ. Отвѣчалъ письма. Пріѣ[зжалъ] Ч[ертковъ]. Не могу ничего дѣлать, слабъ и усталъ. Попи[ш]у дневни[къ].\n",
  "source" : "Полное собрание сочинений. Том 56."
}