{
  "id" : null,
  "date" : -2796577200000,
  "place" : "",
  "entry" : "19 Мая. Сергей Телятинской украл муки мешок силом у знакомого мужика.\n————————————————————————————————————\nМного думал. При разговорах, вызывающих злобу, надо уходить. — 2 солдата.\n",
  "source" : "Полное собрание сочинений. Том 49"
}