{
  "id" : null,
  "date" : -2037726000000,
  "place" : "Я  П",
  "entry" : "6 Іюня 1905. Я. П.\nТретья[го] дня уѣхалъ Ч[ертковъ]. Было очень, сверхъ ожиданія хорошо съ нимъ. Былъ тяжелый разговоръ съ С. (сыномъ). Трудное испытаніе. Я не выдерживаю его. Сократилъ Вел[икій] Гр[ѣхъ], выбросилъ многое. Мнѣ жалко. Поша милый пріѣхалъ. Здоровье С[они] нехорошо. Хотѣлъ написать: сомнительно, да боялся, что она прочтетъ. Оставляю, п[отому] ч[то] точно сомнительно. — Нынче пріѣхалъ Малеванецъ очень хорошій, и жду съ неудовольствіемъ Долгор[укова].\n[643] Вчера сидѣло много народа: старые, молодые, мужья, жены, дѣвушки, дѣти, и мнѣ такъ ясно стало, что это все отверстія — окна, черезъ к[оторыя][644] я вижу Бога. Всѣ они равномѣрно открываются мнѣ сниманіемъ той пелены, к[оторая] покрываетъ ихъ. И понимая это, сердиться на нихъ: требовать отъ нихъ одинаковаго пониманія.\n[645] Началъ купаться 4 дня тому назадъ. Кишки совсѣмъ не дѣйствуютъ. Хорошо. Часто прямо сознаю, что хорошо. Записать надо:\n1) Я чувствую, что только начинаю быть похожимъ на человѣка, только грубо оболваненъ. Это не доказываетъ того, чтобы я,[646] начатый я непремѣнно продолжалъ жить, но значитъ то, что для чего [-то] это дѣлается, хоть для того, чтобы мнѣ испытывать эту радость совершенствованія.\n2) Полный человѣкъ, какимъ онъ долженъ быть, это челов[ѣкъ] религіозный. Человѣкъ безъ религіи — животный, только возможность человѣка. Таковы[647] дѣти, тако[вы] и нѣкот[орые] и 50-лѣтніе люди.\n3) Часто смотрю на жизнь совсѣмъ со стороны, какъ будто не участвуя въ ней. И только при этомъ взглядѣ видишь ее правильно.\n4) Чѣмъ старше я становлюсь, тѣмъ воспоминанія мои становятся живѣе. И удивительно, вспоминаю только радостное, доброе, и наслаждаюсь воспоминаніемъ не меньше, иногда больше, чѣмъ наслаждался дѣйствительностью. Что это значитъ? То, что ничто не проходитъ, ничто не будетъ, а все есть. И чѣмъ больше открывается жизнь, тѣмъ рѣзче выдѣляется доброе, истинное отъ дурнаго, ложнаго.\n5) Пропасть народа, всѣ нарядные, ѣдятъ, пьютъ, требуютъ. Слуги бѣгаютъ, исполняютъ. И мнѣ все мучительнѣе и мучительнѣе и труднѣе и труднѣе участвовать и не осуждать.\n6) Аналогія церкви и науки подтверждается во всемъ: также не доказываютъ, не объясняютъ, не вникаютъ въ несогласное, а утверждаютъ, не слушаютъ и сердятся.\n7) Глядя на всѣ явленія міра, въ особенности на дѣятельности, жизни людей, вижу, какъ понемногу вмѣстѣ со мной освобождаются отъ отдѣленности, расширяются существа, стоящія на различныхъ ступеняхъ. Въ этомъ жизнь. И это надо помнить, и тогда не будешь сердиться и негодовать.\n8) Меня сравниваютъ съ Руссо. Я много обязанъ Р[уссо] и люблю его, но есть большая разница. Разница та, что Р[уссо] отрицаетъ всякую цивилизацію, я же отрицаю лже-христіанскую. То, что называютъ цивилизаціей, есть ростъ человѣчества. Ростъ необходимъ, нельзя про него говорить, хорошо ли это или дурно. Это есть, — въ немъ жизнь. Какъ ростъ дерева. Но сукъ или силы жизни, растущія въ суку, неправы, вредны, если они поглощаютъ всю силу роста.[648] Это съ нашей лжецивилизаціей.\n9) Если гуляютъ и топчутъ хорошій лугъ, я жалѣю, но не негодую, но когда подъ видомъ блага народа, любви къ нему, въ сущности же изъ корысти, славы людской и самыхъ разнообразныхъ цѣлей, всковыриваютъ лугъ и засѣваютъ абсянтомъ или портятъ, и онъ зарастаетъ полынью, я не могу не негодовать. Знаю, что дурно, но не могу не негодовать противъ самодовольныхъ либераловъ, к[оторые] дѣлаютъ это.\n10) Ты хочешь совершенства, и жизнь, ослабляя твое тѣло и его страсти, помогаетъ тебѣ. Отъ этого[649] безсознательно всегда хочется впередъ — уйти изъ тѣла, изъ движенья: изъ отдѣленности. Положи свою жизнь въ расширеніи духовномъ, и[650] болѣзн[и], старость, всякія тѣлесныя невзгоды, смерть будутъ благомъ.\n11) Кажется, что ослабѣваешь, старѣешься, умираешь, а это — крѣпнешь, ростешь, рождаешься.\n12) Уговаривать нельзя, можно только помогать вступить во всемірную духовную жизнь: соединиться съ Богомъ.\n13) Ты только передаточное орудіе, черезъ кот[орое] дѣйствуетъ сила божія. Твое дѣло только въ томъ, чтобы держать въ порядкѣ орудіе — себя, свою душу.\n14) Я орудіе, к[оторымъ] работаетъ Богъ. Мое[651] благо истинное въ томъ, чтобы участвовать въ Его работѣ. Участвовать же въ Его работѣ я могу только тѣмъ, чтобы держать въ порядкѣ, чистотѣ, остротѣ, правильности то орудіе, к[оторое] дано мнѣ. —\n15) Не заниматься собой, а работать внѣшнюю работу, к[оторую] я считаю нужной, все равно, что рубить тупымъ топоромъ. Только испортишь топоръ и размочалишь и разщеплешь то, что рубишь, а ничего не[652] сдѣлаешь, не построишь.\nТолько когда одинъ, въ тишинѣ, т. е. въ общеніи съ тѣмъ Б[огомъ], к[оторый] въ тебѣ, поднимаешься на ту высоту, на кот[орой] б[ылъ] и можешь быть. Съ людьми сейчасъ спускаешься. Я испытывалъ это съ Ч[ертковымъ]. Ужъ какъ онъ мне близокъ, а какъ только я не одинъ, я только 1/100 себя. Всѣ должны испытывать это.\n",
  "source" : "Полное собрание сочинений. Том 55"
}