{
  "id" : null,
  "date" : -1930590000000,
  "place" : "Я  П",
  "entry" : "28 Окт. 1908. Я. П.\nВчера оч[ень] тяжело болѣлъ. Слабость и сонъ. Такъ ясно было, что такова смерть: уничтоженіе сознанія этой жиз[ни], т. е. этого проявленія жизни. И такъ хорошо!\n1) Да, когда я родился, я умеръ къ той жизни, потерялъ сознаніе той жизни. Не могу себѣ представить, не могу мыслить иначе какъ въ условіяхъ времени, что я родился, потерялъ созна[ніе] (употребляю глаголы въ прошедшемъ, все въ прошедшемъ, слѣдовательно, во времени). Но я въ этой жизн[и] не могу мыслить внѣ времени, но это не показываетъ того, что та жизнь была во времени, также, какъ и то, что жизнь послѣ смерти (к[отор]ую я не могу мыслить внѣ времени) будетъ во времени.\n[463]Да, вчера было очень хорошо. Также и нынче. Нынче съ особенной ясностью и силой чувствую истинную, внѣвременную жизнь.\n2) Какая ни съ чѣмъ несравнимая, удивительная радость — и я испытыва[ю] ее — любить[464] всѣхъ, все, чувствовать въ себѣ эту любовь или, вѣрнѣе, чувствовать себя этой любовью. Какъ уничтожается все, что мы по извращенности своей считаемъ зломъ, какъ все, всѣ — становятся близк[и], свои... Да не надо писать, тольк[о] испортишь чувство.\nДа, великая радость. И тотъ, кто испыталъ ее, не сравнитъ ее ни съ какой другой, не захочетъ никакой другой и не пожалѣетъ ничего, сдѣлаетъ все, что можетъ, чтобы получить ее. А для того, чтобы получить ее, нужно одно небольшое, но трудное въ нашемъ извращенно[мъ] мірѣ, — одно: отучить себя отъ ненависти, презрѣнія, неуважен[iя], равнодушія ко всякому человѣку. А это можно. Я сдѣлалъ въ этомъ отношеніи такъ мало, а уже какъ будто впередъ получилъ незаслуженную награду.\nСъ особенной силой чувствую сейчасъ — или, скорѣе, чувствовалъ сейчасъ на гуляньи эту великую радость — любви ко всѣмъ.\nАхъ, какъ бы удержать ее или хоть изрѣдка испытывать ее. И довольно.\n",
  "source" : "Полное собрание сочинений. Том 56."
}