{
  "id" : null,
  "date" : -2704474800000,
  "place" : "",
  "entry" : "[7/19 апреля.] Поздно. Лихорадка. Читал драму Северной. Прекрасное знание народа и языка и углубление в самую жизнь, но психолог[ически] слабо. Иду на выставку. Прекрасно Крамского. Репина — не вышло. Говорил с Третьяков[ым] порядочно. Дома. Страхов. Пошел к Дмоховской. Высказал, что надо. Толпы бегут к заутрене. Да, когда будут бегать хоть не так, но в 1/100 к делу жизни! Тогда не могу представить жизни. Переставлять это — задача — радостное дело жизни. Страшно трудно — невозможно и одно только возможно. С Страховым разговор о дарвинизме. Мне скучно и совестно. Он — бедный — серьезно, разумно опровергает — бред сумашедших. Напрасно и бесконечная работа. Напрасно п[отому], ч[то] они безумны тем, ч[то] не верят разумным доводам, и бесконечная работа потому, что сумашествиям нет конца.\nСидел дома с женой и читал Психиатрию. О подражательности. Когда проскочет через машину колос, то он колос. Когда попадет в машину, то он зерно, потом мука, потом хлеб, потом кровь, потом нервы, потом мысль, и как только он мысль, то он всё, т. е. уже не колос, а то, из чего и рожь и хлеб, и свинья, и дерево, и добро, и всё, т. е. Бог. Попадет в корковое, мозг и оттуда может попасть в Бога, в источник всего. В человеке, в жизни его, в мозгу, в разуме источник всего. Не источник, а та часть, к[оторая] соединяется, сливается с началом всего. Всякое жизненное явление, впечатление, получаемое человеком, может пройти по человеку, как по проводнику, и может дойти до его сердцевины, и там слиться с его началом. Задача и счастье человека образовать из себя центр начальный, бесконечный, свободный, а не вторичный, ограниченный, подневольный проводник. — Неясно другим, но мне ясно.\nЛихорадка, заснул в два!\n",
  "source" : "Полное собрание сочинений. Том 49"
}