{
  "id" : null,
  "date" : -1962385200000,
  "place" : "Яс  Пол",
  "entry" : "26 Окт. 1907. Яс. Пол.\nДолго — недѣли три, если не больше — былъ въ низкомъ состояніи духа. Не было больше радости жизни и тѣснившихся радостныхъ и нужных и важныхъ (для меня) мыслей и чувстъ. За это время особенно дурнаго ничего не сдѣлалъ. Все работалъ надъ Кр[угомъ] Чт[енія]. Нынче рѣшилъ измѣнить въ немъ многое. Дней 6, какъ возобновилъ уроки съ дѣтьми. Не особенно хорошо. Хуже, чѣмъ я ожидалъ. Гусева арестовали. Были посѣтители: Новичковъ, Лиза, нынче Олсуфьевъ, Варя, Наташа. Нынче первый день я проснулся духовно, поднялся на прежнюю ступень, мож[етъ] б[ыть] даже немного выше. Нынче въ постел[и] — еще б[ыло] темно, проснулся и началъ думать. Такъ удивительно хорошо (для себя), что пришелъ въ восхищенье; но не записалъ. И когда потомъ сталъ вспоминать, уже далек[о] не то и не такъ вспомнилъ, какъ оно просіяло для меня въ первую минуту. Было это вотъ что:\n1) (Записано такъ; очень неясно.) Жизнь кажется то тѣмъ, то другимъ, то тѣлеснымъ благомъ, то горемъ, то болѣзнью, то трудностью, то радостью, а вся жизнь есть только «воскресеніе», т. е. увеличеніе любви, возстаніе любви изъ гроба тѣла. И это неперестающая радость.\nИ дальше: Все больше и больше считаешь все любимое тобой— собою, а любишь все, и потому не на словахъ, а на дѣлѣ становишься Богомъ.\nКакъ это совсѣмъ особенно, съ какой-то охватившей, претворявшей все мое существо въ одну радость, [силой] я почувствовалъ это ночью. Теперь читаю, пишу, но не могу возстановить чувства радости, восторга, умиленія.\nЗаписать надо еще:\n2) Какъ это люди не видятъ того, что отрицать существующее устройство общества можно только на основаніи совершенно новаго, иного порядка, основаннаго не на насиліи,[271] а такого совершенно новаго порядка мы даже не можемъ себѣ представить и не можемъ знать. Можно отрицать насиліе и не какъ орудіе, а какъ поступокъ дурной, но отрицать устройство какое бы то ни было, не отрицая насиліе — безумно.\n3) Одно изъ самыхъ обычныхъ заблужденій людей — то, чтобы приписывать себѣ тѣ измѣненія, к[оторыя] не переставая совершаются въ тѣлесной и духовной жизни какъ отдѣльныхъ лицъ, такъ и собраній людей, обществъ. «Я вылѣчилъ, я научилъ, я устроилъ», а это все сдѣлало не перестающее движеніе всего во времени. Измѣнить, подвинуть можно только себя. (Не точно).\n4) Со временемъ идетъ духовный ростъ, освобожденіе духовнаго начала,[272] какъ въ отдѣльномъ человѣкѣ, такъ и [во] всемъ человѣчествѣ. И двигаются впередъ люди если не боками, то мозгами, а то и тѣмъ [и] другимъ вмѣстѣ. Разумѣется, и пріятнѣе и успѣшнѣе двигаться мозгами, чѣмъ боками. И потому усилія людей, желающихъ ускорить движеніе, должны быть направлены на дѣятельность разумную, сознательную, а не на стихійную, безсознательную.\n5) Жизнь это неперестающій ростъ духовный. Но въ дѣтствѣ, юности, когда вмѣстѣ съ духовнымъ ростомъ совершается ростъ тѣлесный, люди легко принимаютъ ростъ тѣлесный за[273] всю жизнь и отдаются ей, забывая жизнь духовную. Ошибка обозначается, когда тѣло начинаетъ разрушаться, но исправленіе ея бываетъ трудно отъ силы инерціи, привычки.\n6) Хорошо просыпаясь, вставая, сказать себѣ: Помоги мнѣ, Богъ мой (во мнѣ и внѣ меня), прожить этотъ день или хоть ту часть его, к[отор]ую мнѣ придется прожить еще, по[274] моей, согласной съ твоей, божеской волѣ.\n7)[275] (Очень важное). Непротивленіе злу насиліемъ — не предписаніе, а открытый, сознанный законъ жизни для каждаго отдѣльнаго человѣка и для всего человѣчества — даже для всего живаго.\nЗаконъ этотъ непереставая исполняется. Волки[276] вырождаются, кролик[и] размножаются. Законъ этотъ, какъ всякій законъ, есть идеалъ, къ которому само собой безсознательно[277] стремится все живое и долженъ стремиться каждый отдѣльный человѣкъ.\nЗаконъ этотъ кажется невѣрнымъ только тогда, когда онъ представляется требованіемъ полнаго осуществленія его, а не (какъ онъ долженъ пониматься) какъ всегдашнее, неперестающе[е], безсознательное и сознательное стремленіе къ осуществленію его. Иконниковъ, Кудринъ, Куртышъ исполняютъ сознательно законъ непротивленія; Николай съ Столыпинымъ и революціонеры, уничтожая самихъ себя, враговъ непротивленія, безсознательно содѣйствуютъ осуществленію закона.\n8) Странно, что мнѣ приходится молчать съ живущими вокpугъ меня людьми и говорить только съ тѣми далеким[и] по времени и мѣсту, к[отор]ые будутъ слышать меня.\n",
  "source" : "Полное собрание сочинений. Том 56."
}