{
  "id" : null,
  "date" : -1978282800000,
  "place" : "",
  "entry" : "Апрѣль 25.\nВсталъ очень тяжело. Письмо Ч[ерткова]. Отвѣчалъ. К[ругъ] Ч[тенія][,]немног[о] Еван[геліе] и поправилъ Ка[къ] освободиться раб[очему] нар[оду]. Мальчиковъ много и хорошо, ѣздилъ по лѣсу верхомъ.\n",
  "source" : "Полное собрание сочинений. Том 56."
}