{
  "id" : null,
  "date" : -2704734000000,
  "place" : "",
  "entry" : "[4/16 апреля.] Встал поздно. Зубы болят и лихорадка. Не могу работать головой. И не надо. Почитал и стал шить. В 3-м поехал в Музей. Стороженко встретил, он помнит работу. На Кузнецкий мост. Жандармы ограждают покупателей. Оттуда на Дмитровку. Репина картина не там. Дома лежал. Зубы и лихорадка. Вечер работал до второго часа сапоги. Очень тяжело в семье. Тяж[ело], что не могу сочувствовать им. Все их радости, экзамен, успехи света, музыка, обстановка, покупки, всё это считаю несчастьем и злом для них и не могу этого сказать им. Я могу, я и говорю, но мои слова не захватывают никого. Они как будто знают — не смысл моих слов, а то, что я имею дурную привычку это говорить. В слабые минуты — теперь такая — я удивляюсь их безжалостности. Как они не видят, что я не то, что страдаю, а лишен жизни, вот уже 3 года. Мне придана роль ворчливого старика, и я не могу в их глазах выйти из нее: прими я участие в их жизни — я отрекаюсь от истины, и они первые будут тыкать мне в глаза этим отречением. Смотри я, как теперь, грустно на их безумство — я ворчливый старик, как все старики.\nИз разговора с Олсуф[ьевым] вышел следующий остаток: если верить в то, что цель и обязанность человека есть служение ближнему, то надо и доходить до того, как служить ближнему, — надо выработать правила, как нам, в нашем положении, служить? А чтобы нам, в нашем положении, служить, надо прежде всего перестать требовать службы от ближних. Странно кажется, но первое, что нам надо делать — это прежде всего служить себе. Топить печи, приносить воду, варить обед, мыть посуду и т. п. Мы этим начнем служить другим.\n",
  "source" : "Полное собрание сочинений. Том 49"
}