{
  "id" : null,
  "date" : -3138289200000,
  "place" : "",
  "entry" : "21 Июля. Я купаюсь. Лошадь привязана и глядит на меня, когда я выплыл из купальни. Знает ли она, что это я, — тот я, к[оторый] приехал на ней?\nКант говорит, что пространство, время — суть формы нашего мышления. Но, кроме пространства и времени, есть форма нашего мышления — индивидуальность. Для меня лошадь, я, козявка, суть индивидуумы, потому что я сам вижу себя индивидуумом, но так ли лошадь?\nКроме того, то, что я вижу индивидуумом, часто ошибочно, как пчела — (она часть), или как дерево (оно агломерация индивидуальной почки).\n",
  "source" : "Полное собрание сочинений. Том 48"
}