{
  "id" : "",
  "to" : [ ],
  "date" : -2517073200000,
  "place" : "Я. П.",
  "content" : "* Черновое.\nПолучил ваше письмо, Леонид Егорович, и решительно не понимаю, почему вам кажется, что несчастный герой рассказа не имеет право говорить о том, что он испытал. Рассуждение его самое простое и ясное:2 он смотрел на половую похоть так же, как все смотрят на нее в нашем мире, как на предмет наслаждения, на удовольствие, и, пострадав от этого, сделал заключение, что смотреть так не хорошо и не надобно. То же, что, как кажется, вам очень не нравится, что он между прочим говорит, что курсы, как ему кажется, не изменяют взгляда,3 то об этом, я думаю, никто спорить не станет. Шекерство,4 монашество, черничество5 в деревнях изменяет этот взгляд и так и исповедуется. Курсистки же, сколько я знаю, в этом отношении нисколько не отличаются от всех других женщин, и если согласиться, что курсистки, прослушав курсы Герье,6 Бест[ужевские]7 или акушерств[а] и прожив 2 года в них [?], от этого стали выше всяких других женщ[ин] по своим умственн[ым] и нравственным достоинств[ам], то все-таки, сколько мне известно, в их взгляд[ах] на брак они ничем иным не отличаются от других женщин, как только большею в этом отношении свободой.\n29—31 марта.\n",
  "notes" : [ "Беловой текст впервые опубликован в газете «Биржевые ведомости», утренний выпуск, 1908, № 10675 от 27 августа. Дата черновика определяется записью в Дневнике Толстого 28 марта (см. т. 51, стр. 32). Беловой текст, повидимому, написан во время перерыва в записях Дневника,", "Леонид Егорович Оболенский (1845—1906) — либеральный публицист, критик и беллетрист; издатель либерально-народнического журнала в Петербурге «Русское богатство» в 1883—1891 гг. О нем см. т. 63, стр. 233—234.", "В письме от 25 марта 1890 г. Оболенский писал Толстому, что «Крейцерова соната» вызывает у молодежи, «особенно женской и чистой», «негодование», и объяснял это прежде всего тем, что мысли автора высказаны от лица «такого негодяя и изверга, как Позднышев». По мнению Оболенского, проповедь безбрачия вызвана у Позднышева только страхом измены со стороны жены. Это письмо Оболенского, с несколько видоизмененным началом и концом, опубликовано под заглавием «Открытое письмо Л. Н. Толстому (По поводу «Крейцеровой сонаты»)» в газете «Новости и Биржевая газета» 1890, № 85 от 27 марта, стр. 2.", "1 Можно прочесть: и", "2 Переделано из: несомненное", "3 Далее зачеркнуто: может быть ошибочно, но ни[к]то об этом", "4 Шекеры — сектанты; были сторонниками безбрачия.", "5 Черничками назывались в крестьянской среде девушки, отказавшиеся от брака и стремившиеся вести образ жизни монахинь.", "6 Московские высшие женские курсы, учрежденные в 1872 г. профессором истории Владимиром Ивановичем Герье (1837—1919).", "7 Петербургские высшие женские курсы, названные Бестужевскими по имени первого заведующего курсами — профессора истории Константина Николаевича Бестужева-Рюмина (1829—1897)." ],
  "source" : "Письма. 1890 г."
}