{
  "id" : "",
  "to" : [ ],
  "date" : -3118849200000,
  "place" : "Я. П.",
  "content" : "* 326. Д. А. Дьякову.\nЛюбезный друг! После тебя в ночь сделалась лихорадка, продолжавшаяся 36 часов, и опять три дня свободных и нынче, 3-е марта, опять лихорадка, и теперь лежит в жару. В прошлый пароксизм у меня готова была телеграмма Захарьину через тебя с описанием болезни, составленным доктором, но не послал, потому что опять подмануло облегчение. Теперь же перепишу это описание доктора, прибавив свое, и попрошу тебя посоветоваться с Захарьиным, прося его, если болезнь ясна ему, дать совет.\nНа другой день после родов появился пароксизм лихорадки с знобом, жаром и потом. На 3-й день такой же пароксизм с болями внизу живота, имеющими характер схваток. (Очищение хорошее, светлое, молоко было.) На 4-й день лихорадка без боли, на 5 день с болями. Осматривавшие доктора не нашли воспалительного состояния и предписали хинин и холодный компресс. Боли прекратились, но лихорадка продолжалась. Приостановилась на один день после приема до 30 гран хинина и опять возобновилась. Хинин продолжали в промежуточные часы (от 8 до 12) и, после 86 гран хинина, лихорадка прекратилась на два дня, и опять явился пароксизм, продолжавшийся 36 часов с менее определенным знобом, т. е. зноб был слабее и повторялся несколько раз. Жар был сильный — как и в прежние пароксизмы, пульс доходил до 100 ударов в минуту. —\nПосле сильного пота, пароксизм прошел, и 3 дня было свободных от лихорадки. Хинин продолжали давать по 4 порошка в три грана сернокислого хинина в продолжение дня и один такой же порошок в 5 гран на ночь. Нынче пароксизм возвратился в 3 часа дня. Зноб был менее определенный, чем в прежние пароксизмы, но повторялся несколько раз, и жар продолжается до сих пор, 2 часа ночи. В 8 утра опять зноб, жар и пот. В 6 часов вечера всё прошло. Ясного местного страдания как в прежние пароксизмы, так и теперь нигде незаметно. —\nНаписал всё это тебе, а потом решил, что я пошлю Алексея в Москву с письмом к Захарьину. Но тебя прошу съездить к Захарьину и добиться от него ответа и прислать мне с Алексеем или телеграммой. Кстати Алексей свезет тебе деньги.\nТвой Л. Т.\nПисьмо это пролежало до 4-го марта вечера. Стало лучше. И теперь совсем хорошо. Но все-таки посылаю его тебе. Если захочешь посоветоваться с Захарьиным, то сделай. А то и не нужно. Если повторится пароксизм, я сам приеду.\n",
  "notes" : [ "Дата определяется содержанием." ],
  "source" : "Письма. 1871 г."
}