{
  "id" : "",
  "to" : [ ],
  "date" : -2463850800000,
  "place" : "Москва.",
  "content" : "* 105. Н. В. Давыдову.\nПростите, дорогой Николай Васильевич, что совсем неожиданно прошу вас о совсем неожиданной услуге. Мне говорили, что в Тамбове очень дешево просо и пшено. Вы едете туда: не узнаете ли и не сообщите ли мне в Чернаву, что стоит на станции железн[ой] дор[оги] просо и пшено у вас. Мы доехали хорошо и нашли жену в лучшем состоянии, чем я ожидал. Уезжаем 8-го, если бог позволит. Всё грущу о дорогом Ив[ане] Ив[ановиче]. Желаю вам всего лучш[его].\nЛюбящий вас Л. Толстой.\n",
  "notes" : [ "Датируется по содержанию." ],
  "source" : "Письма. 1891 г."
}