{
  "id" : "",
  "to" : [ ],
  "date" : -2225300400000,
  "place" : "Я. П.",
  "content" : "141. М. Э. Здзеховскому.\nПростите меня, пожалуйста, любезный Мариан Эдмундович, что так долго не отвечал на ваше приятное письмо. — Телеграммы, которую вы выписали в вашем письме, я не получал, но т[ак] к[ак] вы выписали ее, то я все-таки испытал те чувства благодарности и особенной радости духовнаго общения, которыя я всегда испытывал в сближении с поляками.1 Сердечно благодарю вас, и вы передайте мою благодарность Соколовскому2 и Моравскому.3 — Мои отношения с вами мне очень памятны и оставили во мне самыя хорошия воспоминания. Вашей статьей и разговорами вы помогли мне сознательно сблизиться душевно с поляками, — то, к чему я всегда чувствовал несознательное влечение. Не отвечал я вам до сего п[отому], ч[то], во-первых, с годами все больше и больше становится дела, а во-вторых, п[отому], ч[то] был тяжело болен и только на-днях поправился.\nЖелаю вам всего хорошаго.\nЛев Толстой.\n26 июня 1899 г.\n",
  "notes" : [ "Перепечатывается из воспоминаний М. Э. Здзеховского «Голос из Польши», напечатанных в «Международном толстовском альманахе», изд. «Книга», М. 1909, стр. 69. Местонахождение подлинника неизвестно.", "Мариан Эдмундович Здзеховский (Marian Zdziechowski) (p. 1861 г.) — профессор Краковского университета, польский общественный деятель, историк литературы. См. письма 1895 г., т. 68 и указанные выше воспоминания Здзеховского.", "Ответ на письмо Здзеховского от 2 июня н. ст. 1899 г., написанное по случаю столетия со дня рождения А. С. Пушкина. Об этом торжестве Здзеховский писал в своих воспоминаниях: «Кружок ученых и литераторов в Кракове решил устроить чествование столетней годовщины Пушкина в ответ на подобное чествование Мицкевича в Петербурге. Но момент был крайне неудобный, положение наше, людей, желавших поддержать нить дружеских отношений с лучшими представителями русского народа, было чрезвычайно трудное. Грубый национализм торжествовал в России, и всякое проявление симпатии к русской литературе, к лучшим людям России, представлялось у нас исходящим из низменных соображений рабского сервилизма. Во избежание этого я решил дать пушкинскому празднику толстовский характер. Протест против существующей действительности во имя высших требований правды и справедливости составляет движущую силу русской литературы; этот протест получил самое сильное выражение в творчестве Л. Н. Толстого; могучий толчок в этом направлении дала поэзия Пушкина; величайший певец России углубил и прояснил художественную красоту своих творческих дум «добрыми чувствами», которые он «лирой пробуждал»... «в жестокий век» и «милость к падшим призывал». Такова была основная мысль предшествовавшей банкету лекции о Пушкине. Затем на банкете был поднят бокал в честь Толстого, «неутомимого проповедника справедливости», и предложено отправить на его имя приветственную телеграмму» («Голос из Польши» — «Международный Толстовский альманах», стр. 68—69). Толстому Здзеховский писал 2 июня н. ст. 1899 г.: «Глубокочтимый Лев Николаевич! Смею думать, что Вы еще помните о переписке, которую я имел честь вести с Вами по поводу вопроса о патриотизме и о посещении мною Ясной поляны в 1896 г. Многочисленный кружок здешних профессоров, литераторов и художников праздновал вчера столетнюю годовщину Пушкина. Конечно, поэзия Пушкина не возбуждает в нас особенной симпатии, но мы желали засвидетельствовать, что мы далеки от шовинизма и того чувства ненависти к России, которое нам приписывают русские газеты, и что мы умеем ценить высокие чувства тех лучших представителей русской литературы, которые недавно чествовали Мицкевича. Все вчерашние ораторы подчеркивали в своих речах то, что они чествуют Пушкина как родоначальника русской литературы XIX века и тех ее лучших движений, которые в наше время нашли самое сильное и вместе с тем светлое выражение именно в Вашей деятельности. Одним словом, это был праздник, на котором мы скорее чествовали русскую литературу и Льва Толстого, ее величайшего представителя, чем Пушкина. Я поднял бокал в Вашу честь, как завершителя тех идеальных стремлений русской мысли, в начале которых засияло имя Пушкина, глубокого истолкователя христианского идеала, могучего защитника всех угнетенных, без различия веры и народности, в эпоху, провозгласившую Kraft vor Recht [силу выше права]. И мой тост был встречен единодушным восторгом, после чего мы решили послать Вам телеграмму, текст которой я переписываю здесь, так как боюсь, что она могла не дойти до Вас: «Litterateurs, rassemblés pour célébrer l’anniversaire de Pouchkine, saluent le grand artiste et le penseur sublime Léon Tolstoï dont l’oeuvre est l’expression parfaite du génie russe. Gloire à l’apôtre de la justice. Signé: Zdziechowski, Sokolowski, Morawski. [Литераторы, собравшиеся на чествование столетней годовщины Пушкина, приветствуют великого художника и величайшего мыслителя Льва Толстого, труды которого ярко отражают русский гений. Слава апостолу справедливости. Подписали: Здзеховский, Соколовский и Моравский.]» Опасаюсь, что это проявление сочувствия со стороны людей, на первый взгляд чуждых Вам по своему образу мыслей, может Вам показаться не только ничтожно, но даже смешно. Не спорю, мы весьма далеки от того идеального совершенства, о котором мечтали для нас наши поэты, много в нашей жизни мерзких и отвратительных явлений, но я думаю, что если глубже заглянуть в души людей, изъявляющих Вам свое благоговение, то показалось бы, что Вам чужды те наши человеческие страсти, от которых мы не умеем отрешиться, но что в глубине совести мы все более или менее сознаем, что наша жизнь дурна, что она в противоречии с исповедуемым нами христианским законом любви, что она требует обновления, и что, следовательно, Ваша неутомимая проповедь о необходимости этого обновления производит на нас освежающее и облагораживающее действие и, таким образом, хотя медленно, но всё-таки приближает торжество христианского идеала. Благодаря страданиям и преследованиям, перенесенным и переносимым нами со стороны покоривших нас государств, мы стали особенно чутки к идеалу христианской правды в международных отношениях. Из недр нашего народа вышел Мицкевич, а он был не только великий поэт, но и великий человек в христианском смысле слова, т. е. человек, жаждавший всей душой осуществления царства божия в мире и стремившийся к этому по мере своих сил. И культ Мицкевича растет у нас с каждым днем, и я надеюсь, что он должен хоть немного содействовать нашему нравственному улучшению. Культ же или проникновение идеями Мицкевича во многих отношениях то же самое, что проникновение идеями Л. Н. Толстого, так как между Мицкевичем и Вами гораздо более точек соприкосновения, чем между Мицкевичем и Пушкиным, несмотря на то, что эта последняя параллель особенно привлекает теперь литературную критику. Одним словом, я горячо желаю, чтобы Вы приняли нашу телеграмму, как искреннее проявление чувств, исходящих из тех светлых начал, которые покоятся в душе почти каждого человека, даже преданного учению мира [...] Дни, проведенные в Ясной поляне в беседе с Вами, я храню в своей памяти как дорогие воспоминания, ободряющие меня в трудные минуты жизни».", "Адам Мицкевич (1798—1855) — польский поэт, родоначальник польского романтизма, польский патриот; его имя окружено в Польше исключительной любовью.", "1 О своем отношении к полякам Толстой однажды сказал: «Во мне в детстве развивали ненависть к полякам. И теперь я отношусь к ним с особенной нежностью, отплачивая за прежнюю ненависть». H.H. Гусев, «Два года с Л. Н. Толстым», изд. второе, Толстовского музея, М. 1928, запись 1 июля 1908 г., стр. 185.", "2 Мариан Соколовский (Marian Sokolowski) — профессор истории искусств.", "3 Казимир Моравский (Kazimir Morawski) — профессор классической филологии, литератор, автор брошюры о Толстом (Krakow, 1888)." ],
  "source" : "Письма 1899 г."
}