{
  "id" : "",
  "to" : [ ],
  "date" : -1901127600000,
  "place" : "Я. П.",
  "content" : "173. Н. Ф. Потапову.\n4 октября 09 г. Ясная Поляна.\nОтветом на последний ваш вопрос думаю, что отвечу и на те недоумения, которые высказаны в начале письма. Вы спрашиваете, почему я «жду этого конца с удовольствием, так как жизнь моего я должна прекратиться с этим».\nЖду с удовольствием потому, что сущность жизни человеческой есть сознание в себе божественного духовного, невещественного, вневременного начала, которое в этой жизни заключено в пределы телесной личности. Самая же жизнь есть постепенное разрушение этих пределов и увеличивание блага освобождения от них, от пределов. Освобождение же это совершается перенесением посредством увеличивающейся любви сознания своей жизни из личности в божественное начало своего «я». Смерть же есть полное освобождение и потому в известном возрасте и при известном душевном состоянии она может быть желательной.\nПосылаю вам книгу «На Каждый День», из которой вы ясно поймете мои взгляды вообще и о смерти в 29 и 30 числах.\n",
  "notes" : [ "Печатается по дубликату подлинника. Впервые опубликовано без указания фамилии адресата в статье Г. Градовского «Два дня в Ясной Поляне» — «Биржевые ведомости», вечерний выпуск, 1909, № 11414 от 13 ноября.", "Ответ на письмо Николая Ф. Потапова (р. 1887) из Москвы от 1 октября 1909 г., в котором он спрашивал, почему Толстой не боится смерти, тогда как «жизнь наша продолжается, пока существует тело»." ],
  "source" : "Письма 1909 г."
}