{
  "id" : "",
  "to" : [ ],
  "date" : -1908558000000,
  "place" : "Я. П.",
  "content" : "* 19. И. М. Илгунасу.\n10 июля 09 года. Ясная Поляна.\nПеречел ваше письмо, отложенное у меня для ответа. Очень сожалею, что не могу дать вам определенного ответа на ваш вопрос: крестить или не крестить. То, что крешение не имеет никакого другого значения, кроме исполнения еще общего людям нашего времени суеверия и, кроме того, еще требуемого властями, вы знаете так же, как и я. О том же, насколько для вас сильно требование с одной стороны правдивости, неделания того, во что вы не верите, и с другой — желание избавиться от неприятностей, могущих последовать от вашего отказа крестить ребенка, и потому крестить вам или не крестить, можете решить только вы сами.\nЕсли же вам желательно знать, чего бы я хотел для вас и вашего ребенка, то, само собою разумеется, хотел бы, чтобы вы поступили так, как вам велит совесть, а не мирские соображения.\n",
  "notes" : [ "Печатается по дубликату подлинника. По ошибке переписчика адресату был послан тот же текст письма, что и текст письма к П. А. Капустину от 10 июля (ошибка установлена по черновику и ответному письму И. М. Илгунаса).", "И. М. Илгунас — литовец, сын крестьянина-бедняка. Кончил сельскую школу, работал батраком и в 1909 г. сдал экзамен на аттестат зрелости. Автор брошюры: Jan Ilgunas, «Karnawal», Ковно, 1909.", "В письме от 18 июня 1909 г. Илгунас писал о своем разочаровании в католической церкви и выражал сочувствие взглядам Толстого. Он спрашивал, следует ли ему крестить сына, и если крестить, то по какому вероисповеданию.", "В ответном письме от 29 июля (почт. шт.) Илгунас известил, что сын, во время его отсутствия, был крещен по настоянию родителей жены." ],
  "source" : "Письма 1909 г."
}