{
  "id" : "",
  "to" : [ ],
  "date" : -2088788400000,
  "place" : "Я. П.",
  "content" : "287. Вел. кн. Николаю Михайловичу.\nТула,\nЯсная Поляна.\nДорогой Николай Михайлович,\nПростите, пожалуйста, за то, что до сих пор не поблагодарил вас за книги1 и любезную память. В особенности же мне жаль, что не выразил вам до сих пор моего сочувствия по случаю болезни вашего батюшки и моих искренних пожеланий его выздоровлению.\nКак мне ни совестно после этого обращаться к вам с просьбою, я все-таки делаю это, так как чувствую в этом свою обязанность и почти уверен, что вы захотите помочь тем людям, о которых прошу. Люди эти три духобора: Осип Новокшонов 50 лет (4 женатых сына его в Канаде), Василий Щербаков, 65 лет (2 сына женатых в Канаде) и Алексей Фофанов 70 лет (3 сына и 2 дочери, внуки и правнуки в Канаде).\nСтарики эти, как особенно вредные по своему влиянию люди, были сосланы в Якутскую область. Теперь, отбыв срок, они вернулись на Кавказ, и, естественно, желают одного: присоединиться к своим в Канаду. Но, удивительное дело, людей, которые здесь, в России и на Кавказе, могут быть только вредны и ни на что не могут быть нужны, не выпускают за границу — не дают им паспортов. Не можете ли вы повлиять на тех, от кого это зависит, чтобы этим людям дали заграничные паспорта. Это всё, о чем они просят и о чем я позволяю себе просить вас.\nПожалуйста, простите меня, если мое обращение к вам неприятно, и посмотрите на него comme non avenu.2 Если же, на что я, судя о вас по тому, что знаю, надеюсь, что вы поможете этим людям, то будьте так добры приказать уведомить меня об этом.\nОт души желаю вам всего хорошего.\nЛюбящий вас Лев Толстой.\n24 окт. 1903.\n",
  "notes" : [ "Впервые опубликовано в «Литературном наследстве», № 37-38, М. 1939, стр. 315.", "1 Николай Михайлович прислал свое издание: «Граф Павел Александрович Строганов (1774—1817). Историческое исследование эпохи императора Александра I», тт. 1 и 2, СПб. 1903. В письме от 18 марта он просил особое внимание обратить на 2-й том. См. письма №№ 111 и 310.", "2 [как будто его не было.]" ],
  "source" : "Письма. 1903 г."
}