{
  "id" : "",
  "to" : [ ],
  "date" : -1890586800000,
  "place" : "Я. П.",
  "content" : "* 106. Г. Ф. Кузнецову.\n3 февраля 10 г. Ясная Поляна.\nЕсли сам будешь хорош, то со всяким человеком можно жить, тем более с женою, с которой уже связан половыми сношениями. И потому для того, чтобы хорошо жить, надо не расходиться с женою и не ее упрекать, а на себя оглянуться, в себе видеть всё дурное и все силы полагать на то, чтобы себя исправлять.\nПроизводительные артели дело хорошее.\n",
  "notes" : [ "Печатается по копии, сверенной с черновиком-автографом, написанным на конверте письма Кузнецова.", "Григорий Филиппович Кузнецов (р. 1889) — крестьянин Астраханской губ., прислал Толстому письмо от 27 января 1910 г., в котором, описывая свою тяжелую семейную жизнь с нелюбимой женой, спрашивал Толстого, как ему быть. Кроме того, он просил Толстого высказаться о трудовых артелях." ],
  "source" : "Письма 1910 гг."
}