{
  "id" : "",
  "to" : [ ],
  "date" : -2556039600000,
  "place" : "1880—1889 гг.",
  "content" : "* 423.\nЯ жив, здоров. Сейчас кончил поправку коректур и устал нервами ужасно. Будь только ты, душенька, здорова.\nЛ. Толстой.\n",
  "notes" : [ "Датируется приблизительно на основании почерка. Других данных для датировки и комментирования письма нет." ],
  "source" : "Письма к С. А. Толстой 1862-1910 гг."
}