{
  "id" : "1",
  "to" : [ {
    "firstName" : null,
    "lastName" : null,
    "paternalName" : null,
    "originalEntry" : "1. T. A. Ергольской."
  } ],
  "date" : -4085060400000,
  "place" : "Я. П.",
  "content" : "1. T. A. Ергольской.\nChère Tante,\nJe baise vos mains, je me porte bien, et M-r Miller1 nous a permis d’aller demain nous promener.\nLéon Tolstoy.\n\nДорогая тетушка,\nЛев Толстой.\n",
  "notes" : [ "Я целую ваши руки, я чувствую себя хорошо и г-н Миллер1 разрешил нам завтра погулять", "Приписка к письму М. Н. Толстой.", "Впервые опубликовано факсимильно в книге: H. Н. Гусев, «Лев Николаевич Толстой, Материалы к биографии с 1828 по 1855 год», изд. Академии наук СССР, М. 1954, между стр. 112—113.", "Ергольская Татьяна Александровна (1792—1874) — троюродная тетка Толстого (см. т. 59, стр. 12—13).", "1 Г. В. Миллер — тульский врач, знакомый Н. И. Толстого." ],
  "source" : "Письма 1840—1910 гг."
}