{
  "id" : "1",
  "to" : [ {
    "firstName" : "И",
    "lastName" : "Файнерману",
    "paternalName" : "Б",
    "originalEntry" : "1. И. Б. Файнерману."
  } ],
  "date" : -2620234800000,
  "place" : "до Москва.",
  "content" : "1. И. Б. Файнерману.\nПолучил только нынче два письма ваши из Ясной и узнал, наконец, об исходе отбывания солдатства.1 Получил тоже ваши два письма из Кременчуга. Все письма радостные. Вы правы о книжничестве. Я то же чувствую, живя в городе. Фарисеи, иродиане, книжники и законники — всё те же, но сознание ими своей правоты — уж не то. Сознание это расшатывается и будет расшатываться, пока не уничтожится, — не при нас, но мы служим и будем служить истине, чтобы она пробилась для других людей через эти покровы. Но не это для меня важно теперь. Важно ваше душевное состояние и работа, предстоящая вам. Успех в работе зависит не от нас, но: 1) самоотвержение, забвение себя, 2) разумность в последовательности действий и 3) совершенство орудий для работы (в настоящем случае совершенство орудия есть нежность, осторожность, кротость), — всё это зависит от нас. Успеете ли, нет тронуть сердце вашей жены2 — это как бог даст, но не лишите ее всего того, что может помочь ей, т. е. вашей самоотреченной кроткой разумности. Если эта сила проявляется вполне, трудно чему кому-нибудь устоять. —\nЯ живу хорошо, радостно. Писал всё драму.3 Еще не вышла — цензура мешает. Потом пишу общее рассуждение о смерти и жизни,4 к[оторое] кажется мне нужным. Я кое-что читал вам. Чертков в деревне, задержался за нездоровьем жены. В очень хорошем духе. Вообще, не видал еще людей, ставших на путь Христов и не идущих по нем.\nВы спрашиваете об Илье.5 Он, бедный, страдает несоответственностью своих привычек, поддерживаемых средой и его большой слабостью, с признаваемым его разумом истиной.\nНесоответствие это велико, [так] что он может представляться людям прямо обманщиком, болтуном. Жизнь дело важное и сложное. И я смотрю на него, выжидая, как, куда его выпрет.\nЦельных людей в последнее время встречал мало, но разбросанного света среди тьмы, теплящих[ся] искор поразительно много в сравнении с тем, что было хоть три года тому назад. Здесь, н[а]п[ример], новый профессор философии, Грот,6 живой, свежий человек — очень близок к нашим взглядам, даже совпадает с ними, но, как книжник, хочет всё выразить на своем жаргоне. Когда же откинет всё лишнее, останется Евангелие, — то самое, кот[орое] и дало ему то, что он исповедует. Это приятно видеть и такого вижу много. Напишите свой рассказ,7 только как можно избегайте нецензурного. Всё запрещают. Крестника8 запретили. Старца Зосиму9 и того запретили. Целую вас. Передайте наш привет Эсфири.\nЛ. Т.\n",
  "notes" : [ "Впервые опубликовано в «Елисаветградских новостях» 1904, № 98 от 28 февраля. Датируется по содержанию упоминанием о «Власти тьмы», временем отъезда В. Г. Черткова в Петербург и пребыванием Толстого в Москве. Письмо по ошибке не было опубликовано в томе 63.", "Об Исааке Борисовиче Файнермане (1863—1925) см. т. 63, стр. 412—413.", "1 Осенью 1886 г. Файнерман был призван для отбывания воинской повинности, но был освобожден по льготе первого разряда. В связи с призывом Файнерман ездил к себе на родину в Кременчуг.", "2 Жена Файнермана, Эсфирь, требовала от мужа развода, будучи несогласной с его толстовскими взглядами.", "3 Драма «Власть тьмы» была написана в октябре — ноябре 1886 г. Сдав ее во второй половине ноября в печать и цензуру, Толстой в декабре вносил в нее исправления и дополнения и написал вариант четвертого действия.", "4 «О жизни». См. т. 26. Работа над рукописями статьи была закончена лишь 3 августа 1887 г. (авторская дата), поэтому в последующих письмах часты упоминания об этой статье, которую Толстой называет «о жизни» или «о жизни и смерти».", "5 Илья Львович Толстой. См. прим. к письму № 150.", "6 Николай Яковлевич Грот. См. прим. к письму № 44.", "7 Рассказ неизвестен.", "8 Речь идет о запрещении в издании «Посредник» легенды Толстого «Крестник», впервые напечатанной в «Книжках Недели» 1886, 4. В издании «Посредник» была напечатана лишь в 1906 г.", "9 Имеется в виду переработанная для «Посредника» глава из романа Ф. М. Достоевского «Братья Карамазовы» под заглавием «Старец Зосима»." ],
  "source" : "Письма. 1887 г."
}