{
  "id" : "1",
  "to" : [ {
    "firstName" : "В",
    "lastName" : "Стасову",
    "paternalName" : "В",
    "originalEntry" : "1. В. В. Стасову."
  } ],
  "date" : -2303319600000,
  "place" : "Москва.",
  "content" : "1. В. В. Стасову.\nНет ли записок, кроме Полторацкого1 и Зисермана,2 касающихся Кавказа и войны в 40—60 годах?3 Вот мои дерзкие и покорные просьбы. Прошу простить и не бранить.\nИз этих 20 томов те, к[оторые] касаются Аварии и Чечни.4\nЛ. Толстой.\n\nНа конверте: Петербург. Публичная библиотека. Владимиру Васильевичу Стасову.\n",
  "notes" : [ "Приписка на «Списке книг о Кавказе», составленном Стасовым и возвращенном ему обратно Т. Л. Толстой в письме от 4 января. Впервые опубликована в ТС, стр. 176. Датируется по письму T. Л. Толстой.", "Владимир Васильевич Стасов (1824—1906) — выдающийся художественный критик-демократ; библиотекарь Публичной библиотеки в Петербурге. Находился с Толстым в дружеских отношениях. См. о нем в т. 62.", "Ответ на письмо Стасова от 3 января, к которому был приложен составленный Стасовым список книг для работы Толстого над начатой в августе 1896 г. повестью «Хаджи-Мурат». См. ТС, стр. 174, и т. 35 наст, изд., стр. 588.", "1 Владимир Алексеевич Полторацкий (1828—1889), бывший прапорщик Куринского полка; в 1847—1854 гг. участвовал в боях с горцами в Большой и Малой Чечне и Азиатской Турции; автор воспоминаний и дневников, составляющих 27 рукописных томов. Отрывки их из кавказского периода его жизни опубликованы в «Историческом вестнике» за 1893 г. Толстой пользовался его воспоминаниями при писании повести «Хаджи-Мурат», где вывел его под именем Алексея Владимировича Полторацкого.", "2 Арнольд Львович Зиссерман (1824—1897), историк Кавказа и мемуарист; автор воспоминаний «Двадцать пять лет на Кавказе (1842—1867)», в 3 частях, СПб., типогр. Суворина, 1879—1884, «Кавказские воспоминания» — «Русский архив», 1884 и 1885 гг., и других. См. тт. 35, 51, 53 и 69.", "3 В подлиннике: годов", "4 Эта фраза приписана на полях списка против № 10: «Описание племен Кавказа. 20 томов»." ],
  "source" : "Письма. 1897 г."
}