{
  "id" : "1",
  "to" : [ {
    "firstName" : "О",
    "lastName" : "Новокшонову",
    "paternalName" : "Ф",
    "originalEntry" : "* 1. О. Ф. Новокшонову"
  } ],
  "date" : -2082740400000,
  "place" : "Я. П",
  "content" : "* 1. О. Ф. Новокшонову, А. А. Фофанову, В. Щербакову.\nПолучил ваше письмо, любезн[ые] старички.1 Надеюсь, что вы теперь уже на отъезде.2 Деньги, посланные вам сначала 500 р.,3 мы предназначали на помощь заключенным в каторге, Я писал об этом П[етру] В[асильевичу]4 и потому думаю, что община возвратит эти деньги. Прощайте. Дай бог вам всего хорошего.\nЛев Толстой.\n2 янв. 1904.\n",
  "notes" : [ "Печатается по копировальной книге № 6, л. 28.", "Письмо адресовано трем духоборам: Осипу Федоровичу Новокшонову, Алексею Александровичу Фофанову и Василию Щербакову, хлопотавшим о выезде в Канаду для соединения со своими семьями, переселившимися туда с общей массой духоборов в 1898-1901 гг. См. прим. 3 к письму № 3.", "1 «Старичками» у духоборов назывались женатые мужчины. Старики по возрасту назывались дедами.", "2 В письме к Толстому от 6 мая 1904 г. О. Ф. Новокшонов сообщал из Америки, что они выехали из Елисаветполя 1 марта и прибыли в Канаду 8 апреля.", "3 Деньги 500 р., о которых пишет Толстой, предназначались сосланным на каторгу павловцам. См. прим. 6 к письму № 3.", "4 П. В. Веригин. См. письмо № 3." ],
  "source" : "Полное собрание сочинений. Том 75"
}