{
  "id" : "1",
  "to" : [ {
    "firstName" : "П",
    "lastName" : "Буланже",
    "paternalName" : "А",
    "originalEntry" : "1. П. А. Буланже."
  } ],
  "date" : -2272042800000,
  "place" : "Москва.",
  "content" : "1. П. А. Буланже.\nПолучил давно ожидаемое ваше письмо, дорогой друг П[авел] А[лександрович], и очень обрадован б[ыл] им. — Я б[ыл] нездоров, теперь поправился, но всё еще нет полного обладания силами и потому не могу работать. Поэтому же и вам пишу только несколько слов. Как мне понравилось то естественное дело, к[оторое] представляется Коле.1 Насколько это лучше гимназии. Делаете ли вы для изучения языка то, что я советовал вам: прочйтыванье каждый день главы две евангелия (как самой вам хорошо известной книги) по-английски, не углубляясь в граммат[ические] подробности. Поздравляю вас, вашу жену2, тещу3 и детей с новым годом.\nЛ. Т.\n\nНа обороте: Англия, Angleterre, Purleigh (near Maldon), The Simes. P. Boulanger.\n",
  "notes" : [ "Впервые опубликовано в сборнике «Летописи», 2, стр. 209—210. Датируется на основании почтовых штемпелей.", "Павел Александрович Буланже (1864—1925) — один из друзей Толстого. См. о нем в т. 63, стр. 350. Осенью 1897 г. был выслан за границу за участие в помощи духоборам. В 1898 г. жил в Purleigh (Англия) и работал в типографии В. Г. Черткова.", "Ответ на письмо Буланже от 23 декабря 1897 г., в котором Буланже сообщал о своей жизни и работе.", "1 Николай Павлович Буланже (р. 1888), сын П. А. Буланже, впоследствии инженер путей сообщения. П. А. Буланже писал о желании его сына учиться наборному делу.", "2 Мария Викторовна Буланже.", "3 Юлия Устиновна Клюковская." ],
  "source" : "Письма. 1898 г."
}