{
  "id" : "1",
  "to" : [ {
    "firstName" : "Н",
    "lastName" : "Лескову",
    "paternalName" : "С",
    "originalEntry" : "1. Н. С. Лескову."
  } ],
  "date" : -2477070000000,
  "place" : "Целую вас.",
  "content" : "1. Н. С. Лескову.\nОчень рад был получить от вас1 весточку, дорогой Николай Семенович, и рад тому, что вы духом спокойны и бодры, хотя и хвораете. Только бы духовная сила не останавливаясь работала, а тело веди себя как хочет и может. —\nНа вопрос, который вы делаете мне о голоде, очень бы хотелось суметь ясно выразить, что я по отношению этого думаю и чувствую. А думаю и чувствую я об этом предмете нечто очень определенное; именно: голод в некоторых местах (не у нас, но вблизи от нас, в некоторых уездах — Ефремовском, Епифанском, Богородицком) есть и будет еще сильнее, но голод, т. е. больший, чем обыкновенно, недостаток хлеба у тех людей, которым он нужен, хотя он есть в изобилии у тех, которым он не нужен, — отвратить никак нельзя тем, чтобы собрать, занять деньги и купить хлеба и раздать его тем, кому он нужен, — потому что дело всё в разделении хлеба, который был у людей. Если этот хлеб, который был и есть теперь, или ту землю, или деньги, которые есть, разделили так, что остались голодные, то трудно думать, чтобы тот хлеб или деньги, которые дадут теперь, — разделили бы лучше. Только новый соблазн представят те деньги, которые вновь соберут и будут раздавать. Когда кормят кур и цыплят, то если старые куры и петухи обижают, — быстрее подхватывают и отгоняют слабых, — то мало вероятного в том, чтобы, давая больше корма, насытили бы голодных. При этом надо представлять себе отбивающих петухов и кур ненасытными. Дело всё в том, — так как убивать отбивающих кур и петухов нельзя, — чтобы научить их делиться с слабыми. А покуда этого не будет — голод всегда будет. Он всегда и был, и не переставал: голод тела, голод ума, голод души. —\nЯ думаю, что надо все силы употреблять на то, чтобы противодействовать, — разумеется, начиная с себя, — тому, что производит этот голод. А взять у правительства или вызвать пожертвования, т. е. собрать побольше мамона неправды и, не изменяя подразделения, увеличить количество корма, — я думаю не нужно, и ничего, кроме греха, не произведет. Делать этого рода дела есть тьма охотников, — людей, которые живут всегда не заботясь о народе, часто даже ненавидя и презирая его, которые вдруг возгораются заботами о меньшем брате, — и пускай их это делают. Мотивы их и тщеславие, и честолюбие, и страх, как бы не ожесточился народ. Я же думаю, что добрых дел нельзя делать вдруг по случаю голода, а что если кто делает добро, тот делал его и вчера, и третьего дня, и будет делать его и завтра, и послезавтра, и во время голода, и не во время голода. И потому против голода одно нужно, чтобы люди делали как можно больше добрых дел, — вот и давайте, — так как мы люди, — стараться это делать и вчера, и нынче, и всегда. — Доброе же дело не в том, чтобы накормить хлебом голодных, а в том, чтобы любить и голодных, и сытых. И любить важнее, чем кормить, п[отому] что можно кормить и не любить, т. е. делать зло людям, но нельзя любить и не накормить. — Пишу это не столько вам, сколько тем людям, с которыми беспрестанно приходится говорить и которые утверждают, что собрать денег или достать и роздать — доброе дело, — не понимая того, что доброе дело только дело любви, а дело любви — всегда дело жертвы. И потому, если вы спрашиваете: что именно вам делать? — я отвечаю: вызывать, если вы можете (а вы можете), в людях любовь друг к другу, и любовь не по случаю голода, а любовь всегда и везде; но, кажется, будет самым действительным средством против голода написать то, что тронуло бы сердца богатых. Как вам бог положит на сердце, напишите, и я бы рад был, кабы и мне бог велел написать такое.\nЦелую вас.\nЛюбящий вас Л. Толстой.\n",
  "notes" : [ "Печатается по копии рукой Н. С. Лескова из AЧ. С большими пропусками опубликовано в газете «Новости» 1891, № 244 от 4 сентября; почти полностью опубликовано в Б, III, стр. 205—207. Дата копии.", "Николай Семенович Лесков (1831—1895). См. т. 65.", "Ответ на письмо Лескова от 20 июня 1891 г., в котором Лесков писал о постигшем некоторые губернии центральной России неурожае и надвигавшемся голоде; спрашивал, нужно ли что предпринимать в связи с этим (письмо опубликовано в ПТТ, стр. 104—106).", "1 Прописная буква в местоимении «вы», поставленная в копии Лескова, переделана на строчную, согласно машинописной копии AЧ (так обычно Толстой писал это слово).", "Ответ Лескова от 12 июня 1891 г. см. в ПТТ, стр. 108—110." ],
  "source" : "Письма. 1891 г."
}