{
  "id" : "1",
  "to" : [ {
    "firstName" : "А",
    "lastName" : "Воронцу",
    "paternalName" : "М",
    "originalEntry" : "* 1. А. М. Воронцу."
  } ],
  "date" : -2035479600000,
  "place" : "",
  "content" : "* 1. А. М. Воронцу.\nБлагодарю вас за ваше письмо.\nТеоретически я знаю, что должны быть люди, живущие, как вы, одними [и] теми же, как и я, духовными началами и потому одинаково относящиеся к современным событиям, но особенно приятно узнать это практически, как я узнал это из вашего письма.\nОт всей души благодарю вас.\nЛев Толстой.\n1905. 2 июля.\n",
  "notes" : [ "Александр Митрофанович Воронец (р. 1871) — преподаватель математики, автор ряда учебников, методических пособий по математике и неопубликованного исследования «О работах Л. Н. Толстого по методике математики». Воронец не был лично знаком с Толстым.", "Ответ на письмо, в котором А. М. Воронец выражал свое возмущение заметкой в «Русском слове» 1905, № 167 от 23 июня, где приводилась выдержка из статьи Вас. Регинина «Из беседы с Максимом Горьким» — «Биржевые ведомости» от 22 июня 1905 г. В статье В. Регинина приводились следующие слова М. Горького о Л. Н. Толстом: «Этот человек впал в рабство своей идеи. Он давно уже замкнулся от русской жизни и не прислушивается с должным вниманием к ее голосу. Я был свидетелем, когда к Толстому явилась группа крестьян посоветоваться по некоторым вопросам их быта; и вместо того, чтобы выслушать мужиков и дать практический ответ, Толстой стал высказывать им свои суждения, развивать те идеи, до которых не дорос не только крестьянин, но даже наш интеллигент. Не надо придавать особого значения его словам о современном положении России — он очень далеко стоит сейчас от нее». А. М. Воронец возмущался словами М. Горького и заявлял о своей солидарности с Толстым." ],
  "source" : "Письма. 1905 г."
}