{
  "id" : "1",
  "to" : [ {
    "firstName" : "П",
    "lastName" : "Голохвастову",
    "paternalName" : "Д",
    "originalEntry" : "1. П. Д. Голохвастову."
  } ],
  "date" : -3060010800000,
  "place" : "Я. П.",
  "content" : "1. П. Д. Голохвастову.\nЯ нынче только получил ваши книги,1 многоуважаемый Павел Дмитриевич, и не могу вас достаточно благодарить. Надеюсь свидеться с вами до тех пор, пока прочту то, что мне нужно в этих.\nДолго ли вы пробудете в Москве? Есть ли надежда увидать вас в январе?\nДай бог вам успеха в вашей работе. Так часто приходится говорить неискренно эти слова, что мне хочется особенно подчеркнуть то, что я от всей души интересуюсь не только вашими трудами, но и всей вашей умственной деятельностью, которая имеет большую будущность.\nЯ вас не зову к себе теперь, если не поздно будет в феврале; потому что я всю зиму нынешнюю нахожусь в самом тяжелом, ненормальном состоянии. Мучаюсь, волнуюсь, ужасаюсь перед представляющимся, отчаиваюсь, обнадеживаюсь и склоняюсь к тому убеждению, что ничего кроме муки не выйдет.2 Надеюсь к февралю успокоиться. А теперь я себе так несносен, что другим должен быть невыносим. Так, пожалуйста, напишите свои планы на следующей неделе; я по ним соображусь. А свидеться и сблизиться с вами мне очень хочется.\nВаш Л. Толстой.\n12 генваря.\n",
  "notes" : [ "Письмо к П. Д. Голохвастову, как и последующие письма к нему (кроме письма № 14), печатается по тексту, опубликованному в «Русском вестнике», 1904, 11, стр. 196—215. Местонахождение автографов неизвестно. Год определяется содержанием. См. прим. 1.", "О Павле Дмитриевиче Голохвастове см. т. 61, прим. к письму № 422.", "1 Толстой просил П. Д. Голохвастова прислать ему несколько книг о Петре I и его эпохе. См. т. 61, письмо № 422.", "2 Речь идет о работе над романом из эпохи Петра I." ],
  "source" : "Письма. 1873 г."
}