{
  "id" : "1",
  "to" : [ {
    "firstName" : "Д",
    "lastName" : "Толстой",
    "paternalName" : "Ф",
    "originalEntry" : "* 1. Д. Ф. Толстой."
  } ],
  "date" : -2114103600000,
  "place" : "Я. П.",
  "content" : "* 1. Д. Ф. Толстой.\nМилая Дора, давно хочется написать тебе, во-первых, чтобы посочувствовать твоему положению, а во-вторых, разрушить ту холодность, которая, будто, установилась между нами. Если это есть, то совершенно напрасно, потому что я ценю и люблю тебя и как прекрасную жену Леве и саму по себе, как милую, добрую и правдивую женщину.\nТак что если с твоей стороны было что-нибудь, то, пожалуйста, сотри это, чтобы ничего не оставалось.\nТеперь о твоем положении: мне очень жалко тебя, в особенности потому, что, мне кажется, ты еще не умеешь покоряться, а это нужно и для своего счастья и для счастья окружающих. Можно найти утешение во всяком положении, тем более в твоем, которое требует от тебя только выдержки и терпения. Ты так молода, и натура твоя такая энергичная, что болезнь эта, по всем вероятиям, пройдет, не оставив следов: ты счастливица в сравнении с Таней,1 — а и Таня счастливица в сравнении с сотнями и тысячами женщин, а и те тоже в сравнении с еще более несчастными. Но, разумеется, не в несчастии других найдешь утешение, а в том, как относишься к своему горю. И вот я бы желал, чтобы ты воспользовалась своей болезнью как можно лучше и вынесла бы из нее освежение и укрепление души. Я всегда испытываю это. И то, что я для души выигрываю во время болезни, слишком дешево покупается несколькими месяцами физических, не скажу, страданий, но неприятностей. Душа наша, как дети, растет во время болезни. Желаю тебе этого. Прощай, милая Дора, целую тебя, Леву и детей.2\nЛюбящий тебя Лев Толстой.\n\nЯ всё еще очень слаб, поэтому пишу не своей рукой.\n",
  "notes" : [ "Печатается по машинописной копии. В основание датировки положена дата ответного письма Д. Ф. Толстой из Петербурга (7 января 1903 г.).", "Дора Федоровна Толстая (1878—1933) — дочь шведского врача Эрнста Вестерлунда (1839—1924), с 1896 г. жена Л. Л. Толстого, с которым развелась в 1922 г. С 1917 г. жила в Швеции.", "В конце 1902 г. Д. Ф. Толстая заболела воспалением почек и в течение нескольких месяцев лежала в постели. В 1903 г. лечилась в Швеции у отца, а также в Ялте и в Капре.", "1 Имеются в виду неудачные роды (выкидыш) T. Л. Сухотиной. См. письмо № 7.", "2 Дети Д. Ф. и Л. Л. Толстых: Павел (р. 1900) и Никита (р. 1902)." ],
  "source" : "Письма. 1903 г."
}