{
  "id" : "1",
  "to" : [ {
    "firstName" : "Т",
    "lastName" : "Сухотиной",
    "paternalName" : "Л",
    "originalEntry" : "* 1. Т. Л. Сухотиной."
  } ],
  "date" : -1924801200000,
  "place" : "Я. П.",
  "content" : "* 1. Т. Л. Сухотиной.\nСпасибо за твое, письмецо, милая дочка. Очень, очень жаль тебя. Надеюсь, что ты разумно и добро переносить свое разочарование. У тебя еще и тех мирских радостей, к[отор]ые достаются только малому числу, так много,1 что ты еще не начинала думать о тех вечных, всем доступных духовных радостях, к[отор]ые одни настоящие. Такие же огорчения, как те, к[отор]ое постигло тебя, только прокладывают дорогу к этим настоящим радостям. Чтобы не быть голословным, хотя ты и знаешь, в чем эти радости, повторю, в чем они: в том, чтобы быть в любви не только с добрым, хорошим мужем, хорошими ребятами пасынками,2 не совсем плохими родителями и сородичами, не говорю уже о дочери,3 а со всеми: с пикирующейся Верой,4 с самыми антипатичными людьми. И непременно именно с этими. Чем больше живу, тем больше убеждаюсь в этом. Любовь к любящим, к милым не особенно радостное чувство, если сравнить его с любовью к ненавидящим, к неприятным. И это не так трудно, как кажется. Надо только верить, что это не только должно, но можно и, главное, радостно. Я немножко испытал это и не могу удержаться, чтобы не посылать этот рецепт тем, кого люблю. — Целую тебя, Таничку, Мих[аила] Сергеевича].5 У нас хорошо. Мама напишет подробности.\nЛ. Т.\n3 янв. 1909.\n",
  "notes" : [ "Татьяна Львовна Сухотина (1864—1950) — старшая дочь Толстого. С 1899 г. была замужем за М. С. Сухотиным.", "Ответ на письмо Т. Л. Сухотиной от 28 декабря 1908 г. из Лозанны (Швейцария), в котором она писала о своем состоянии после выкидыша.", "1 Зачеркнуто: в сравнении с другими", "2 Сыновья М. С. Сухотина от первого брака с М. М. Бодэ: Лев Михайлович (р. 1879), Михаил Михайлович (1884—1921), Сергей Михайлович (1887—1926), Алексей Михайлович (р. 1888) и Федор Михайлович (1896—1921).", "3 Татьяна Михайловна Сухотина (р. 1905), с 1930 г. замужем за итальянцем Альбертини; живет в Италии.", "4 Вера Александровна Кузминская (р. 1871), дочь А. М. Кузминского (1845—1917) и Татьяны Андреевны, рожд. Берс (1846—1925). Татьяна Львовна писала о ней, что «пики и колкости она и пишет и говорит при всяком удобном случае».", "5 М. С. Сухотин." ],
  "source" : "Письма 1909 г."
}