{
  "id" : "1",
  "to" : [ {
    "firstName" : null,
    "lastName" : null,
    "paternalName" : null,
    "originalEntry" : "* 1. Ф. Василенко."
  } ],
  "date" : -1893351600000,
  "place" : "Я. П.",
  "content" : "* 1. Ф. Василенко.\nРад б[ыл] получить ваше письмо. Мысли, выраженные в нем, вполне разделяю.\n2 января 1910 года\nЯсная Поляна.\n",
  "notes" : [ "Печатается по копии, сверенной с черновиком-автографом на конверте письма Василенко.", "Ответ на письмо Федора Василенко от 1 января 1910 г., в котором он писал: «Лев Николаевич... Встречаю новый год с вашими книгами. Только что окончил «Так что же нам делать? ». В этом же письме он утверждал, что, по его мнению, назрела необходимость в новом религиозном учении, которое бы изменило всю жизнь." ],
  "source" : "Письма 1910 гг."
}