{
  "id" : "1",
  "to" : [ {
    "firstName" : "К",
    "lastName" : "Солдатенкову",
    "paternalName" : "Т",
    "originalEntry" : "* 1. К. Т. Солдатенкову."
  } ],
  "date" : -2334855600000,
  "place" : "Москва",
  "content" : "* 1. К. Т. Солдатенкову.\nУважаемый Косьма Терентьевич,\nМой близкий друг, Владимир Григорьевич Чертков, желает с вами познакомиться и побеседовать об общем деле.1 Он и передаст вам эту записку. Очень жалею, что давно не видал вас.\nВаш Л. Т.\n",
  "notes" : [ "Печатается по рукописной копии рукою В. Г. Черткова. В дате копии: «Москва, 5 янв. 95» исправляем 1895 г. на 1896-й ввиду того, что в 1895 г., в первую половину января, ни Толстого, ни Черткова в Москве не было, и по содержанию письмо следует отнести к 1896 г.", "Козьма Терентьевич Солдатенков (1818—1901) — богатый московский купец-старообрядец, основатель крупного издательства.", "1 Вероятно, об участии Солдатенкова в деле помощи духоборам." ],
  "source" : "Письма. 1896 г."
}