{
  "id" : "1",
  "to" : [ {
    "firstName" : "Л",
    "lastName" : "Семенову",
    "paternalName" : "Д",
    "originalEntry" : "1. Л. Д. Семенову."
  } ],
  "date" : -1956510000000,
  "place" : "Я. П.",
  "content" : "1. Л. Д. Семенову.\nПолучил ваше очень мне приятное и интересное письмо, милый Леонид, и хочется получше ответить. Ваше отношение к требованию отбывания воинской повинности очень одобряю. Как и во всем, так и в этом деле, главное — не делать. Чем дольше живу, тем больше убеждаюсь в глубокой мудрости учения о неделании. «Пребывающий в любви пребывает в боге, и бог в нем». Вот этот-то бог любви, пребывающий в человеке, не может не проявляться делами любви, если только разные «делания». т. е. наши грехи, не мешали его проявлению. Пускай они, правительство, как хотят, как это им нужно, относятся к вам через паспорт или еще как, ваше дело1 только в том, чтобы не делать того противного любви, к[отор]ого они от вас требуют, и к ним относиться с любовью, не думая о том, что из этого выйдет. Выйдет же из такого отношения наверное самое лучшее и для вас и для других.\nНа вопрос ваш, как вам устроить свою жизнь? — отвечаю отрицанием самого вопроса: устраивать нашу жизнь не в нашей власти, и попытки такого устроения только нарушают то ее устройство, которое предстоит нам, о к[отор]ом мы не знаем и к[отор]ое самое лучшее и для нас и для всех соприкасающихся с нами. Задача нашей жизни, смысл ее, в чем вы, наверное, согласны со мной, в том, чтобы проявить во всей доступной нам силе того бога любви, к[отор]ый живет в нас; а чтобы проявить его, нам много надо работать над собой, над уничтожением тех грехов, к[отор]ыми мы полны и кот[орые] мешают проявлению любви: и телоугодничество, и праздность, и сладострастие, и недоброжелательство, и слава людская, и гордость личная и сословная, и народная, и неправдивость, и всякого рода суеверия, и церковные, и государственные, и научные, и искусства — всё это так въелось в нас и так затемняет, заглушает в нас дух божий, что нельзя достаточно упорно и напряженно бороться со всем этим для того, чтобы всё больше и больше освобождать дух божий — любовь и пользоваться тем благом, к[отор]ое дает это всё большее и большее освобождение. Только положите все силы на это усилие, то усилие, к[отор]ым берется царство божие внутри нас, всякую минуту настоящего насколько можно больше употребляйте на эту внутреннюю работу совершенствования — освобождения, и жизнь сложится так, как она должна сложиться, и по всем вероятиям не так, как вы бы того хотели, но сложится наилучшим образом. Знаю, как несогласна своим внешним формам та жизнь, к[отор]ой вы живете теперь, и как она тяжела вам, но будьте уверены, что вы нигде ни в своей, ни в чужой деревне, ни в общине (в общине меньше всего) не найдете того положения, в к[отор]ом бы вам внешние отношения но были тяжелы. Тяжесть этих отношений везде всегда есть необходимое условие нашей жизни. И эти условия становятся мучительно тяжелы, когда мы думаем, что это такие условия, к[отор]ые могут быть изменены, заменены более легкими. Это заблуждение. Условия эти не только облегчаются, но перестают быть мучительны, только когда мы смотрим на них не как на что-то, что может быть изменено, а как на матерьял, над к[отор]ым мы призваны работать, т. е. на ту форму жизни, в к[отор]ой, как и во всякой другой, у нас есть одно дело — проявлять живущий в нас дух божий и соединяться им посредством любви со всем окружающим нас.\nВ общем совет мой в том, чтобы не заботиться о внешнем, а все силы употреблять на внутреннее. Ищите ц[арства] б[ожия] и правды его, и остальное приложится, т. е. жизнь сложится, какою она должна быть соответственно внутреннему усилию.\nПишу вам те мысли, к[отор]ые вызвало во мне ваше письмо, и то, чем живу и с чем умираю, пишу вам это, думая, что понимаю вас, понимая любовью к вам, пишу то, чего не написал бы другому, зная, как легко ложно перетолковать эти мысли. Очень, очень радостно мне было ваше письмо. Пожалуйста, пишите мне, чтобы я знал, — не то, что вы сделаете (я бы не желал, чтобы вы сделали что-нибудь), а что бог сделает с вами.\nЛюбящий вас брат Лев Толстой.\n2 янв. 1908.\n",
  "notes" : [ "Впервые опубликовано почти полностью, без указания фамилии адресата, в «Русском слове» 1910, № 265 от 17 ноября.", "О Леониде Дмитриевиче Семенове (1880—1917) см. т. 77, стр. 153—154. В 1908 г. Семенов был в Ясной Поляне 14—18 апреля и 16—20 августа.", "Ответ на обширное письмо Л. Д. Семенова от конца декабря 1907 г. с описанием его настроения, изложением мыслей об устройстве жизни и своем отношении к предстоящему ему отказу от военной службы.", "1 Первоначально было написано: роль Предыдущее слово осталось согласованным с зачеркнутым: ваша" ],
  "source" : "Письма. 1908 г."
}