{
  "id" : "1",
  "to" : [ {
    "firstName" : "М",
    "lastName" : "Каткову",
    "paternalName" : "Н",
    "originalEntry" : "1. М. Н. Каткову."
  } ],
  "date" : -3376580400000,
  "place" : "первая половина. Москва.",
  "content" : "1. М. Н. Каткову.\nЛюбезный М[ихаил] Н[икифорович],\nежели для вас не затруднительно, то пришлите мне, пожалуйста, нынче же рублей 400 в счет того, что я должен буду получить за «Казаков». Я не знаю, сколько выйдет листов, а то в счет другой повести.1 Мне особенно нужны деньги именно теперь, и вы меня бы очень одолжили.\nГр. Л. Толстой.\n",
  "notes" : [ "Печатается по рукописной копии, хранящейся в БЛ (архив Каткова, тетрадь № 21). Впервые опубликовано в «Литературном наследстве», № 37-38, изд. Академии наук СССР, М. 1939, стр. 200. На копии дата: «1875 г. Января 1», явно ошибочная, так как рукопись повести «Казаки», которая упоминается в письме, была послана Каткову 28 ноября 1862 г. (см. т. 60, № 269), а вышла в свет повесть 24 февраля 1863 г. в журнале Каткова «Русский вестник», № 1. О Каткове см. т. 60, стр. 134.", "1Повесть «Поликушка», была напечатана в № 2 «Русского вестника» за 1863 г." ],
  "source" : "Письма. 1863 г."
}