{
  "id" : "1",
  "to" : [ {
    "firstName" : "Н",
    "lastName" : "Страхову",
    "paternalName" : "Н",
    "originalEntry" : "1. Н. Н. Страхову."
  } ],
  "date" : -2838913200000,
  "place" : "Я. П.",
  "content" : "1. Н. Н. Страхову.\nДорогой Николай Николаич.\nДолжно быть, что я в одно время с этим письмом буду в Петерб[урге],1 но всетаки чувствую необходимость написать вам несколько слов на ваше последнее письмо. Давно я не испытывал такой радости, какую доставило мне ваше письмо. Я знаю, что вы искренний человек, но всетаки мне надо было повторять себе это несколько раз, чтобы знать, что я не заблуждаюсь и что правда, что моя мучительная духовная работа не напрасный труд, и что вам она была полезна. Очень я рад. Скоро увижусь с вами.\nВаш Л. Толстой.\n",
  "notes" : [ "Печатается по автографу, хранящемуся в ИЛ. Впервые опубликовано Б. Л. Модзалевским в СМ 1913, 8, стр. 246. На письме, не имеющем даты Толстого, пометка Н. Н. Страхова: «17 янв. 1880». Эта и другие даты, поставленные Н. Н. Страховым (судя по тому, что одно письмо с датированной припиской С. А. Толстой имеет Страховскую дату на два дня позднее, чем дата Софьи Андреевны), надо думать, означают день получения им письма.", "Николай Николаевич Страхов (1828—1896) — критик и философ. Подробнее о нем см. в прим. к письмам Толстого к нему, т. 61.", "Письмо Н. Н. Страхова, на которое отвечает Толстой, помечено 8 января 1880 г (см. ПС, № 131). В нем он между прочим писал: «Мне нужно в Вас верить, эта вера моя опора. Я давно называл Вас самым цельным и последовательным писателем; но Вы сверх того самый цельный и последовательный человек. Я в этом убежден умом, убежден моей любовью к Вам, я буду за Вас держаться, и надеюсь, что спасусь».", "1 На основании этого письма и письма к М. М. Стасюлевичу от 4? февраля 1880 г. явствует, что во второй половине января 1880 г. Толстой был в Петербурге по делу о четвертом издании собрания своих сочинений, выпущенном в том же году фирмой бр. Салаевых в одиннадцати томах." ],
  "source" : "Письма. 1880 г."
}