{
  "id" : "1",
  "to" : [ {
    "firstName" : "А",
    "lastName" : "Кони",
    "paternalName" : "Ф",
    "originalEntry" : "1. А. Ф. Кони."
  } ],
  "date" : -2398186800000,
  "place" : "Москва.",
  "content" : "1. А. Ф. Кони.\nДорогой Анатолий Федорович.\nВы, может быть, слышали про возмутительное дело, совершенное над женою к[нязя] Хилкова. У нее отняли ее детей и отдали матери ее мужа.1 Она хочет подать прошение государю. Прошение это ей написал ее beau frère,2 и мне оно не нравится.\nСам я не только не сумею написать лучше, но и считаю бесполезным и нехорошим учтиво просить о том, чтобы люди не ели других людей. Но вы именно тот человек, который, глубоко чувствуя всю возмутительность неправды, может и умеет в приятных формах уличить ее. Помогите этой несчастной и почтенной женщине. Может быть, вы поправите или напишете ей прошение и направите ее на [путь] наибольшей возможности успеха.\nПростите за то, что надоел вам. Просьба этого письма для меня важнее всех.3\nЛюбящий вас Л. Толстой.\n",
  "notes" : [ "Опубликовано впервые (почти полностью) в «Литературных приложениях «Нивы» 1908, 9, стр. 68. Письмо было послано с Ц. В. Винер, которая проездом в Петербург останавливалась в Москве и была у Толстого в Хамовниках 2 января 1894 г. Датируем его этим числом.", "Анатолий Федорович Кони (1844—1927) — либеральный юрист, литератор и общественный деятель. Знаком с Толстым с 1887 г.", "1 О Дмитрии Александровиче Хилкове и его жене, Цецилии Владимировне Винер, см. ниже письмо № 3 к Александру III и письма к ним №№ 28 и 42. Об отобрании у них детей полицией см. т. 66, стр. 423.", "2 Зять. Николай Федорович Джунковский, двоюродный брат Д. А. Хилкова, женатый на сестре его жены, Елизавете Владимировне Винер. См. т. 64, стр. 210.", "3 По просьбе Толстого, А. Ф. Кони написал Ц. В. Винер новое прошение к царю. Мнение Толстого о нем см. в письме к В. Г. Черткову от 8 февраля (т. 87, № 363)." ],
  "source" : "Письма. 1894 г."
}