{
  "id" : "1",
  "to" : [ {
    "firstName" : "Евгению",
    "lastName" : "Шмиту",
    "paternalName" : null,
    "originalEntry" : "*1. Евгению Шмиту (Eugen Schmitt)."
  } ],
  "date" : -2177434800000,
  "place" : "Москва.",
  "content" : "*1. Евгению Шмиту (Eugen Schmitt).\n1 Januar 1901.\nLieber Freund,\nIhr höchst interessanter Brief1 war just ein Monat her geschrieben und ich habe ihn längst erhalten, aber bis jetzt hatte nicht Muth und Gesundheit genug um Sie zu antworten. Es tat mir Leid dass ich so lange keine Nachricht von Ihnen hatte und deswegen war es mir eine besondere Freude Ihren Brief zu bekom[m]en und zu erfahren dass Sie wie früher energisch und tapfer in denselben Geiste arbeiten.\nSie haben vollkommen Recht dass die Christliche Weltanschaung in allem Gebieten neue und ganz von der weltlichen Wissenschaft unerwartete Bestimmungen fordert die in allen Richtungen ausgearbeitet werden müssen. Es freut mich sehr dass Sie diese Arbeit unternehmen; ich glaube dass Sie in diese Arbeit viel gutes vollbringen werden und werde mich besonders freuen wenn es mir gegeben wird es zu sehen.\nDie Bildung der Gemeinde von Anhänger der Gewaltlosigkeit ist in meiner Ansicht nach ein sehr wichtiger Ereignis und ich werde Ihnen dankbar wenn Sie mir darüber nähere Nachricht geben.\nGott helfe Ihnen in Ihrem Werke.\nIhr Freund\nLeo Tolstoy.\n\n1 января 1901\n\nДорогой друг,\nПомогай вам бог в вашем деле.\nВаш друг\nЛев Толстой.\n",
  "notes" : [ "Ваше в высшей степени интересное письмо1 было написано ровно месяц тому назад, и я его давно уже получил, но до сих пор не имел ни бодрости, ни здоровья, чтобы на него ответить. Мне грустно было так долго не иметь от вас известий, и потому для меня было особой радостью получить ваше письмо и узнать, что вы, как и прежде, энергично и мужественно работаете в том же духе.", "Вы совершенно правы, что христианское мировоззрение во всех областях дает новые и совершенно неожиданные для мировой науки заключения, которые во всех направлениях должны разрабатываться. Меня очень радует, что вы предпринимаете эту работу. Думая, что в этой работе вы дадите много хорошего, я буду радоваться, если мне суждено будет это увидеть.", "Образование общин непротивления, по моему мнению, очень важное событие, и я буду вам очень благодарен, если вы сообщите мне об этом более подробные сведения.", "Печатается по машинописной копии.", "О Евгении Генрихе Шмите (1851—1916) см. т. 67.", "1 Письмо от 1 декабря н. ст. 1900 г.; Шмит сообщал о начатой нм работе о Толстом. Опубликована в 1901 г. в Иене под заглавием: «Leo Tolstoi und seine Bedeutung für unsere Kultur» [«Лев Толстой и его значение для нашей культуры»]. См. письмо № 90." ],
  "source" : "Письма. 1901 г."
}