{
  "id" : "1",
  "to" : [ {
    "firstName" : null,
    "lastName" : null,
    "paternalName" : null,
    "originalEntry" : "1. Ректору Казанского университета Н. И. Лобачевскому."
  } ],
  "date" : -3963322800000,
  "place" : "ПРОШЕНИЕ ТОЛСТОГО РЕКТОРУ КАЗАНСКОГО УНИВЕРСИТЕТА",
  "content" : "1. Ректору Казанского университета Н. И. Лобачевскому.\nЕго Превосходительству Господину Ректору Императорскаго Казанскаго Университета Действительному Статскому Советнику и Кавалеру Николаю Ивановичу Лобачевскому.\nПрошение.\nЖелая поступить в число Студентов по Восточному отделению1 Философскаго Факультета Императорскаго Казанскаго Университета,2 прошу Ваше Превосходительство допустить меня к испытанiю. Акты мои: Свидетельство о рождении из Тульской духовной Консистории под № 252,3 и Свидетельство о моем Дворянском происхождении4 из Тульскаго Дворянскаго Депутатскаго Собрания под № 267 при сем честь имею представить.\nГраф Лев Толстой.\nСвидетельство о здоровьи5 в скором времени6 доставлю.\nЛ. Толстой. 1844 Мая 30.\n\n\n\nПРОШЕНИЕ ТОЛСТОГО РЕКТОРУ КАЗАНСКОГО УНИВЕРСИТЕТА 1844 г.\nРазмер подлинника\n",
  "notes" : [ "Печатается по автографу, хранящемуся в ГТМ. Впервые опубликовано Н. П. Загоскиным в статье «Гр. Л. Н. Толстой и его студенческие годы» — «Исторический вестник» 1894. № 1, стр. 94—95.", "На прошении пометы: «Под.[ано] 29 мая 1844» и «Нет лекарского свидетельства о здоровье, впрочем акты достаточны».", "После текста прошения рукой Н. И. Лобачевского написано: «Льва Толстого допустить к испытанию во 2-м комитете, объявя просителю, чтобы доставил свидетельство о здоровье. 29 мая 1844 г. Ректор Лобачевский».", "После кончины 30 августа 1841 г. опекунши Николая, Сергея, Дмитрия, Льва и Марии гр. Толстых, гр. Александры Ильиничны фон-дер-Остен-Сакен, опека перешла к другой их тетке, сестре их отца, Пелагее Ильиничне Юшковой, жене казанского помещика В. И. Юшкова, которая и перевезла детей Толстых в Казань осенью 1841 г. В том же 1841 г. гр. Николай Николаевич Толстой перевелся из Московского университета на третий курс Казанского университета, куда осенью 1843 г. поступили Сергей и Дмитрий Толстые. Лев Толстой 1842—1844 годы употребил на подготовку к вступительным экзаменам по турецко-арабскому разряду Философского факультета. Вступительные экзамены происходили 29 мая — 5 июня 1844 г. Толстой получил следующие отметки: 29 мая — закон божий — 4; 30 мая — история общая и русская — 1; 30 мая — статистика и география — 1; 31 мая — математика — 4; 1 июня — русская словесность — 4; 1 июня — логика — 4; 2 июня — латинский язык — 5; 5 июня — арабский язык — 5; 5 июня — турецко-татарский язык — 5; См. Н. П. Загоскин «Граф Л. Н. Толстой и его студенческие годы» — «Исторический вестник» 1894, № 1, стр. 78—124.", "Николай Иванович Лобачевский (1793—1856), известный математик, гениальный создатель Неевклидовой системы геометрии, в 1816—1846 гг. — профессор Казанского университета, с 3 мая 1827 г. по 14 августа 1846 г. — ректор Казанского университета; с 18 апреля 1845 г. по август 1847 г. — управляющий Казанским учебным округом. Казанский университет многим обязан Лобачевскому в деле строительства университета, оборудования физических кабинетов, устройства библиотеки и преобразования печатного университетского органа.", "1 После слов: Восточному отделению вписано между строк рукою Лобачевского: в разряд турецко-арабск.", "2 Казанский университет основан 5 ноября 1804 г.", "3 Свидетельство о рождении из Тульской духовной консистории, см. прим. 3 к прошению № 2,", "4 Свидетельство о дворянском происхождении, см. там же прим. 4.", "5 Свидетельство о здоровье, см. там же в конце примечаний.", "6 Зачеркнуто: дост.", "При прошении Толстого имеется (в ГТМ) еще бумага такого содержания: «По рассмотрении актов графа Льва Толстого: 1. Метрического свидетельства, выданного из Тульской Духовной Консистории от 23 Генваря 1841 г. за № 252 о времени рождении и крещения его. 2. Копии с протокола Тульского Дворянского Депутатского Собрания от 19 Августа 1841 г. за № 267 экзаменовался по Отделению Восточной словесности, но принятия в Университет не удостоен. Определено: акты здесь поименованные возвратить Г. Инспектору студентов для обращения Графу Льву Толстому, так как он не удостоен к поступлению в Университет... Исполнено 13 Июня»." ],
  "source" : "Письма. 1844 г."
}