{
  "id" : "10",
  "to" : [ {
    "firstName" : null,
    "lastName" : null,
    "paternalName" : null,
    "originalEntry" : "* 10. А. Е."
  } ],
  "date" : -3369236400000,
  "place" : "Я. П.",
  "content" : "* 10. А. Е. и Л. А. Берсам.\nХристос воскресе! милые, дорогие друзья! Хоть и в самом деле устал страшно, и в голове ничего нет, кроме паровиков, кубов и градусов,1 и потому кроме этой мерзости из оной ничего выйти не может, а хочется собственноручно написать и поздравить вас. Мы эти три дня отдавали дань весне, и все были нездоровы (немного), кажется, теперь прошло. — Прощайте, дай бог, чтоб у вас всё было по-старому, по-хорошему.\nВаш Левон.\nНе правда ли, складно?\n",
  "notes" : [ "Приписка к письму С. А. Толстой от 27 марта 1863 г.", "1 Толстой в то время был занят проектом постройки винокуренного завода. См. прим. 2 к письму № 3." ],
  "source" : "Письма. 1863 г."
}