{
  "id" : "10",
  "to" : [ {
    "firstName" : "Т",
    "lastName" : "Ергольской",
    "paternalName" : "А",
    "originalEntry" : "* 10. Т. А. Ергольской."
  } ],
  "date" : -3821022000000,
  "place" : "Москва.",
  "content" : "* 10. Т. А. Ергольской.\nПисьмо, которое я пишу к Николеньке,1 очень непонятно, а — переписывать некогда, напишите ему сами об этом и прикажите Андрею вложить в письмо к нему черновую довњренность.\nMes lettres, chère tante, vous doivent être doublem[ent] agréables: primo parce qu’elles vous prouvent que je suis sain et sauf et secondo parce qu’elles vous prouvent que je deviens raisonnable. — En arrivant à Moscou j’ai éte très empressé de vous donner de mes nouvelles parce que j’avais de bonnes à vous donner au sujet de mon genre de vie, et puis j’ai cessé de vous en donner par ce que j’étais mécontent de moi. Je me suis tout à fait débauché dans cette vie du monde, à présent tout cela m’embête affreusemen[t] et je rêve de nouveau à ma vie de campagne que je compte reprendre bientôt. Valérien me prie d’être le parrain de son enfant ce qui me ferait grand plaisir si sa rupture avec tante Pauline2 ne me fer[s]ait3 trop de peine, dites lui donc de ma part que je ne viendrai pas autrement chez luи qu’avec ma tante.\nAyez la bonté de dire à André que je ne suis plus fâché contre lui et qu’il a très mal fait d’envo[yer] la farine, mais qu’il vaudrait mieux envoyer de l’avoine, s’il reste encore des подводы, en tout cas que j’ai besoin de 200 r. argent et qu’il fasse acheter des chevau[x].\n",
  "notes" : [ "* Письмо, которое я пишу къ Николенькѣ,1 очень непонятно, а переписывать некогда, напишите ему сами объ этомъ и прикажите Андрею вложить въ письмо къ нему черновую довњренностъ.*", "Мои письма, дорогая тетенька, должны вам быть вдвойне приятны: во-первых, они удостоверяют, что я здрав и невредим, а во-вторых, что я становлюсь благоразумным. Приехав в Москву, я поспешил известить вас о себе, потому что мог сообщить хорошее о своем образе жизни; а потом я перестал писать потому, что был собой недоволен. Я распустился, предавшись светской жизни. Теперь мне всё это страшно надоело, я снова мечтаю о своей деревенской жизни и намерен скоро к ней вернуться. Валерьян зовет меня быть крестным отцом его ребенка, на что я охотно согласился бы, ежели бы меня не огорчил его разрыв с тетей Полиной.2 Поэтому передайте ему, что я приеду к нему не иначе, как вместе с тетей. —", "Будьте добры сказать Андрею, что я перестал на него сердиться, что напрасно он отправил муку, лучше было бы послать овес, ежели еще имеются * подводы *, что во всяком случае мне необходимы 200 р. сер., и чтобы он распорядился купить лошадей.", "Печатается по автографу, хранящемуся в АТБ. Публикуется впервые Письмо датируется предположительно содержанием: живет в Москве сравнительно уже долго.", "1 Письмо к гр. H. Н. Толстому неизвестно.", "2 Пелагея Ильинична Юшкова. О ней см. прим. 8 к п. № 4." ],
  "source" : "Письма. 1848 г."
}