{
  "id" : "10",
  "to" : [ {
    "firstName" : "Л",
    "lastName" : "Гуревич",
    "paternalName" : "Я",
    "originalEntry" : "10. Л. Я. Гуревич."
  } ],
  "date" : -2365614000000,
  "place" : "Никольское-Горушки.",
  "content" : "10. Л. Я. Гуревич.\nПосылая вам, дорогая Любовь Яковлевна, рассказ,1 посылаю его через H. Н. Страхова,2 к[оторому] поручаю корректировать его и подписать к печати. Очень рад буду, если он поспеет к Февр[альской] книжке, но если нет — не взыщите.\nОчень рад буду, если это послужит на пользу вашему журналу. Желаю и журналу всякого добра, но больше всего вам — человеку.\nЛ. Толстой.\nПосле того как я просмотрю корректуры в Москве, непременно пришлите мне в Москву.\n",
  "notes" : [ "Впервые опубликовано в «Летописях», 2, стр. 124. По связи с письмом к H. Н. Страхову от 14 января 1895 г. датируется тем же числом.", "Любовь Яковлевна Гуревич (1866—1940) — издательница журнала «Северный вестник». См. т. 66, стр. 380—381.", "1 Только что оконченный рассказ «Хозяин и работник».", "2 См. письмо № 12." ],
  "source" : "Письма. 1895 г."
}