{
  "id" : "10",
  "to" : [ {
    "firstName" : null,
    "lastName" : null,
    "paternalName" : null,
    "originalEntry" : "* 10. T. A. Ергольской."
  } ],
  "date" : -3586273200000,
  "place" : "Петербург.",
  "content" : "* 10. T. A. Ергольской.\n10 Mai.\nChère tante!\nJe crois que vous vous inquiétez déjà au sujet de mon silence et de ce que je n’arrive pas jusqu’à présent, ayant promis de venir la seconde semaine après Pâques. Figurez vous, que voilà plus de deux mois, que j’ai présenté mon rapport et que pendant un mois on m’assure, que dans quelques jours j’aurais mon congé et que je ne puis l’avoir jusqu’à présent. J’ai présenté avant hier un second rapport et je suppose que dans tous les cas je pourrais partir tout au plus dans une semaine; ce qui fait que dans deux semaines je serai chez vous à Ясное; car je compte passer quelques jours à Moscou et aller à Troitza.1 Je ne puis vous dire combien ce retard m’est désagréable, à présent que commence la plus belle saison de l’été que je suis obligé de la passer ici. Я кончил своих гусаров (повесть) и ничего нового не начал, да и Тургенев уехал, которого я чувствую теперь, что очень полюбил, несмотря на то, что мы всё ссорились.2 Так что мне бывает ужасно скучно. Dans tous les cas au revoir, chère tante, et écrivez moi un petit mot où êtes-vous? Que font Marie et les frères?\nLéon.\n\nНа конверте:\nЕе Высокоблагородию Татьяне Александровне Ергольской. В г. Тулу.\n10 мая.\nДорогая тетенька!\nЛев.\n",
  "notes" : [ "Вы, наверное, беспокоитесь, что я давно не пишу и не приезжаю, обещав быть на второй неделе после Пасхи. Представьте себе, уже более двух месяцев тому назад я подал рапорт, и целый месяц меня уверяют, что я получу отпуск через несколько дней, а его нет и до сих пор. Позавчера подал вторичный рапорт и думаю, что смогу уехать не позже, как через неделю; значит, через две недели я буду у вас в Ясном; в Москве собираюсь пробыть несколько дней и съездить к Троице.1 Не сумею выразить, как неприятна мне эта задержка; начинается лучшая пора лета, а я принужден ее проводить здесь. Я кончил своих гусаров (повесть) и ничего нового не начал, да и Тургенев уехал, которого я чувствую теперь, что очень полюбил, несмотря на то, что мы всё ссорились.2 Так что мне бывает ужасно скучно. Во всяком случае, до свиданья, дорогая тетенька, и напишите мне несколько слов, где вы? Как поживает Машенька и братья? —", "Цитата из письма (русский текст) впервые напечатана в Б. I, 1, стр. 291.", "1 В Москве Толстой пробыл 10 дней — с 18 по 28 мая (см. прим. 3 к п. №9). У тетки Пелагеи Ильиничны Юшковой, жившей в Сергиевом посаде, Толстой провел два дня: 19 и 20 мая.", "2 И. С. Тургенев уехал из Петербурга 5 мая 1856 г. в Спасское." ],
  "source" : "Письма. 1856 г."
}