{
  "id" : "10",
  "to" : [ {
    "firstName" : "Е",
    "lastName" : "Львову",
    "paternalName" : "В",
    "originalEntry" : "* 10. Е. В. Львову."
  } ],
  "date" : -3313422000000,
  "place" : "г., конец. Я. П.",
  "content" : "* 10. Е. В. Львову.\nПосылаю двух поликовских [?] поросят, любезный князь. Они у меня с воскресенья, и были кормлены хорошо. Японского поросенка не могу послать. Все японцы захворали — 4 издохли и оба последние больны. Ежели они выдут, то один из них — вам, а теперь везти опасно.\nДушевно кланяюсь и желаю вам всего лучшего.\nЧто ж вы меня не зовете к себе? А я все-таки приеду.\nВаш гр. Л. Толстой.\n\nНа обороте: Его сиятельству князю Евгению Владимировичу Львову.\n",
  "notes" : [ "Датируется на основании упоминания о японских свиньях: Толстой получил их в начале октября 1865 г. (см. письмо к А. Е. Берсу от 13—15 октября 1865 г., т. 61, стр. 109—110).", "Евгений Владимирович Львов (1817—1896) — помещик Тульской губ." ],
  "source" : "Письма 1840—1910 гг."
}