{
  "id" : "10",
  "to" : [ {
    "firstName" : null,
    "lastName" : null,
    "paternalName" : null,
    "originalEntry" : "10. A. A. Толстой."
  } ],
  "date" : -3055863600000,
  "place" : "Я. П.",
  "content" : "10. A. A. Толстой.\nЛюбезный друг Alexandrine. Очень вам благодарен за последнее письмо1 с выпиской от К. Долгорукова.2 Мой Бибиков был совершенно счастлив. Одно только меня огорчило, это то, что невольно вы мне показали тоном своего письма, que j’ai été indiscret.3 Что делать!\nПишу только с тем, чтоб благодарить вас и доказать, что я тверд в своем намерении писать вам не так редко, как прежде. — Пожалуйста, и вы напишите коротенькое словечко, чтоб я знал, чтó и где вы. —\nМы живем по-старому и нынче весною сбираемся в большое путешествие в Самару. Во всей семье только об этом и речи. В Самарской степи у меня построен домик и заведено маленькое хозяйство, и там мы проведем, если бог даст, лето.4\nРабота моя5 идет дурно. Жизнь так хороша, легка и коротка, а изображение ее всегда выходит так уродливо, тяжело и длинно.\nПрощайте, целую вашу руку и прошу не забывать.\nЛ. Толстой.\n1 марта.\n",
  "notes" : [ "Впервые опубликовано в ПТ, стр. 245—246. Год определяется сопоставлением с письмом № 5.", "1 Письмо неизвестно*", "2 Ср. в т. 61 письмо № 425.", "3 [что я был нескромен.]", "4 Лето 1873 г. семья Толстых провела в самарском имении, уехав туда из Ясной Поляны 2 июня и возвратившись в середине августа.", "5 Работа над романом из эпохи Петра I." ],
  "source" : "Письма. 1873 г."
}