{
  "id" : "10",
  "to" : [ {
    "firstName" : "Н",
    "lastName" : "Ге",
    "paternalName" : "Н",
    "originalEntry" : "10. Н. Н. Ге (отцу)"
  } ],
  "date" : -2475601200000,
  "place" : "Я. П.",
  "content" : "10. Н. Н. Ге (отцу) и H. Н. Ге (сыну).\nМилые, дорогие друзья Никол[ай] Н[иколаевич] и Количка.\nКаждый день думаю о вас, хочу писать и всё откладываю. А хочу писать, п[отому] ч[то] вы оба одни из самых близких по духу людей, с к[оторыми] мне легко всегда и радостно общаться. Ну, во-первых, обращаюсь к Н[иколаю] Н[иколаевичу]. Сюжеты ваши мне нравятся. Не нравится одно, что так много нужно для картин. Жизни не много нам осталось. Холсты расписать много есть мастеров, а выразить те моменты евангельских истин, к[оторые] вам ясны, я не знаю никого, кроме вас. Это одно. Другое об ищущих людях. Они тяжелы. Я знаю, что они тяжелы. Не говоря, какой и что, но мне скажут: вот человек хочет изменить жизнь, жить по-божьи и хочет для этого с вами видеться, говорить. Первое чувство неприятное. Думается иногда, что это дело открыто всякому, и я тут ничего помочь не могу, но потом говорить себе: тебе неприятно, так тем более ты должен сделать то, что может быть ему нужно. Но что делать, не знаешь. И больше[й] частью при этом совестно.\nСпасибо, Количка милый друг, что написали мне и то, что вам хорошо. Помогай вам бог. Коли бы вы знали, как я вам завидовал бы, коли бы позволял себе завидовать и вам. Я нынешний год очень слаб физически, занят своим писаньем,1 к[оторое] не кончено, но подвигается, и сверх этого одолеваем гостями всяких сортов. И вы не можете себе представить, как теперь, во время уборки, мне скверно, совестно, грустно жить в тех подлых, мерзких условиях, в к[оторых] я живу. Особенно вспоминая прежние года. — Всё это время был у нас Репин, попросился приехать. В это же время Стасов2 просил принять Гинцбурга, и Репин писал с меня в комнате и на дворе и лепил, и Гинцбург лепил и еще лепит. Репина бюст кончен и отлит и хорош, а Гинцбурга до сих пор не хорош. Репин хорошая художественная натура, но совсем сырая, нетронутая и едва ли он когда проснется. Ну, пока прощайте.\nПишите. Целую вас. Л. Толстой.\nАнне Петровне3 и Гапке4 передайте мой привет.\n",
  "notes" : [ "Впервые два больших отрывка опубликованы в «Книжках Недели» 1897, 8, стр. 185—186; полностью напечатано в ТГ, стр. 141—143. Датируется на основании пометы на подлиннике неизвестной рукой, совпадающей с датой машинописной копии из AЧ.", "Николай Николаевич Ге (1831—1894) — художник. См. т. 63, стр. 160—161.", "Николай Николаевич Ге (1857—1940) — старший сын художника. См. т. 63, стр. 208.", "Ответ на письма: Ге (отца) от 7 июля и Ге (сына), несохранившееся. Художник Ге писал: «Хлопот у меня много, я затеял переделку в студии и устроил верхний свет. Скоро уже кончается работа, и я в тишине начну новую картину. Какую — не знаю. Одну — ту, что вам рассказывал: «Среди вас стоит Некто, которого вы не знаете», а другую — «Ночное заседание синедриона для осуждения Христа». Сию минуту последняя меня очень интересует» (В. В. Стасов, «Николай Николаевич Ге, его жизнь, произведения и переписка», М. 1904, стр. 357—358). Первый из упомянутых здесь замыслов не был осуществлен; по второму была написана картина «Суд».", "1 «Царство божие внутри вас».", "2 Владимир Васильевич Стасов.", "3 Анна Петровна Ге, рожд. Забелло (1832—1891), жена художника Ге.", "4 Агафья Игнатьевна Слюсарева (1856—1903), крестьянка Черниговской губ., гражданская жена Н. Н. Ге (сына)." ],
  "source" : "Письма. 1891 г."
}