{
  "id" : "10",
  "to" : [ {
    "firstName" : "А",
    "lastName" : "Толстой",
    "paternalName" : "Л",
    "originalEntry" : "* 10. А. Л. Толстой."
  } ],
  "date" : -1882724400000,
  "place" : "Кочеты.",
  "content" : "* 10. А. Л. Толстой.\nВсе-таки по привычке пишу, вечером вместе с дневником и тебе, милая Саша. Уверен, что твои письма не дошли, но что они есть. Нынче 5-ое, опять нет. Мне, как я и писал тебе, очень хорошо у милой Тани. Вчера был бодр, а нынче вял, сонлив, ничего не работал. Да и пора кончить. Ну, как ты, моя милая? Надеюсь, что идет к поправлению. Советовать могу только то, чтобы ты, хотя и больная, не забывала бы жить душою. Знаю, что ты и сама это знаешь. Послезавтра приезжает мама. Здесь такое чудное одиночество с ландышами, соловьями... Ну прощай пока. Варе привет.\nЛ. Т.\n",
  "notes" : [ "Печатается по копии из AЧ." ],
  "source" : "Письма 1910 гг."
}