{
  "id" : "10",
  "to" : [ {
    "firstName" : "П",
    "lastName" : "Буланже",
    "paternalName" : "А",
    "originalEntry" : "10. П. А. Буланже."
  } ],
  "date" : -2113326000000,
  "place" : "Я. П.",
  "content" : "10. П. А. Буланже.\nВчера был очень слаб и не успел написать вам, дорогой Павел Александрович. На вопросы, обращенные ко мне об отношении богатства к христианству, имею ответить следующее: не говоря об евангельском учении, богатство просто само по себе, по здравому смыслу, не совместимо с вполне доброю жизнью. Об этом, мне кажется, я довольно обстоятельно высказался в статье «Так что же нам делать?». Деньги, лежащие у меня в кармане, в сундуке, в банке, суть несомненно исполнительные листы на тех, у кого их нет — на бедных, а держать у себя эти исполнительные листы с тем, чтобы при случае воспользоваться ими, или только, сознавая свою власть, угрожать ими, не есть доброе, а злое дело. Так это без отношения к евангелию, по отношению же к евангелию всё учение, весь дух его говорит о том, что человек не должен заботиться о завтрашнем дне, не должен собирать сокровища на земле, не должен поступать как богач, засыпавший полные житницы, должен быть скорее Лазарем, чем богачом притчи, что блаженны нищие, что горе богатым, что нельзя служить богу и мамоне, что просящему дай и не требуй назад, и многое другое. Так это выясняется из общего духа учения, в разговоре же с богатым юношей истина эта выражена так точно и несомненно, что, казалось бы, не может быть перетолкована. Сказано: «если хочешь быть совершен, раздай всё имение и тогда приходи ко мне». Лжетолкователи, как за последнюю свою надежду оправдания богатых, хватаются за выражение: «если хочешь быть совершен», но слова «если хочешь быть совершен», значат: «если хочешь быть моим учеником, так как всё учение в том, чтобы быть совершенным, как отец небесный». Другая же попытка оправдания, основанная на словах «невозможное людям возможно богу», точно так же не основательна, так как слова эти никак не доказывают того, что бог может сделать то, что и богатый человек спасется, но только то, что кажущаяся невозможной отдача человеком своего состояния делается возможной, когда в душе этого человека проснется живущий в нем бог.\nСлова же 21-го стиха о том, что богатому невозможно войти в царство божие, окончательно и бесповоротно объясняют основную мысль всей беседы.\nМне очень совестно писать такие труизмы и доказывать то, что для всякого искренно-религиозного человека, верующего или всё равно не верующего в боговдохновенность евангелия, не подлежит ни малейшему сомнению.\nВот всё, что я имел сказать на обращенный через вас ко мне вопрос.\nЛев Толстой.\n13 января\n1903.\n",
  "notes" : [ "Печатается по копировальной книге № 5, лл. 94—95, подлинник написан и датирован рукой X. Н. Абрикосова, подпись собственноручная. Опубликовано почти полностью, без указания даты, как письмо к Джону Рокфеллеру (якобы в ответ на его обращение), в октябре 1907 г., в нескольких столичных газетах («Речь», «Русское слово» и др.).", "По поводу опубликованного в печати телеграфного ответа Толстого Стеду (см. письмо № 2) Буланже от имени корреспондента газеты «Daily News» в письме от 9 января 1903 г. просил Толстого подробнее развить свою мысль." ],
  "source" : "Письма. 1903 г."
}