{
  "id" : "10",
  "to" : [ {
    "firstName" : "А",
    "lastName" : "Толстой",
    "paternalName" : "А",
    "originalEntry" : "10. А. А. Толстой."
  } ],
  "date" : -2617556400000,
  "place" : "около Москва.",
  "content" : "10. А. А. Толстой.\nМилый, дорогой друг Александра Андревна,\nПолучил ваш привет от М. Я. Пущиной1 и кроме того знал, что вы — несчастная — слушаете мое ужасное сочинение.2 Право, это не слова: я истинно считаю это сочинение вовсе не заслуживающим тех разговоров, к[оторые] о ней идут в вашем обществе. Надеюсь, что она (пьеса) будет полезна для тех, для «большого света»,3 для которо[го] я писал ее, но вам она совсем не нужна. Я рад только был тому, что вы помните меня. — Авось увидимся еще. Ваша крестница очень мила. М[арью] Як[овлевну] я был очень рад видеть. Теперь просьба. У меня сидит А. В. Армфельд,4 которая едет в Петербург хлопотать о дочери.5 Помогите ей, что можете. А меня простите и любите, как и я вас.\nЛев Толстой.\n",
  "notes" : [ "Впервые опубликовано в ПТ, № 155. Датируется на основании ответного письма А. А. Толстой от 26 января 1887 г. (см. ПТ, № 156).", "Александра Андреевна Толстая (1817—1904) — двоюродная тетка Толстого. См. т. 83, стр. 165—166.", "1 Мария Яковлевна Пущина, жена декабриста М. И. Пущина.", "2 «Власть тьмы», которая в то время читалась в «высших» кругах петербургского общества с рукописи А. А. Стаховичем. См. А. А. Стахович, «Клочки воспоминаний («Власть тьмы», драма Л. Н. Толстого)» — ТЕ, 1912, стр. 27—47; прим. к письму № 17, и т. 26, стр. 716.", "3 «Большим светом» Толстой называл трудовой народ.", "4 Анна Васильевна Армфельд (1821—1888). О ней см. в т. 63, стр. 164.", "5 Наталья Александровна Армфельд (1850—1887), арестованная в 1872 г. по процессу Дебагория-Мокриевича и сосланная на Кару. См. т. 63, стр. 164." ],
  "source" : "Письма. 1887 г."
}