{
  "id" : "10",
  "to" : [ {
    "firstName" : null,
    "lastName" : null,
    "paternalName" : null,
    "originalEntry" : "* 10. Харьковскому губернатору."
  } ],
  "date" : -1924455600000,
  "place" : "Льва Николаевича Толстого.",
  "content" : "* 10. Харьковскому губернатору.\nГосподину Харьковскому Губернатору1\nот Льва Николаевича Толстого.\n7 января 1909 г.\nЯсная Поляна.\nМилостивый Государь,\nВ Харьковской губернской тюрьме содержится присужденный к 6 месяцам заключения за распространение моих книг Александр Михайлович Бодянский.2 Тюрьма вследствие тех особенно невыгодных условий, в которых она находится теперь вследствие переполнения, для него, по его преклонному возрасту и недугам, представляет не только ряд тяжелых лишений и страданий, но и угрожает его жизни. И потому, надеюсь, что Вы не посетуете на меня за то, что я обращаю Ваше внимание на положение этого почтенного человека, и прошу Вас, насколько это от Вас зависит, облегчить его заключение.\nС совершенным уважением\n \n",
  "notes" : [ "Печатается по дубликату подлинника.", "1 В 1909 г. губернатором в Харькове был Митрофан Кириллович Катиринич (р. 1860, ум. ?).", "2 См. прим. к письму № 15." ],
  "source" : "Письма 1909 г."
}