{
  "id" : "10",
  "to" : [ {
    "firstName" : null,
    "lastName" : null,
    "paternalName" : null,
    "originalEntry" : "* 10. В."
  } ],
  "date" : -1987354800000,
  "place" : "Я. П.",
  "content" : "* 10. В. и О. Явейн, Г. и Л. Морским.\nВы спрашиваете, верю ли я в существование загробной жизни и в бессмертие души. Оба вопроса так неточно поставлены, что отвечать на них невозможно. Жизнь, как мы понимаем жизнь, есть только здесь и не может быть загробной; душа человеческая точно так же есть только явление здешней жизни и потому не может быть бессмертна. Бессмертно только то духовное начало, которое составляет сущность и основу всего, что есть, и которое мы чувствуем в самих себе. Духовное начало это мы называем богом. Если мы сливаем с ним свое существование, что совершается тем, что мы исполняем требования этого начала (бога), сознаваемого в самих себе, то не может быть и речи об уничтожении того, что соединено с этим началом — едино с ним. Вот мой ответ на ваш вопрос. Более подробное разъяснение вы найдете в брошюрах: «Мысли о боге», «Для чего мы живем?» и в «Круге Чтения».\nЛев Толстой.\n10 янв. 1907.\n",
  "notes" : [ "Печатается по копировальной книге № 7, л. 224. Написано рукой A. Л. Толстой, подпись и дата собственноручные.", "Ответ на письмо четырех корреспондентов из Петербурга: Б. Явейн, О. Явейн, Г. Морского и Л. Морского от 7 января 1907 г." ],
  "source" : "Письма. 1907 г."
}