{
  "id" : "10",
  "to" : [ {
    "firstName" : "В",
    "lastName" : "Ермохину",
    "paternalName" : "И",
    "originalEntry" : "* 10. В. И. Ермохину."
  } ],
  "date" : -2081271600000,
  "place" : "Я. П.",
  "content" : "* 10. В. И. Ермохину.\nВасилий Иванович,\nВ «Вопросах философ[ии]»1 отказались напечатать вашу статью. Я направил ее в другую редакц[ию].2 Когда узнаю ответ, сообщу. О месте тоже просил друзей,3 но тоже не имею ответа. Погодите присылать статью.4 Я очень занят. И надо устроить прежде первую. Посылаю вам книгу о жизни и еще кое-что.5 По миновании надобности книгу «О жизни» возвратите. Желаю вам всего хорошего.\nЛ. Толстой.\n19 янв. 1904.\n",
  "notes" : [ "Печатается по копировальной книге № 6, л. 37.", "Василий Иванович Ермохин — колесник, самоучка-философ, живший в слободе Покровской под Саратовом.", "Ответ на письмо В. И. Ермохина с просьбой помочь опубликовать его статью и подыскать ему работу.", "1 «Вопросы философии и психологии», журнал, издававшийся в 1889—1917 гг. Московским психологическим обществом под редакцией проф. Н. Я. Грота (до 1899 г.) и Л. М. Лопатина.", "2 Редакция журнала «Научное слово». См. прим. 2 к письму № 9.", "3 См. прим. 3 к письму № 9.", "4 30 ноября 1903 г. Ермохин сообщал Толстому: «Я начал чертить книжку на главную мысль Ничше, а именно о попрании нравственности в угоду будущего сверхчеловека». Вероятно, эту статью он и хотел послать Толстому.", "5 Книга «О жизни» написана Толстым в 1886—1887 гг. (см. т. 26).", "Какие книги, кроме «О жизни», посылал Толстой Ермохину, неизвестно." ],
  "source" : "Полное собрание сочинений. Том 75"
}