{
  "id" : "10",
  "to" : [ {
    "firstName" : "В",
    "lastName" : "Гольцеву",
    "paternalName" : "А",
    "originalEntry" : "*10. В. А. Гольцеву."
  } ],
  "date" : -2034702000000,
  "place" : "16, Я. П.",
  "content" : "*10. В. А. Гольцеву.\nВиктор Александрович,\nОтсылаю назад корректуры без изменений.\nВступление я прошу напечатать то, к[отор]ое послано вам от меня, а не то, к[оторое] набрано, то, к[оторое] начинается словами: Россия переживает важное, долженствующее..... и кончающееся словами: ...а истинному благу русского народа. Это же вступление послано мною Чертк[ову] 2-го июля и, вероятно, скоро будет выслано вам в корректурах.1 Дружески жму руку.\nЛев Толстой.\n\nНа обор.\nВ корректурах пропущены два места, кот[орые] желательно восстановить, как это и обозначено на полях коррект[уры].2\nЛев Толстой.\n",
  "notes" : [ "Печатается по копировальной книге № 6, лл. 364—365. Датируется по расположению в копировальной книге и записи в ЯЗ, где под 11 июля 1905 г. отмечено, что Толстой получил из «Русской мысли» корректуры статьи «Великий грех».", "О Викторе Александровиче Гольцеве (1850—1916) см. т. 64, стр. 238.", "1 Вступление к статье «Великий грех». См. письмо № 4.", "2 См. об этом т. 36, стр. 662—663." ],
  "source" : "Письма. 1905 г."
}