{
  "id" : "10",
  "to" : [ {
    "firstName" : null,
    "lastName" : null,
    "paternalName" : null,
    "originalEntry" : "* 10. Неизвестному («Невежде-полуграмотному»)."
  } ],
  "date" : -1908730800000,
  "place" : "Я. П.",
  "content" : "* 10. Неизвестному («Невежде-полуграмотному»).\nЯсная Поляна,\n8 июля 1909.\nВы пишете:\n«Научите меня таким словом познать бога моего, поклоняться ему, пред которым сжалось бы сердце мое и сказал бы в глубине души моей: да, с этими словами я могу смело достигнуть той благодати, которую Христос передал апостолам для проповедования народу закона1 для спасения души и тела».\nЯ не могу учить вас никаким словом. Может это сделать только Христос, и слово это сказано2 им в евангелии. И вы и без моего указания найдете это слово, если будете искать учение Христа, самого Христа, а не рассказы о нем и не толкования его учения апостолами и церковью. От всей души желаю вам этого, и вы найдете ту благодать, которую ищете, хотя она и не согласна с той, какую обещает церковь, если вы точно ищете благодати и истины, а не спокойствия своего, не решаясь обдумать и проверить данным вам от бога разумом то, чему вас учили с детства и во что веруют все окружающие.\n",
  "notes" : [ "Печатается по дубликату подлинника (собственноручные поправки Толстого внесены рукой H. H. Гусева).", "Ответ на письмо неизвестного (подписи нет, адрес: Ростов н/Д, до востребования, Невежде-полуграмотному) от 5 июля 1909 г. (почт. шт.). Корреспондент писал о том, что прочитанное им в произведениях Толстого толкование евангелия глубоко возмутило его.", "1 Исправлено по письму корреспондента. В дубликате: закону", "2 Исправлено по черновику. В дубликате: указано" ],
  "source" : "Письма 1909 г."
}