{
  "id" : "10",
  "to" : [ {
    "firstName" : null,
    "lastName" : null,
    "paternalName" : null,
    "originalEntry" : "* 10. И. Молодцову."
  } ],
  "date" : -1893092400000,
  "place" : "Я. П",
  "content" : "* 10. И. Молодцову.\nИзложение вашего понимания смысла жизни нахожу согласным с моим. Только последнее ваше предположение о смерти человечества не скажу, что неверно, но произвольно, гадательно.\n5 января 1910 года.\nЯсная Поляна.\n",
  "notes" : [ "Печатается по копии, сверенной с черновиком-автографом на конверте письма Молодцова.", "Иван Молодцов — телеграфист из Кубанской области.", "Ответ на письмо Молодцова от 31 декабря 1909 г. с изложением своего понимания смысла жизни и утверждением, что отказ от половой жизни приведет к смерти человечества." ],
  "source" : "Письма 1910 гг."
}