{
  "id" : "100",
  "to" : [ {
    "firstName" : "В",
    "lastName" : "Арсеньевой",
    "paternalName" : "В",
    "originalEntry" : "100. В. В. Арсеньевой."
  } ],
  "date" : -3536593200000,
  "place" : "Москва.",
  "content" : "100. В. В. Арсеньевой.\nОчень благодарен вам, любезная Валерия Владимировна, за вашу добрую память. Хотя я вовсе не ожидал его, письмо ваше доставило мне большое удовольствие.1 — Нехорошо, что вы невеселы и не радуетесь жизнью так, как бы вам следовало. Чего вам еще? вы мечтали о независимости жизни в Петербурге, и у вас теперь всё есть, что имеет право желать человек: молодость, красота, независимое состояние, друг Верганичка2 и даже роскошь имеете — Т[алызина],3 который страстно влюблен в вас и только об том просит, чтобы ему позволено было сделаться вашим рабом. Во всяком случае нужна решительность. Ежели, несмотря на все эти выгодные условия, вам нехорошо там, где вы живете, постарайтесь устроить лучше. Поезжайте за границу, выдьте замуж, подите в монастырь, заройтесь в деревню, но не будьте ни секунды в нерешительности. Это самое тяжелое и даже вредное состояние. — Извините, что по старой привычке я увлекся подаванием советов.\nРадуюсь, что вы много занимаетесь музыкой. Искусство всегда и везде большое и чистое наслаждение. А музыка — ваше искусство, вы должны успевать в нем. Я живу всё это время в Москве, немного занимаюсь своим писаньем, немного вожусь с умными, и выходит жизнь так себе: ни очень хорошо, ни худо. Впрочем, скорей хорошо. Сердце мое не могу сказать, чтобы было пусто, напротив, слава Богу, оно беспрестанно наполняется то тем, то другим разным вздором, но, в том смысле, в котором вы разумеете, «в coeur libre»4 — совершенно libre.\nБратья 3-го дня приехали сюда, и мы живем все вместе, Машенька хворает зубами последнее время. В Петербург я вовсе не собираюсь, но, должно быть, придется быть к новому году.\nТогда мы еще подробно переговорим о всем, что теперь желал бы написать; итак, до свиданья, от души жму вашу руку и Верганичкину.\nВаш Гр. Л. Толстой.\n6 Декабря.\nНиколиньку поздравляю.5 И вас также.\n",
  "notes" : [ "Впервые опубликовано в Б. I, 3, стр. 352—353, но ошибочно отнесено к 1856 г. Год определяется содержанием: «Братья 3-го дня приехали сюда». Братья H. Н. и С. Н. Толстые приехали 4 декабря 1857 г. (см. т. 47, стр. 165).", "1 Письмо В. В. Арсеньевой неизвестно.", "2 Вергани.", "3 За Анатолия Александровича Талызина В. В. Арсеньева вышла замуж в 1858 г.", "4 [«сердце свободно»]", "5 Брат В. В. Арсеньевой." ],
  "source" : "Письма. 1857 г."
}