{
  "id" : "100",
  "to" : [ {
    "firstName" : "К",
    "lastName" : "Сухореброву",
    "paternalName" : "И",
    "originalEntry" : "* 100. К. И. Сухореброву."
  } ],
  "date" : -1904497200000,
  "place" : "Я. П.",
  "content" : "* 100. К. И. Сухореброву.\n26 августа 1909 г. Ясная Поляна.\nНе советую заниматься стихотворством. Это самое пустое занятие. Стихи хуже чем плохи.\n",
  "notes" : [ "Печатается по машинописной копии. Сверено с черновиком-автографом, написанным на конверте письма адресата.", "Ответ на письмо тринадцатилетнего мальчика Кузьмы Ивановича Сухореброва, сына крестьянина Полтавской губернии, от 24 августа 1909 г. Посылая на отзыв свои стихи, Сухоребров сообщил: «...в течение шести месяцев я написал семьдесят два стихотворения, которые я хочу прислать Вам прочесть их и сказать мне что-нибудь насчет их».", "В ответном письме от 30 августа (почт. шт.) Сухоребров прислал еще одно стихотворение. На конверте пометка Толстого: Не надо писать. Письмо осталось без ответа." ],
  "source" : "Письма 1909 г."
}