{
  "id" : "100",
  "to" : [ {
    "firstName" : "Е",
    "lastName" : "Попову",
    "paternalName" : "И",
    "originalEntry" : "* 100. Е. И. Попову."
  } ],
  "date" : -2390238000000,
  "place" : "На отдельном листке блокнота:",
  "content" : "* 100. Е. И. Попову.\nВаше предположение, дорогой Евгений Иванович, о том, что, прочтя ваши дневники, я совсем возненавижу вас, не осуществилось. Напротив, прочтя их, я больше понял вас, а поняв, вернее судил о вас и не отдалился, а скорее сблизился. Мнение мое остается то же: тo, что вы обманывали себя, считая для себя неважным то, что было для вас важнее всего; но я яснее вижу, каким образом вы попали в этот обман. Подтвердилось мое мнение и о том, что волнения, тревоги, слезы, которые были, имели своей причиной не то, что считалось их причиной, а сознание ошибки, греха, который всё больше и больше овладевал. Доказательством этому служит для меня то, что освобождение от ошибки и поступков, хотя бы самых невинных, связанных с нею, сразу освободили и от страданий, и явилось совершенное спокойствие. И именно спокойствие, не какая-либо реакция, а просто спокойствие, которое радостно и которым нельзя не дорожить. Хотя она могла бы придти раньше, я все-таки очень благодарен за откровенность. Мне эта откровенность и уверенность в том, что она всегда будет, много дала хорошего и очень меня успокоила. Желал бы я отплатить за нее добром. Скоро ли вы едете?1 Как вам живется? Не поддавайтесь первым настроениям, а помните, что борьба с собой есть не случайность, а наше нормальное положение. Ну, пока прощайте, целую вас.\nУ нас всё то же. Леве немного получше. Вчера встретил на улице Хохлова оборванного, обовшивевшего и измученного. Я много говорил с ним — и боюсь сказать, чтобы не ошибиться — но мне кажется, что он выйдет на путь. Надо бы ему выдти, потому что всё, что он делает, он делает только во имя самого хорошего. И мы не судья. Он знает, чтó ему хорошо. Прощайте.\nЛюбящий вас Л. Толстой.\n\nНа отдельном листке от блокнота:\n1. Недостает правды. Надо назвать по имени, что значит эта исключительная привязанность. — Дружба? Отчего ее нет с другими.\n2. А если это простое влюбление, то надо знать это. —\n3. А если знать, то нельзя не видеть, что это очень дурно, потому что заставляет страдать и мать, и ее, и Сережу, и Леву, и меня, и заставляет скрывать.\n4. Она чувствовала верно, и вы невольно, я думаю, хитрили, стараясь удержать эти неестественные отношения.\n4. Показыванье дневников есть нечто в роде умышленного духовного декольте друг для друга — средство привлечения друг друга, совсем дурное и лживое.\n5. Лечение — сознание2 правды. Лекарство — противоположное причине. Причина было неестественное продолжительное сближение и гипнотизация. Лечение — отдаление. —\n6. Ничего не было и нет. Нет никакого «это». Все прежние отношения должны быть кончены.\n\nНа конверте: Е. И. Попову.\n",
  "notes" : [ "Датируется предположительно на основании содержания и ответного письма адресата от 8 апреля 1894 г.", "1 В связи с биографией Дрожжина, которую взялся писать Е. И. Попов, Толстой советовал ему побывать у родных Дрожжина в Харьковской губ. для получения от них более полного материала. См. письмо № 34.", "2 Зачеркнуто: истины." ],
  "source" : "Письма. 1894 г."
}