{
  "id" : "100",
  "to" : [ {
    "firstName" : "Н",
    "lastName" : "Ге",
    "paternalName" : "Н",
    "originalEntry" : "* 100. H. Н. Ге (сыну)."
  } ],
  "date" : -2353086000000,
  "place" : "Я. П.",
  "content" : "* 100. H. Н. Ге (сыну).\nПолучил ваше письмо, дорогой Николай Николаевич, и, несмотря на то, что не согласен с его содержанием, очень был рад ему. Почему вы говорите, что наши хорошие, добрые отношения уничтожились? Я не признаю этого. И как сам ни на йоту не изменился к вам, так и не допускаю того, чтобы вы изменились ко мне. И то, что вы считаете причиной этого мнимого изменения отношений, тоже не признаю. Никогда не судил, т. е. не осуждал, не обвинял вас. Знал, что вы стали в очень тяжелое положение относительно своих семейных, и только] жалел вас и не помышлял осуждать. Если же вы усматриваете осуждение в моем высказанном мнении о ваших отношениях к брату,1 то я только сказал, что письмо ваше к нему было недоброе. Да что за осуждения и осуждения за осуждения? К чему это? Пи вам, ни мне, пи, главное, тому строю мыслей и чувств, которыми мы жили и не можем перестать жить с вами, это не пристало. У меня со времени смерти моего дорогого друга, вашего отца, не переставая кругом меня умирают; и так ясно, что близок и мой черед, что ни о чем, кроме как о том, о чем можно думать умирая, именно любви к людям и людей к себе, не могу думать. А из всех любимых мною людей вы один из самых близких, как вы ни старались удалиться.\nПисьмо ваше было мне очень радостно, п[отому] ч[то] оно показало, что вы скорее хотите сблизиться, чем удалиться.\nМы третьего дня только вернулись в Ясн[ую] Поляну, а то всё были в Москве, где я был болен. Теперь я выздоровел. С[офья] А[ндреевна] очень горюет о смерти Ван[ечки].2 Я рад все-таки, что она решилась никуда не ехать, а вернулась в Ясную.\nСережа женится на Рачинской.3 Девочки с нами попрежнему. И попрежнему мы дружны. Лева в Финляндии лечится. Пишите про себя. Что вы делаете и намереваетесь делать. Передайте мой привет Зое Григ[орьевне]. Целую вас.\nЛ. Толстой.\n8 июня 1895.\n\nУ Булыгина еще не был, но кажется, что у него всё по-старому и хорошо.\n\nНа конверте: Николаев.4 Николаю Николаевичу Ге.\n",
  "notes" : [ "1 В письмах за первую половину 1895 г. Н. Н. Ге неоднократно писал Толстому о своих столкновениях с братом, Петром Николаевичем Ге (1859—1922), в связи с вступлением в права наследства после смерти отца. Письмо Н. Н. Ге к П. Н. Ге, упоминаемое Толстым, неизвестно.", "2 23 февраля умер младший сын Толстого Ванечка (р. 1888).", "3 C. Л. Толстой 10 июля 1895 г. обвенчался с Марией Константиновной Рачинской (ум. 1900).", "4 Далее вписано неизвестной рукой: Херсонской губ." ],
  "source" : "Письма 1840—1910 гг."
}