{
  "id" : "100",
  "to" : [ {
    "firstName" : "Н",
    "lastName" : "Давыдову",
    "paternalName" : "В",
    "originalEntry" : "100. Н. В. Давыдову."
  } ],
  "date" : -2107105200000,
  "place" : "Я. П.",
  "content" : "100. Н. В. Давыдову.\nДорогой Николай Васильевич,\nВы, верно, знаете про дело Агеева, приговоренного к ссылке за богохульство. Надо подать прошение царю; помогите написать таковое. Он и его семья очень жалки, и я боюсь, что его ушлют прежде, чем он успеет подписать прошение. Подробности об его деле вам даст Муравьев или Тесленко.1 Простите, что утруждаю.\nДружески жму руку.\nЛев Толстой.\n26 марта 1903.\n\nПисьмо это передаст вам А. С. Бутурлин2 и сообщит подробности.\n",
  "notes" : [ "Впервые опубликовано в ТП, 2, стр. 51.", "1 Николай Васильевич Тесленко, московский присяжный поверенный.", "2 Александр Сергеевич Бутурлин (1845—1916). См. т. 63, стр. 156. 24—27 марта 1903 г. Бутурлин был в Ясной Поляне.", "Прошение о помиловании было составлено от имени Агеева Н. В. Давыдовым. См. ТП, 2, стр. 52—54." ],
  "source" : "Письма. 1903 г."
}