{
  "id" : "100",
  "to" : [ {
    "firstName" : "Адину",
    "lastName" : "Баллу",
    "paternalName" : null,
    "originalEntry" : "100. Адину Баллу (Adin Ballou)."
  } ],
  "date" : -2508951600000,
  "place" : "Я. П.",
  "content" : "100. Адину Баллу (Adin Ballou).\nDear friend and brother, I seldom experienced such true and great pleasure as I experienced at the reading of your truly brotherly and Christian letter. I thank you very much for the books and tracts that you sent me.1 I received them safely and have read with great pleasure and profit some of them. The non-resistant catechism I have translated and will circulate it among our friends. It is remarkably well put in such a compacte, form the chief truths of our faith. What are your relations to the declaration of sentiments of the non-resistance society started by Garrison?2 Were you a member of it at the time? I quite agree with you that Christianity will never enter its promised land till the divine truth of the non-resistance principle shall be recognized, but not the nominal church will recognize it. I am fully convinced that the churches are and have always been the worst enemies of Christ’s work. They have always led humanity not in the way of Christ, but out of it. I think that all we can say and wish about church is to try to be a member of Christ’s church, but we never can define the church itself, its limits, and affirm, that we are members of the sole, true church.\nWith true brotherly love and highest respect, I remain your friend and brother\nLeo Tolstoy.\nЛев Толстой.\n",
  "notes" : [ "Дорогой друг и брат, я редко испытывал такое истинное и большое удовольствие, как при чтении вашего истинно братского и христианского письма. Очень благодарю вас за книги и брошюры, которые вы мне прислали.1 Я получил их благополучно и некоторые из них прочел с большим удовольствием и пользой. Катехизис непротивляющихся я перевел и буду распространять его среди наших друзей. В нем замечательно хорошо изложены в такой сжатой форме главные истины нашей веры. Каково ваше отношение к декларации взглядов общества непротивления, основанного Гаррисоном?2 Состояли вы его членом в то время? Я совершенно согласен с вами, что христианство никогда не войдет в свою обетованную землю, пока божественная истина принципа непротивления не получит признания. Но признана она будет не так называемой церковью. Я совершенно убежден, что церкви всегда были и остались злейшими врагами дела Христа. Они всегда вели человечество не по пути Христа, а в сторону от него. Я думаю, что всё, что мы можем сказать и желать относительно церкви, это пытаться быть членом Христовой церкви; но мы никогда не можем определить самую церковь, ее границы и утверждать, что мы члены единой, истинной церкви.", "С истинно братской любовью и полным уважением остаюсь вашим другом и братом.", "Печатается по копии рукой В. Г. Черткова. Ввиду того, что об этом письме нет упоминания в «Автобиографии Адина Баллу» и что оно не вошло ни в рукописную тетрадь Льюиса Вильсона, ни в опубликованную им в журнале «The Arena» переписку Толстого с Баллу, приходится вывести заключение, что подлинник не дошел до Баллу. Дата копии подтверждается записью в Дневнике Толстого 1 июля (т. 51, стр. 56) и упоминанием этого письма под датой «30 июня» в Списке В. Г. Черткова.", "Ответ на письмо Баллу от 30 мая нов. ст. 1890 г., написанное в ответ на письмо Толстого от 21—24 февраля 1890 г. (см. № 26). Баллу благодарил Толстого за «разъяснение мысли относительно допущения компромисса на практике» и писал о своем нежелании «пререкаться относительно словесных разногласий».", "1 Баллу прислал Толстому брошюру «Non-resistance catechism» («Катехизис непротивления»), Hopedale, Milford, и несколько других книг по вопросам религии. Катехизис был переведен гостившим у Толстого H. Н. Страховым. Толстой, исправляя этот перевод, задумал написать к нему предисловие (одновременно и к «Декларации Гаррисона»), положившее начало большому трактату «Царство божие внутри вас». См. т. 28.", "2 Вильям-Ллойд Гаррисон (William Lloyd Garrison, 1805—1879), американский общественный деятель, выступавший за освобождение негров; сторонник учения о непротивлении злу насилием, основатель обществ и журнала «Non-resistant» («Непротивляющийся») в Бостоне." ],
  "source" : "Письма. 1890 г."
}