{
  "id" : "100",
  "to" : [ {
    "firstName" : "Н",
    "lastName" : "Сопоцько",
    "paternalName" : "А",
    "originalEntry" : "100. Н. А. Сопоцько."
  } ],
  "date" : -2353086000000,
  "place" : "Я. П.",
  "content" : "100. Н. А. Сопоцько.\nУважаемая Надежда Александровна.\nНынче 8 числа получил это письмо от вашего сына.1 Ничего не знаю, кроме того, что написано в письме. Конечно, исполню все те желания, кот[орые] он выражает,2 и на днях поеду в Тулу и постараюсь повидаться с ним и узнать, в чем он обвиняется. Не еду завтра, п[отому] ч[то] был болен и не совсем еще поправился. Очень сожалею, что должен быть таким неприятным вестником, надеюсь и даже почти уверен, что дело неважное и кончится ничем.3\nУважающий вас Лев Толстой.\n",
  "notes" : [ "Впервые опубликовано в «Летописях», 2, стр. 138. Дата определяется письмом М. А. Сопоцько от 5 июня 1895 г., которым вызвано печатаемое письмо.", "Надежда Александровна Сопоцько (рожд. Фидлер, 1849—1921), — фельдшерица, позднее учительница.", "1 Михаил Аркадьевич Сопоцько (р. 1869), в то время последователь Толстого, позднее его фанатический противник и изувер-черносотенник. См. т. 52, стр. 344. В письме от 5 июня 1895 г. Сопоцько писал Толстому, что 2 июня он был арестован и находится в тульской тюрьме, о чем просит сообщить его матери.", "2 Сопоцько просил прислать ему «немного денег, чаю и сахару», а также книг.", "3 В конце июля Сопоцько был отправлен в административную ссылку на три года в г. Пудож Олонецкой губ." ],
  "source" : "Письма. 1895 г."
}