{
  "id" : "100",
  "to" : [ {
    "firstName" : "Н",
    "lastName" : "Страхову",
    "paternalName" : "Н",
    "originalEntry" : "100. Н. Н. Страхову."
  } ],
  "date" : -2769188400000,
  "place" : "Я. П.",
  "content" : "100. Н. Н. Страхову.\nЯ говорю, что отрицать то, что делает жизнь, значит не понимать ее. Вы повторяете, что отрицаете отрицание. Я повторяю, что отрицать отрицание значит не понимать того, во имя чего происходить отрицание. Каким образом я оказался с вами вместе, не могу понять.\nВы находите безобразие и я нахожу. Но вы находите его в том, что люди отрицают безобразие, а я в том, чтò есть безобразие.\nИ почему мое отрицаемое труднее для объяснения, чем ваше — тоже не знаю. Вы отрицаете то, чтò живет, а я отрицаю то, чтò мешает жить. Трудности же для объяснения того, чтò я отрицаю нет никакой. Я отрицаю то, чтò противно смыслу жизни открытому нам Христом, и этим занимается все человечество. До сих пор уяснилось безобразие рабства, неравенства людей и человечество освободилось от него и теперь уясняется безобразие государственности, войн, судов, собственности и человечество все работает чтобы сознать и освободиться от этих обманов. Все это очень просто и ясно для того, кто усвоил себе истины учения Христа; но очень неясно для того, для кого международное, государственное и гражданское право суть святыя истины, a учение Христа хорошия слова.\n",
  "notes" : [ "Печатается по автографу, хранящемуся в ИЛ. Впервые опубликовано Б. Л. Модзалевским в СМ 1913, 10, стр. 294. Датируется на основании пометки Н. Н. Страхова: «3 апр. 1882 Ясн.» (дата получения письма).", "Толстой отвечает на письмо Н.Н. Страхова от 31 марта 1882 г., где последний писал: «Все это движение, которое наполняет собою последний период истории, либеральное, революционное, социалистическое, нигилистическое, — всегда имело в моих глазах только отрицательный характер: отрицая его, я отрицал отрицание» (см. ПС, № 171)." ],
  "source" : "Письма. 1882 г."
}