{
  "id" : "100",
  "to" : [ {
    "firstName" : "Софье",
    "lastName" : "Толстой",
    "paternalName" : "Андреевне",
    "originalEntry" : null
  } ],
  "date" : -3076167600000,
  "place" : "Пароход на Волге.",
  "content" : "100.\nПродолжаю тебе свой дневник. Спал нехорошо. Все спина болит. Утром встал и, старательно избегая знакомых, поехал по делам: в банк, опять к Рису1 и по англичанкам.2 Все устроилось прекрасно, благодаря Степе.3 Когда нужна степенность, я прихожу в акуратность; когда нужна решительность, я делаю:\nТане я писал о няньке. Она мне очень понравилась. Простая и работящая должна быть. — Одно нехорошо, что часто переменяла места. —\nБумагу я так рад, что выручил,4 что велел послать в Петербург. — Соловьева5 обругал и учел; но денег с него больше не следует. Купил, что нужно, и книг. И вернулся домой в 4. Нашел Тимофея,6 чему был очень рад, и поехал с Леонидомъ7 обедать на выставку.8 Обежал выставку и немного опоздал. Я подъезжал к дебаркадеру, был 2-й звонок, и билетов не выдают. —\nПервое лицо я встречаю растрепаннаго барина с барынею, которые мне кричат: «Хотите взять билет, я взял, но вещи мои не приехали, и билет пропадает». Я говорю: Мне до Нижняго. Он говорит: и я до Нижняго. Я говорю: Мне нельзя один билет, — мне два. Он говорит: у меня два. Я заплатил барину 18 рублей, вскочил в вагон, 3 звонок, и поехали. К чему это? не знаю, — но необыкновенно.\n\nНа дороге перешел в 1-й класс, но почти всю ночь не спал.\nС машины прямо на пароход «Кавказ и Меркурий»,9 и теперь пишу с парохода. Просторно, всего два мущины — помещик и Самарский прокурор,10 и семейство с детьми Датчане, кажется. Удобно, красиво, и погода прелестная. От чего мы не все едем вместе?\nТак легко и просто, и покойно, а какое бы веселье! А уж Петя11 где бы устал, я не знаю. Ну, да только дай Бог ему в Ясной поправиться.\nКогда ты делала планы поездки в Ходынино,12 без меня, я очень легко смотрел на это; а теперь боюсь. Но это не значит, что не езди. Поезжай, я знаю, что тебе приятно будет, но я боюсь. — Не скучай моим отъездом. Я теперь чувствую, что я прокладываю дорогу для наших будущих поездок,13 которыя будут наслажденье. И так все время буду смотреть и прилаживать на Тананыке.14 Прощай, милая душенька, пиши как можно чаще, все мелочи, все мне дорого знать. —\nКак всегда, кто похвалит кого из моих детей, на того я больше обращаю внимания. Урусовъ15 похвалил Илюшу,16 и я все его вспоминаю. — Спроси их,17 что они велят себе привезти. —\nДо Самары плыть не трое суток, как я думал, а двое. —\n\nНа конверте: Ея Сиятельству Графине Софье Андревне Толстой. В Тулу.\n",
  "notes" : [ "Печатается по автографу, хранящемуся в АТБ. Впервые отрывок письма опубликован в Б, И, 1908, стр. 171—172; полностью письмо напечатано по копии, сделанной С. А. Толстой, в ПЖ, стр. 77—78. Год дополняется на основании содержания письма: 1) слова о вырученной бумаге у Риса и посылке ее в Петербург указывают на перенесение печатания «Азбуки» от Риса в Петербургскую типографию, что произошло в 1872 г., 2) указание на посещение выставки относится к открывшейся 30 мая 1872 г. Политехнической выставке в Москве; 3) упоминание Тимофея соответствует фразе о нем в письме с хутора от 13 июля 1872 г.; 4) дата («9 июля», можно прочесть «июня»), проставленная рукой Толстого, позволяет приурочить к этому письму сохранившийся отдельно конверт с почтовыми штемпелями: «Нижний Новгород. 10 июля 1872 г.; Москва. 11 июля, 1872; Тула. 12 июля 1872». В Б, II и ПЖ письмо отнесено к 1871 г. Предшествующее письмо утрачено.", "1 Рис с декабря 1871 г. стал печатать Толстому «Азбуку»; будучи недоволен типографией Риса, Толстой летом 1872 г. перевел печатание «Азбуки» в Петербург.", "2 Осенью 1872 г. англичанка Ханна Тарсей вследствие слабого здоровья покидала Толстых, чтобы уехать в Кутаис с Кузминскими.", "3 Степан Андреевич Берс.", "4 Толстой писал тогда же H. Н. Страхову (ему Толстой поручил наблюдение за изданием в Петербурге «Азбуки»): «Бумага моя 150 стоп оказалась цела у Риса..... Рис мне клялся и божился, что вышлет бумагу, и я сам видел ее».", "5 Книгопродавец, на складе которого находились издания Толстого.", "6 Тимофей Михайлович Фоканов (1822—1891), яснополянский крестьянин, староста, был взят Толстым в Самарское имение в качестве приказчика.", "7 Леонид Дмитриевич Оболенский.", "8 Политехническая выставка, организованная Обществом любителей естествознания, была устроена в память двухсотлетия со дня рождения Петра I; помещалась в Александровском саду.", "9 Самое большое пароходство на Волге.", "10 Валериан Николаевич Бестужев-Рюмин, прокурор окружного Самарского суда.", "11 Петр Андреевич Берс. «Мой брат, болевший и изнуренный тифом» (п. С. А.).", "12 Имение Рязанской губернии, в котором жила сестра С. А. Толстой Е. А. Павленкова, на р. Воже, в 15 верстах от Рязани.", "13 Во вновь купленное имение Бузулукского уезда, Самарской губернии, приобретенное в сентябре 1871 г. у Н. П. Тучкова (2500 десятин).", "14 «Речка-ручей в степях, где жили башкирцы и куда ехал Л. Н.» (н. п. С. А.). Тананык — пересыхавший приток Бобровки, впадающей в реку Бузулук.", "15 Кн. Сергей Семенович Урусов.", "16 Илья Львович Толстой был крестным сыном кн. С. С. Урусова.", "17 Детей." ],
  "source" : "Письма к С. А. Толстой 1862-1910 гг."
}