{
  "id" : "100",
  "to" : [ {
    "firstName" : "С",
    "lastName" : "Маньковскому",
    "paternalName" : "Ф",
    "originalEntry" : "* 100. С. Ф. Маньковскому."
  } ],
  "date" : -2264612400000,
  "place" : "до Москва.",
  "content" : "* 100. С. Ф. Маньковскому.\nСтепан Филимонович,\nЯ получил вашу посылку и прочел ваши рукописи. Они очень интересны, в особенности: вопросы штунд[иста] и описание бедствий оклеветанного священника, но, к сожалению, хотя я еще не окончательно решил этот вопрос, я не могу никак поместить их. Для России нельзя по некоторым соображениям, для заграничной же печати, той, с которой я имею сношения, они недостаточно радикальны. Это о Вопр[осах] Штунд[иста]. История же священника слишком растянута, но по форме разговоры на железной дороге неестественны. Впрочем, я еще подумаю и посоветуюсь. Во всяком случае напишите, куда возвратить рукописи. Книги свои пришлю вам.\nС совершенным уважением остаюсь готовый к услугам\nЛев Толстой.\n",
  "notes" : [ "Печатается по листу копировальной книги. Датируется на основании письма Маньковского, на которое отвечает Толстой и ответного письма Маньковского от 29 марта.", "Семен Филимонович Маньковский (р. 1840) — бывший священник, отбывавший наказание в суздальском Спасо-Ефимовском монастыре Владимирской губ. и потом сложивший с себя священство. В июле 1898 г. посетил Толстого в Ясной Поляне.", "Судя по сохранившимся письмам Маньковского, Толстой написал ему еще три письма, но они неизвестны.", "Ответ на письмо Маньковского от 24 февраля, в котором он сообщал о посылке Толстому рукописей своих статей: «Грешник (автобиография)», «Вопросы штундиста» и «Дурак» и просил прислать сочинения Толстого." ],
  "source" : "Письма. 1898 г."
}