{
  "id" : "100",
  "to" : [ {
    "firstName" : "П",
    "lastName" : "Солдатенкову",
    "paternalName" : "И",
    "originalEntry" : "* 100. П. И. Солдатенкову."
  } ],
  "date" : -1890846000000,
  "place" : "Я. П.",
  "content" : "* 100. П. И. Солдатенкову.\n31 января 10 года. Ясная Поляна.\nОбъяснять чудеса нет никакой надобности, так как чудеса, приписываемые учителям веры — Кришне, Будде, Христу, Магомету и многим другим, суть общие всем религиям выдумки и заблуждения людей, плохо понимающих учение и желающих такими выдумками подтвердить его истину. А между тем ничто так не ослабляет сущности учения, как именно такие выдумки И потому для того, чтобы понять ясно какое-либо нравственное, религиозное учение, надо прежде всего откинуть из него все рассказы о чудесах его основателей, как человеческие, ненужные и вредные выдумки. И это особенно нужно по отношению глубокого, ясного и великого христианского учения, не нуждающегося ни в каком подкреплении себя и так жестоко извращаемого ненужными и прямо глупыми рассказами о чудесах Христа и его последователей.\n",
  "notes" : [ "Печатается по копии, сверенной с черновиком-автографом, написанным на конверте письма Солдатенкова за исключением последней фразы, которая записана на клочке бумаги.", "П. И. Солдатенков (р. 1889) — в то время железнодорожный служащий на ст. Мысовой Забайкальской ж. д., в своем письме от 21 января 1910 г. писал о том влиянии, которое на него произвели книги Толстого «В чем моя вера?», «Царство божие внутри вас» и некоторые другие. Он просил также Толстого высказать свой взгляд на чудеса, описываемые в евангелии." ],
  "source" : "Письма 1910 гг."
}