{
  "id" : "100",
  "to" : [ {
    "firstName" : "Президенту",
    "lastName" : "Общества",
    "paternalName" : null,
    "originalEntry" : "100. Президенту Общества итальянских артистов (Al Presidente del Associazione degli Artisti Italiani)."
  } ],
  "date" : -1920049200000,
  "place" : "Я. П.",
  "content" : "100. Президенту Общества итальянских артистов (Al Presidente del Associazione degli Artisti Italiani).\nCher Monsieur,\nJ’envoie pour votre numéro Unico un article que je viens d’écrire.1 Je désire fort qu’il vous convienne et reçoive votre approbation. Je me sens obligé cependant de vous signaler une certaine condition qui se rapporte à tout ce que j’ai écrit et publié depuis 1881.\nEn 1891 j’ai renoncé à mes droits de propriété à tout ce que j’ai écrit et écrirai depuis 1881 de sorte que chacun à présent a le droit de republier tous mes écrits postérieurs à 1881 ce qui se rapporte naturellement aussi à l’écrit que je vous envoie.\nRecevez, je vous prie, cher Monsieur, l’assurance de ma parfaite considération.\nLéon Tolstoy.\n1909, 12 Mars.\n\nМилостивый государь,\nЛев Толстой.\n",
  "notes" : [ "Посылаю для вашего сборника Unico только что написанную статью.1 Очень желал бы, чтобы она пригодилась вам и получила ваше одобрение. Вместе с тем считаю своим долгом отметить одно условие, которое относится ко всему, что я написал и издал после 1881 г.", "В 1891 г. я отказался от своих прав собственности в отношении всего, что написал и напишу с 1881 г. Так что в настоящее время каждый имеет право переиздавать мои сочинения, вышедшие после 1881 г., что, само собой разумеется, относится и к тому, что я, вам посылаю.", "Примите, милостивый государь, уверение в совершенном уважении.", "1909, 12 марта.", "Печатается по коппи рукой H. H. Гусева, вклеенной в копировальную книгу № 8, л. 520.", "См. письмо № 33", "1 «Разговор отца с сыном». См. т. 37.", "На письмо Толстого президент общества Д. Гаутман отвечал письмом от 23 марта нов. ст.: «От лица «Associazione degli Artisti Italiani» приношу вам глубокую благодарность за присылку рассказа в пользу пострадавших от землетрясения»." ],
  "source" : "Письма 1909 г."
}