{
  "id" : "100",
  "to" : [ {
    "firstName" : null,
    "lastName" : null,
    "paternalName" : null,
    "originalEntry" : "* 100. C. H. Толстому."
  } ],
  "date" : -2073409200000,
  "place" : "Я. П.",
  "content" : "* 100. C. H. Толстому.\nЯ тоже огорчался, что давно нет от тебя прямых известий, а сам не догадался написать. Спасибо, что ты это вздумал. Про смерть Ал[ександры] Андр[еевны]1 ничего не знаю подробностей, знаю только, что ей б[ыло] 87 лет, чего я никак не думал. Она была слаба, но до самой смерти духовно свежа. Только жалко всё меня обращала в Мар[ии] Михаил[овны]2 веру. Вера хорошая, как бывает и полушубок хороший, да в него никак не влезешь. Народ всё мрет. Умер наш сосед Адлерберг.3 Андрюша,4 живя по кабакам, встретился там с Скрыдловым,5 к[оторый] в пьяном виде хотел мне посылать телеграмму: пьем за в[аше] здоровье и т. д. Но Андрюша отговорил его, так что Андр[юша] оказал[ся] благоразумнее начальника нашего флота.\nЕсли успею, пошлю тебе книжки: одну с записками Лорера декабриста,6 другую Ахшарумов[а] петрашевца.7\nПогода прекрасная и, разумеется, мечтаю приехать к вам. Боюсь Машу8 взволновать и не еду теперь и даже не писал ей.\nОчень бы советовал тебе побольше быть на воздухе, на солнце. Как ни упорна твоя болезнь, это — воздух, солнце больше всего подкрепляет, освежает нас, стариков. Пока прощай. Целую Вероч[ку]9 и Мар[ию] Мих[айловну].\nЛ. Т.\n\nСаша всё к вам собирается. Мих[аил] Серг[еевич]10 уехал, а Таня11 еще у нас. Едва ли она, бедная, доносит. Жаль ее. Миша12 с женою13 приезжают жить. Книжку подраж[ание] Хр[исту]14 досыла[ю] Мар[ии] Мих[айловие]. Журналы оба возвратите.\n",
  "notes" : [ "Датируется на основании пометы на конверте письма C. Н. Толстого неизвестной рукою: «Отв. 19 апр.».", "Ответ на письмо С. Н. Толстого от 19 апреля 1904 г.", "1 Александра Андреевна Толстая (1817—1904), двоюродная тетка Толстого (см. т. 60), умерла 21 марта 1904 г.", "2 Марья Михайловна Толстая, жена С. Н. Толстого. Она была очень религиозна в церковном духе.", "3 Николай Александрович Адлерберг. См. прим. 3 к письму № 44. Толстой называет его «соседом», потому что последние годы своей жизни Адлерберг подолгу жил в имении А. Е. Звегинцсвой, в трех верстах от Ясной Поляны.", "4 А. Л. Толстой.", "5 Николай Илларионович Скрыдлов (р. 1844). После гибели адмирала Макарова 1 апреля 1904 г. был назначен командующим русским флотом в Тихом океане.", "6 Толстой мог послать С. Н. Толстому «Русский архив» за февраль 1874 г., где была напечатана статья: «Из записок Н. И. Лорера», или за сентябрь того же года с «Прибавлением к моим запискам» Н. И. Лорера.", "7 Толстой послал С. Н. Толстому журнал «Мир божий» за январь — март 1904 г., где напечатаны воспоминания Д. Д. Ахшарумова «В арестантских ротах». Первый и третий номера этого журнала за 1904 г. имеются в яснополянской библиотеке.", "8 М. Л. Оболенская.", "9 В. С. Толстая.", "10 М. С. Сухотин.", "11 Т. Л. Сухотина.", "12 М. Л. Толстой (1879—1944), шестой сын Толстых.", "13 Александра Владимировна Толстая, рожд. Глебова (р. 1880), с 31 января 1901 г. жена Михаила Львовича Толстого.", "14 «Подражание Христу» — книга, написанная, предположительно, Фомой Кемпийским (1379—1471), не позже 1427 г." ],
  "source" : "Полное собрание сочинений. Том 75"
}