{
  "id" : "100",
  "to" : [ {
    "firstName" : null,
    "lastName" : null,
    "paternalName" : null,
    "originalEntry" : "100. A. H. Дунаеву."
  } ],
  "date" : -2315156400000,
  "place" : "около Я. П.",
  "content" : "100. A. H. Дунаеву.\nДорогой Александр Никифорович,\nЭтот паралитик надеется вылечиться. Может быть, и можно помочь ему. Направьте его, куда надобно. Если надо будет отправлять его домой, то возьмите у нашего Матв[ея] Никит[ича]1 сколько нужно (около трех р.) и дайте ему.\nЦелую вас. У меня радость — прекрасное письмо социалиста, отказавшегося от военной службы в Голландии.2\nЛ. Толстой.\n\nНа обороте: Александру Никифоровичу Дунаеву. На Девич. поле, д. Кислякова.\n",
  "notes" : [ "Печатается по фотокопии с автографа.", "Впервые опубликовано в «Летописях», 2, стр. 190. Датируется на основании упоминания о письме Ван Дейля от 12/24 августа 1896 г.", "1 Матвей Никитич Румянцев — артельщик, заведовавший складом книг Толстого, издаваемых С. А. Толстой.", "2 См. письмо № 101." ],
  "source" : "Письма. 1896 г."
}