{
  "id" : "100",
  "to" : [ {
    "firstName" : "Н",
    "lastName" : "Страхову",
    "paternalName" : "Н",
    "originalEntry" : "100. H. Н. Страхову."
  } ],
  "date" : -3008602800000,
  "place" : "Я. П.",
  "content" : "100. H. Н. Страхову.\nВы, я думаю, удивляетесь, пожалуй и сердитесь, дорогой Николай Николаевич, на то, что я так долго не отвечал вам.1 Поверите ли, до сего дня ни минуты не было свободной. Только что приехал из Самары, где удивительный случай: везде урожай, кроме у меня; я должен был ехать в Новосильский уезд,2 потом, вернувшись, застал полон дом гостей,3 и только вчера проводил трудных гостей и почувствовал свободу мысли. Ужасно обидно, что пропустил случай видеть вас. Постараюсь поправить это приездом в Петербург зимою, что по разным обстоятельствам может быть мне нужно.4 Как вы добры, что всякий раз напоминаете мне, что вы готовы помогать мне. Вы знаете, как мне это дорого и как это мне облегчает путь. — Некрасов просит прислать статью,5 соглашаясь на мои условия, и я нынче посылаю ее ему, прося его коректуры посылать вам. Итак, если у вас есть великодушное желание уделить мне свое время на это, то вы сделаете мне это одолжение; если нет, то поскорее напишите. Роман мой еще не двигается, но благодаря вам я верю, что его стоит окончить, и надеюсь это сделать нынешним годом.\nМне многое вам нужно писать, а времени теперь нет, и потому я ограничиваюсь делом, а то откладываю.\nВаш Л. Толстой.\n30 августа.\n",
  "notes" : [ "Впервые опубликовано в книге «Лев Николаевич Толстой. Сборник статей и материалов», М. 1951, стр. 675. Год определяется на основании пометки Страхова на автографе: «30 авг. 1874 г.».", "1 Письмо Страхова, на которое Толстой отвечает, неизвестно.", "2 На юге Тульской губернии, где Толстой собирался покупать землю.", "3 В Ясной Поляне в это время гостили семьи Кузминских и Голохвастовых.", "4 Предполагаемая поездка Толстого в Петербург не состоялась.", "5 См. прим. 2 к письму № 97." ],
  "source" : "Письма. 1874 г."
}