{
  "id" : "100",
  "to" : [ {
    "firstName" : "В",
    "lastName" : "Богданову",
    "paternalName" : "П",
    "originalEntry" : "* 100. В. П. Богданову."
  } ],
  "date" : -1877799600000,
  "place" : "18—20—23. Я. П.",
  "content" : "* 100. В. П. Богданову. Черновое.\nБудем же так же, как Александр, пользоваться всяким случаем, чтобы избавляться от всего дурного, затемняющего нашу душу.\n",
  "notes" : [ "Печатается по черновику-автографу Толстого, написанному на складном конверте (секретке), сверенному с копией. Основанием датировки являются: почтовый штемпель дня получения: «Засека, 18 июля 1910 г.», копия, датированная 20 июля 1910 г., и помета на секретке рукой А. Л. Толстой о посылке письма 23 июля.", "Ответ на письмо В. П. Богданова, «бывшего нищего» из Петербурга, прочитавшего про молодого крестьянина Александра из рассказа Толстого «Благодарная почва» и приветствовавшего Толстого." ],
  "source" : "Письма 1910 гг."
}