{
  "id" : "100",
  "to" : [ {
    "firstName" : "И",
    "lastName" : "Трегубову",
    "paternalName" : "М",
    "originalEntry" : "*100. И. М. Трегубову."
  } ],
  "date" : -1949338800000,
  "place" : "Я. П.",
  "content" : "*100. И. М. Трегубову.\nЯсная Поляна.\nПолучил ваше письмо, милый Иван Михайлович, и новый устав. Откровенно скажу вам, что для меня не имеет большого интереса, или имеет интерес, но не интерес задушевный — установление отношений с существующим правительством. Но это никак не значит того, чтобы я не сочувствовал вашему делу; напротив, вполне сочувствую ему. Кроме самого радикального отношения к правительству, должны быть и промежуточные стадии, и вот именно такую стадию вырабатываете вы, и я нахожу, что это в высшей степени полезно.\nИскренно желаю вам успеха.\nПростите, что пищу коротко; я очень занят и не совсем здоров.\nЛев Толстой.\n1908. 25 марта.\n",
  "notes" : [ "Подлинник написан на машинке, подпись и дата собственноручные. Продиктован в фонограф.", "При письме от 18 марта 1908 г. И. М. Трегубов прислал два экземпляра отпечатанных на гектографе «Основных положений петербургской общины свободных христиан». Просил внимательно прочитать и поправленный экземпляр вернуть. «Основные положения» опубликованы в журнале «Свободный христианин» 1908, 10. Об общине см. прим. к письму № 26." ],
  "source" : "Письма. 1908 г."
}