{
  "id" : "100",
  "to" : [ {
    "firstName" : "П",
    "lastName" : "Бирюкову",
    "paternalName" : "И",
    "originalEntry" : "* 100. П. И. Бирюкову."
  } ],
  "date" : -2603041200000,
  "place" : "Я. П.",
  "content" : "* 100. П. И. Бирюкову.\nДорогой друг П[авел] И[ванович], только что стал скучать по вас: где вы? что вы? как вы? как и получил ваше письмо. Так, так. Ах, как бы хорошо было, кабы кто изложил учения, — истинные коренные учения вер — 3-х, 6-ти. Как это осветило бы человечество — букетом света. Может, приведет бог и мне, но уж очень много другого занимает.1 Впрочем, я никогда не знаю, что надо делать. Свою статью о Жизни и Смерти всё писал и пишу, и очень усердно, однако посылаю набирать. Страхов б[ыл]2 и одобрил; это меня поощрило. Иоан[на] Златоуста взято всё из бесед его на Евангелие Иоанна.3 Вы, верно, принялись за работу. Я не ожидал, что так много и успешно буду работать на покосе. Даже очень приятно устал.\nЦелую вас от всей души, как и люблю. Помогай вам бог жить радостно.\nЛ. Т.\n",
  "notes" : [ "Отрывки впервые опубликованы в «Голосе минувшего» 1913, 5, стр. 223; в Б, III, изд. 1-е, стр. 13. Датируется на основании пометы П. И. Бирюкова на письме: «9 июля 1887» (дата получения письма).", "Ответ на письмо П. И. Бирюкова от 20 июня 1887 г.", "1 Такое изложение ни Толстым, ни другими сотрудниками «Посредника» написано не было.", "2 H. Н. Страхов был в Ясной Поляне с 26 июня по 2 июля.", "3 Речь идет о книжке «Наставления св. Иоанна Златоуста. Извлечения из его бесед в переводе С.-Петербургской духовной академии», изд. «Посредник», М. 1888. См. т. 86, письмо № 131." ],
  "source" : "Письма. 1887 г."
}