{
  "id" : "100",
  "to" : [ {
    "firstName" : "Т",
    "lastName" : "Берс",
    "paternalName" : "А",
    "originalEntry" : "100. Т. А. Берс."
  } ],
  "date" : -3309102000000,
  "place" : "Я. П.",
  "content" : "100. Т. А. Берс.\nДа, вот я и рассуждаю уж 2-й день, что очень грустно, оттого что на свете все эгоисты, из к[отор]ых первый я сам. Я не упрекаю никого, но думаю, что это очень скверно и что нет эгоизма только между мужем и женою, когда они любят друг друга.\nМы живем теперь 2 месяца одни одинешеньки с детьми, к[оторы]е первые эгоисты, и никому до нас дела нет. В Пирагове нас забыли и в Москве, думаешь, тоже. И сам понемножку забываешь.\nЯ не могу рассказать, что я хочу, но ты очень молода и потому, может быть, поймешь, а мне два дня всё это одно в голове. И особенно Феты навели меня на эту мысль. Как хорошо тому жить и с тем жить, кто умеет любить. Ты, пожалуйста, напиши (всё равно, правда ли, неправда ли), что ты нас любить для нас. Я Дорку1 полюбил очень за то, что она не эгоистка. Как бы это выучиться так жить, чтоб всегда радоваться другому счастью.\nТы никому не читай, что я пишу, а то подумают, что я с ума сошел.\nЯ только проснулся, и в голове сумбур и раздраженье, как будто мне лет 15, и всё хочется понять, чего нельзя понять, и ко всем чувствуешь и нежность и раздражение.\nОдин огурец прошел. Через 6 огурцов мы тебя увидим.2 Это очень хорошо.\nПрощай, напиши нам поподробнее о себе. Хотя эта моя дичь и не стоит того.\n",
  "notes" : [ "Отрывок впервые опубликован в Б, II, стр. 63—64; полностыо, с датой: «1865 г. Февраль», в ПТС, I, № 57. Датируется по письму С. А. Толстой, к которому является припиской.", "1 Собака Толстого (она же Ласка в романе «Анна Каренина»).", "2 В переписке Толстых начала 1860-х гг. с семьей Берсов часто встречается счет времени огурцами. Огурец соответствовал одной неделе. Т. А. Берс 29 января 1865 г. писала: «Вот скоро масленица, там 7 огурцов, осьмой святая и весна»." ],
  "source" : "Письма. 1865 г."
}