{
  "id" : "101",
  "to" : [ {
    "firstName" : "Чарльзу",
    "lastName" : "Войзе",
    "paternalName" : null,
    "originalEntry" : "*101. Чарльзу Войзе (Charles Voysey)."
  } ],
  "date" : -2163870000000,
  "place" : "Я. П",
  "content" : "*101. Чарльзу Войзе (Charles Voysey).\nDear Sir.\nI have received your letter and your sermon on my excommunication, as well as your books for which I thank you.\nI was very glad to know that I had co-religionists of which I did not know anything till now. I knew about the Unitarien but not about the Theistic Church. I have read some of the books and leaflets that you sent me to see that your belief is nearly the same as mine. I say nearly, because I do not regard Christ as an impostor as one of your co-religionists wrote to me some time ago1 and do not lay at his door all the bad things that are included in the Gospel.\nAll that I read in your books is quite congenial to me and especially your sermon on «The Philosophy of Human life».\nI am very sorry not to be able to send you my complete answer to the «Excommunication», but I wrote to my friend in England — V. Tchertkoff (Christchurch, Hants) begging him to send to you this answer and also some of my books on religious subjects by which you will see that without knowing each other personally we come to the same conclusions because we draw from the same source: human reason, love and conscience, as you rightly put in some of your books.\nWith respect and love\nYours truly\nLeo Tolstoy.\n\nМилостивый государь,\nС уважением и любовью\nискренно ваш\nЛев Толстой.\n",
  "notes" : [ "Я получил ваше письмо и проповедь по поводу моего отлучения, так же как и ваши книги, и очень вас благодарю.", "Очень был рад узнать, что у меня есть религиозные единомышленники, о которых до сих пор не подозревал. Я знал об унитарианцах, но не о теистической церкви. Я прочел некоторые из тех книг и листовок, которые вы мне прислали, и увидел, что ваша вера почти та же, что и моя. Говорю «почти», потому что не считаю Христа обманщиком, как писал мне один из ваших единомышленников несколько времени тому назад,1 и не взваливаю на него вину за всё дурное, что содержится в Евангелии.", "Всё, что я прочел в ваших книгах, вполне мне сродно, в особенности ваша проповедь «Философия человеческой жизни».", "Очень сожалею, что не могу послать вам мой полный ответ на «Отлучение», но я написал в Англию моему другу В. Черткову (Крайстчерч, Хантс), прося его послать вам этот ответ, а также некоторые из моих книг на религиозные темы, из которых вы увидите, что, не зная друг друга лично, мы пришли к совершенно одинаковому выводу, так как пользовались тем же самым источником: человеческим разумом, любовью и совестью, — как вы это вполне правильно указали в некоторых ваших книгах.", "Печатается по машинописной копии, датируется по письму к В. Г. Черткову от 7 июня 1901 г. (см. т. 88); копия ошибочно датирована 13 июня.", "Чарльз Войзе (1828—1912) в 1870-х гг. основал в Англии теистическую церковь, являющуюся разновидностью унитарианской церкви. В яснополянской библиотеке сохранилось несколько его книг.", "Ответ на письмо Войзе от 29 мая н. ст. 1901 г. и приложенную к нему проповедь, в которых Войзе выражал сочувствие по поводу отлучения Толстого от церкви.", "1 См. письмо № 88." ],
  "source" : "Письма. 1901 г."
}