{
  "id" : "101",
  "to" : [ {
    "firstName" : "Н",
    "lastName" : "Давыдову",
    "paternalName" : "В",
    "originalEntry" : "* 101. Н. В. Давыдову."
  } ],
  "date" : -2366737200000,
  "place" : "Август, начало Я. П.",
  "content" : "* 101. Н. В. Давыдову.\nМожет быть, вы и попеняете на меня, дорогой Николай Васильевич, за то, что навязываю неприятное дело, но рискую: может быть, вы и в состоянии будете помочь этому человеку. Это молодой человек, живший в Петербурге литературным трудом. Его выслали административно в Тулу. Ему жить нечем. Нельзя ли ему дать работу — переписку.1 Простите, пожалуйста.\nВаш Л. Толстой.\n\nМолодой человек мне нравится. Вот всё, что я о нем могу сказать.\n",
  "notes" : [ "Датируется на основании ответного письма Н. В. Давыдова от 14 августа 1895 г. Давыдов, как это видно из его письма, в то время жил в деревне под Тулой, и письмо ему было «переслано», очевидно, через несколько дней по получении.", "1 О ком здесь идет речь, не установлено.", "В ответном письме Давыдов писал, что он в Туле будет в первых числах сентября и что если «тогда будет не поздно и молодой человек явится» к нему, то он «сделает, что может»." ],
  "source" : "Письма 1840—1910 гг."
}