{
  "id" : "101",
  "to" : [ {
    "firstName" : "Н",
    "lastName" : "Некрасову",
    "paternalName" : "А",
    "originalEntry" : "101. Н. А. Некрасову."
  } ],
  "date" : -3008602800000,
  "place" : "Я. П.",
  "content" : "101. Н. А. Некрасову.\nМилостивый государь\nНиколай Алексеевич!\nПосылаю вам мою статью1 и очень прошу вас коректуры ее приказать пересылать Никол[аю] Николаевичу Страхову (Публичная библиотека) и всякое изменение, сделанное им, принимать как бы мое. Я вставил в начале статьи, в выноску, краткое объяснение того обстоятельства, которое послужило ее поводом. Оно необходимо для понимания полемической части статьи. И я очень жалею, что мне не удалось сообщить г. Михайловскому протоколы заседаний. Я написал в Москву, чтобы эти протоколы выслали в редакцию От[ечественных] зап[исок], как скоро они выйдут. Может быть, они понадобятся, и г-н Михайловский сделает из них употребление, чего бы я очень, очень желал. Я уверен, что редакция От[ечественных] зап[исок] не разойдется со мной во взгляде, который я излагаю в своей статье, и только желаю, чтобы публика хоть в самой малой доле признала ту важность, которую я приписываю этому делу. Боюсь тоже, чтобы вследствие того, как я слышал, царствующего теперь цензурного террора, статья моя не подверглась бы гонению, и потому разрешаю редакции вымарывать, не списавшись со мной, то, что может показаться опасным.2 —\nНесмотря на то, что я так давно разошелся с «Современником», мне очень приятно теперь посылать в него свою статью, потому что связано с ним и с вами очень много хороших молодых воспоминаний.3\nВаш Л. Толстой.\n30 августа.\n",
  "notes" : [ "Впервые опубликовано в «Литературном наследстве», т. 51-52, М. 1949, стр. 528.", "1 «О народном образовании». См. письмо № 97.", "2 Статья была напечатана в IX номере журнала за 1874 г. без всяких изменений.", "3 См. прим. 2 к письму № 80." ],
  "source" : "Письма. 1874 г."
}