{
  "id" : "101",
  "to" : [ {
    "firstName" : "В",
    "lastName" : "Шейерману",
    "paternalName" : "А",
    "originalEntry" : "101. В. А. Шейерману."
  } ],
  "date" : -1949338800000,
  "place" : "Я. П.",
  "content" : "101. В. А. Шейерману.\nЯсная Поляна.\nМилый Владимир Александрович,\nМне особенно приятно было ваше письмо, приятно тем, что, читая его, чувствуешь, как одна и та же основа соединяет тебя с людьми, с которыми ты не видался никогда, к[отор]ые живут далеко от тебя, но которые живут духовно одним и тем же, чем живешь ты. Ваше отношение к этому смешному моему юбилею было точно такое же, как и мое к нему, только с тою разницею, что мне затруднительно было выразить то мое отношение к этим людям, так как мешало их доброе желание. Вы же этим не были стеснены. Слава богу, как вы, может быть, прочли в газетах, вся эта затея, должно быть, прекратится.\nОчень жалею, что до сих пор не встречался с вами. Дружески жму вам руку.\nЛев Толстой.\n25 марта 1908 г.\n",
  "notes" : [ "Печатается по копировальной книге № 8, л. 162, куда вклеена рукописная копия. Продиктовано в фонограф. Впервые опубликовано под шифром: В. А. Ш. с начальными буквами имени и отчества в обращении в ПТС, I, № 262.", "О Владимире Александровиче Шейермане см. т. 76, стр. 84.", "При письме от 17 марта 1908 г. В. А. Шейерман прислал экземпляр того «обращения», которое несколько раньше Толстой получил от М. С. Дудченко. См. письмо № 96." ],
  "source" : "Письма. 1908 г."
}