{
  "id" : "101",
  "to" : [ {
    "firstName" : "Шарлю",
    "lastName" : "Саломону",
    "paternalName" : null,
    "originalEntry" : "101. Шарлю Саломону (Charles Salomon)."
  } ],
  "date" : -2390065200000,
  "place" : "Москва.",
  "content" : "101. Шарлю Саломону (Charles Salomon).\nCher Monsieur Salomon,\nС переводом поступайте, как хотите. Искренно говорю вам, что меня это издание этой статьи1 во Франции очень мало интересует; мысль же о том, что вы бы стали делать скучное и ненужное вам дело только из-за того, что вы обещали, была бы мне очень неприятна. Лев наш приехал к нам почти такой же, каким уехал. Теперь он как будто поправляется. Часто вспоминаем о вас и о вашей доброте и дружбе к нему. Передайте, пожалуйста, наш общий привет вашей матушке.\nArticle Arvède Barine2 очень дурной, п[отому] ч[то] вполне лживый, и, как я ни не люблю газетные заявления, я бы был вам очень благодарен, если бы вы поместили в какой-нибудь франц[узской] газете, переведя, мои следующие несколько слов:\n3 Рассуждения Г. Арвед Барин, напечатанные в...... о том, как вследствие неприложимости к жизни христианского учения нравственности, я, для того, чтобы быть доступным детям, должен был в своей азбуке отступить от духа этого учения и проповедывать в детских рассказах мораль языческую, — рассуждения эти очень тонки и остроумны, но, к сожалению, совершенно неприложимы к настоящему случаю, так как рассказы, помещенные в азбуке, написаны мною не 18 месяцев тому назад, как это пишет Г. Арв[ед] Бар[ин], а 27 лет тому назад,4 тогда, когда христианское учение мне было совершенно чуждо, и я руководился в выборе рассказов для азбуки только их понятностью и интересом для детей.\nЛ. Толстой.\nОчень обяжете меня, дорогой Карл Альфонсович, если исполните эту мою просьбу.5\nДружески жму вашу руку.\nЛюбящий вас Л. Толстой.\n6/18 апреля 1894.\n",
  "notes" : [ "Печатается по фотокопии. Автограф хранится в Национальной библиотеке в Париже. Опубликовано впервые в «Mélanges publiés en l’honneur de Mr. Payl Воуег», Париж, 1925, стр. 58—59, и затем в «Летописях», 2, стр. 154—155.", "Ответ на письмо Ш. Саломона от 6 апреля н. ст. 1894 г.", "1 Речь идет о статье «Религия и нравственность».", "2 Арвед Барин, псевдоним французской писательницы Шарль Венсан (Charles Vincens, 1840—1908), автора нескольких историко-литературных и исторических этюдов и переводчицы на французский язык «Детства», «Отрочества» и «Юности» Толстого (Léon Tolstoi, Souvenirs: Enfance, Adolescence, Jeunesse», Париж, 1887).", "Статья Арведа Барина: «Un Abécédaire de Tolstoi» [«Азбука» Толстого] была напечатана в газете «Journal des Débats» от 27 марта 1894 г. Автор статьи по недоразумению принял 18-е издание «Азбуки» 1892 г. за новый труд Толстого, якобы составленный им 18 месяцев тому назад и оставшийся до сих пор неизвестным за границей.", "3 Зачеркнуто: Аргументация", "4 Рассказы для «Азбуки» и «Книг для чтения» писались Толстым в 1871—1874 гг.", "5 При письме от 7 мая н. ст Саломон прислал Толстому вырезку из «Journal des Débats» от 3 мая 1894 г. с напечатанными его возражениями на статью Барин и ее ответом, в котором она признавала свою ошибку." ],
  "source" : "Письма. 1894 г."
}