{
  "id" : "101",
  "to" : [ {
    "firstName" : null,
    "lastName" : null,
    "paternalName" : null,
    "originalEntry" : "101. Ф. Ефремову."
  } ],
  "date" : -1875898800000,
  "place" : "Я. П.",
  "content" : "101. Ф. Ефремову.\n23 июля 10 года. Ясная Поляна.\nВ книгах, которые вам посылаю, я, как умел, выразил мои взгляды. Желал бы, чтобы они ответили вашим требованиям. Сколько я понял из вашего письма, вы тяготитесь своим положением бедности. Как ни странно это сказать, — я же мучительно тягочусь теми условиями богатой жизни, из которой никак не могу вытти. С какой бы радостью я променялся с вами.\nИ потому позволяю себе советовать вам: не тяготиться вашим положением. Вы служите делу не только не грешному, но полезному. Благодарите за это судьбу и дорожите вашим положением.\nПозволяю себе дать вам еще совет: не заниматься стихотворством. Если у вас есть досуг и есть что сказать людям, высказывайте это как можно яснее и проще, а не обременяя себя условиями размера и рифмы.\nБрат ваш\n",
  "notes" : [ "Печатается по копии, сверенной с черновиком-автографом, начатым на конверте письма Ефремова и продолженным на полулисте почтовой бумаги, оторванной от письма Ефремова. Кроме того, на том же конверте рукой Толстого помечено: Послать Н[а] к[аждый] д[ень].", "Впервые опубликовано в «Литературном наследстве», № 37-38, стр. 361.", "Ответ на письмо Филиппа Ефремова, почтальона из Баку, описывавшего свою тяжелую жизнь, сообщавшего, что удается иногда печатать свои стихотворения в газете «Заря Востока» и просившего совета Толстого, как «прозреть умственно»." ],
  "source" : "Письма 1910 гг."
}