{
  "id" : "101",
  "to" : [ {
    "firstName" : "Т",
    "lastName" : "Берс",
    "paternalName" : "А",
    "originalEntry" : "101. Т. А. Берс."
  } ],
  "date" : -3308410800000,
  "place" : "Я. П.",
  "content" : "101. Т. А. Берс.\nПора, пора, милая Таня. Уж 3-й огурец — осталось 4-е. Спасибо за известие от Галицына.1 Мне всё интересно. Но теперь не пишется, слишком много думается, и музыка слишком сильно действует. Весна приближается. Что твой голос?\n",
  "notes" : [ "Приписка к письму С. А. Толстой.", "Впервые опубликовано Т. А. Кузминской в ее книге «Моя жизнь дома и в Ясной Поляне», III, стр. 46. Год определяется сопоставлением письма С. А. Толстой с ее записью в дневнике 25 февраля 1865 г. (см. «Дневники С. А. Толстой», I, М. 1928, стр. 84—85). Месяц и число поставлены на письме С. А. Толстой.", "1 Т. А. Берс писала Толстому: «На коньках катается один Голицын мальчик, и он мне рассказывал, как его мать в восхищении от твоего романа»." ],
  "source" : "Письма. 1865 г."
}