{
  "id" : "101",
  "to" : [ {
    "firstName" : "П",
    "lastName" : "Бирюкову",
    "paternalName" : "И",
    "originalEntry" : "101. П. И. Бирюкову."
  } ],
  "date" : -2508951600000,
  "place" : "Я. П.",
  "content" : "101. П. И. Бирюкову.\nСпасибо, милый друг, за письмо и за правду.\nМы вас также любим, вы в это верьте. — Жизнь и формы ее пускай будут впереди, а любовь, пускай будет неразлучна с нами. — Ваше письмо еще эгоистично тронуло меня. Мне здорово вспоминать, что я живу дурно и, под предлогом избегания вражды, подчиняюсь своим слабостям, похотям тела. Друг мой, любя меня, напишите мне, не смягчая, а в самой строгой форме, суждения о мне, осуждающие меня, не называя никого. Вы ведь много таких слышали. —\nКак вы живете? Что Ив[ан] Дм[итриевич]?1 Я живу всё так же. Работаю в поле меньше, обуреваем гостями. И часто хочется умереть — грешен. Целую вас и Ив[ана] Дм[итриевича]. Поклон Варв[аре] Ва[сильевне].2\nЛ. Т.\n",
  "notes" : [ "Почти полностью опубликовано в Б, III, стр. 140. Датируется на основании записи в Дневнике Толстого 30 июня (т. 51, стр. 56).", "Ответ на несохранившееся письмо П. И. Бирюкова к М. Л. Толстой, о котором 27 июня 1890 г. записано в Дневнике Толстого: «Письмо Поши к Маше — тон хороший. Пишет об Алехине и об осуждении меня. Это мне хорошо. Хорошо бы это вполне слышать» (т. 51, стр. 55).", "1 И. Д. Ругин.", "2 Варвара Васильевна Бирюкова (1831—1895), мать П. И. Бирюкова." ],
  "source" : "Письма. 1890 г."
}