{
  "id" : "101",
  "to" : [ {
    "firstName" : "И",
    "lastName" : "Файнерману",
    "paternalName" : "Б",
    "originalEntry" : "101. И. Б. Файнерману."
  } ],
  "date" : -2602954800000,
  "place" : "Я. П.",
  "content" : "101. И. Б. Файнерману.\nДавно не писал вам, милый друг, но не переставая помню и люблю вас. Последнее письмо ваше, кажется, от 8 июня1 — месяц. Что с вами с тех пор видоизменилось во внешнем? Где, что работаете, с кем общаетесь? Чертков, кажется, пишет вам,2 а Ге старый спрашивает о вас. Да, правда, что надо расти самому, как дерево, не огорчаясь тем, что при других условиях мог бы быть полезнее и людям. Не дано нам знать этого. Павла Николаевна Шарапова3 живет здесь у Макаровых, с маленькой девочкой — воспитанницею, работает и помогает людям. Хорошая девушка. Мы убирали покос с Степаном Резуновым и Осипом Макаровым4 — очень хорошо было. Я слабею физически, но мне лучше на душе. Много работал и продолжаю работать над писанием о жизни и смерти. Только бы делать не для славы людской, а для бога — все дела равны. Если бы в тюрьме сидел или в параличе был, делал бы еще меньше. Лепта вдовицы. Только бы отдавать, что имеешь. Пишите мне, милый друг. Количка правду пишет. Жалко иногда, что врозь живем, но мы не врозь, если мы всегда вместе идем в настоящей жизни, для которой нет пространства и времени. Мало того, и после смерти будем точно так же, нет, не так же, а гораздо больше вместе. От Буткевича получил письмо,5 посылаю вам его. Какой хороший.\nЛ. Т.\n",
  "notes" : [ "Печатается по копии. Впервые опубликовано в «Елисаветградских новостях» 1904, № 113 от 14 марта. Дата копии.", "1 Оно неизвестно.", "2 Это письмо В. Г. Черткова к И. Б. Файнерману неизвестно.", "3 Павла Николаевна Шарапова (1867—1945), с 1899 г. жена П. И. Бирюкова. В 1887 г. летом жила со своей воспитанницей у яснополянских крестьян Макаровых, помогая им в крестьянских работах.", "4 Яснополянские крестьяне.", "5 Письмо Анат. С. Буткевича от 24 июня 1887 г." ],
  "source" : "Письма. 1887 г."
}