{
  "id" : "101",
  "to" : [ {
    "firstName" : "Н",
    "lastName" : "Сутковому",
    "paternalName" : "Г",
    "originalEntry" : "* 101. Н. Г. Сутковому."
  } ],
  "date" : -1978110000000,
  "place" : "Я. П.",
  "content" : "* 101. Н. Г. Сутковому. Черновое.\nПосылаю вам, милый Николай Григорьевич, то, что я сделал с вашим воззванием.1 Мне кажется, что воззванием Гаррисона2 и ваше до страницы 6 следовало бы напечатать. То же, что идет после слов: «близко, при дверях», сомнительно, и лучше не печатать.3\n",
  "notes" : [ "Печатается по черновику-автографу, находящемуся среди рукописей статьи «Наше жизнепонимание».", "Основание датировки: запись в ЯЗ 26 апреля 1907 г. об окончании Толстым статьи «Наше жизнепонимание» и о том, что «завтра намерен отослать».", "1 Речь идет о статье Н. Г. Суткового «Свободные христиане», присланной Толстому при письме от 27 февраля (см. письмо № 63). 24 марта Толстой приступил к переработке этой статьи. Он объединил ее с «Провозглашением» Вильяма Ллойда Гарисона (см. прим. 2) и написал послесловие. 26 апреля работа была закончена. В окончательной редакции статья получила название «Наше жизнепонимание». Впервые напечатана в переводе на болгарский язык в журнале «Възраждане» 1907; в России впервые опубликована в журнале «Голос Толстого и Единение» 1917, 3, стр. 3—5. См. т. 37.", "2 Вильям Ллойд Гарисон (1805—879) — американский прогрессивный общественный деятель, активный борец за освобождение негров. «Провозглашение» Гарисона Толстой поместил в своем трактате «Царство божие внутри вас» и в «Круге чтения». Начав перерабатывать воззвание Суткового, Толстой соединил его с «Провозглашением Гарисона».", "3 Статья напечатана только до указанных Толстым слов." ],
  "source" : "Письма. 1907 г."
}