{
  "id" : "101",
  "to" : [ {
    "firstName" : "А",
    "lastName" : "Лебедеву",
    "paternalName" : "И",
    "originalEntry" : "* 101. А. И. Лебедеву."
  } ],
  "date" : -2073150000000,
  "place" : "Я. П.",
  "content" : "* 101. А. И. Лебедеву.\nВсе ваши колебания и сомнения мне вполне понятны. Помочь вам я могу только тем, чтобы посоветовать не предпринимать решительного поступка, изменяющего вашу жизнь, вследствие рассуждения, что хорошо бы так поступить, а изменить свою жизнь только тогда, когда почувствуете всем существом, что не можете продолжать жить по-прежнему. Для того же, чтобы это случилось, надо, чтобы смысл вашей жизни перенесся из служения себе в служение богу. Полагать свою жизнь в служении богу есть высшее благо, к[оторого] может достигнуть человек, и потому для того, кто достиг этого блага, все житейские невзгоды представляются такими ничтожными, что он не может даже замечать их, или замечает их с радостью, только как признак того, что он стоит на верном пути.\nИ потому от души желаю вам того же, чего и вы желаете: утверждения вашей веры в бога, т. е. в то, что жизнь ваша есть одно из проявлений бога в ограниченных пределах вашей личности.\nЛев Толстой.\n22 апреля\n1904.\n",
  "notes" : [ "Печатается по копировальной книге № 6, лл. 120—121.", "Александр Иванович Лебедев — в 1904 г. был мичманом мореходноканонерской лодки «Запорожец». Сведений о нем нет.", "Ответ на письмо Лебедева от 11/24 апреля 1904 г., в котором он из Константинополя писал Толстому о своих заграничных впечатлениях, о войне, военной службе, о желании оставить ее и о колебаниях в связи с этим." ],
  "source" : "Полное собрание сочинений. Том 75"
}