{
  "id" : "101",
  "to" : [ {
    "firstName" : "Е",
    "lastName" : "Раевской",
    "paternalName" : "П",
    "originalEntry" : "101. Е. П. Раевской."
  } ],
  "date" : -2464282800000,
  "place" : "Тула.",
  "content" : "101. Е. П. Раевской.\nМогу только сказать «аминь» тому, что говорят девочки, и от души благодарить вас за вашу любовь и ласку к ним и ко мне в такие минуты. Просил бы у вас прощенья за то, чем мог провиниться перед вами, да знаю, что провиниться не мог, п[отому] ч[то] не переставал, насколько способен, любить вас и его и желал всеми силами души сделать лучшее.\nЛюбящий вас Л. Толстой.\n",
  "notes" : [ "Приписка к датированному письму T. Л. Толстой и В. А. Кузминской к Е. П. Раевской. Впервые опубликовано в журнале «Красный архив» 1924, 6, стр. 248.", "Задержанный на несколько дней в Бегичевке болезнью и смертью И. И. Раевского, Толстой с дочерьми Татьяной и Марией и В. А. Кузминской выехал 29 ноября на неделю из Бегичевки в Москву. При пересадке и ожидании поезда в Туле T. Л. Толстая и В. А. Кузминская написали на одном листке, а М. Л. Толстая на отдельном листке письма с выражением сочувствия и любви Е. П. Раевской, в связи со смертью ее мужа." ],
  "source" : "Письма. 1891 г."
}