{
  "id" : "101",
  "to" : [ {
    "firstName" : "И",
    "lastName" : "Горбунову",
    "paternalName" : "И",
    "originalEntry" : "* 101. И. И. Горбунову-Посадову."
  } ],
  "date" : -2022346800000,
  "place" : "",
  "content" : "* 101. И. И. Горбунову-Посадову.\nМосква\nТрубецкий переулок,\nдом Осипова, Горбунову.\nОставьте заключение1 по-старому.\nТолстой.\n",
  "notes" : [ "Датируется содержанием.", "1 Имеется в виду заключение к статье «Конец века», печатавшейся в издательстве «Посредник»." ],
  "source" : "Письма. 1905 г."
}