{
  "id" : "101",
  "to" : [ {
    "firstName" : "Софье",
    "lastName" : "Толстой",
    "paternalName" : "Андреевне",
    "originalEntry" : null
  } ],
  "date" : -3075908400000,
  "place" : "Самара.",
  "content" : "101.\nПишу тебе от Тимрота. Ехал на пароходе прекрасно. Только нервы мои всегда безобразно поднимаются от железнодорожной и пароходной тряски. Вчера мучался с ариѳметикой1 целый день, вместо того, чтобы любоваться берегами. Общество были очень милый Генерал Брунеръ2 и офицер Генер[альнаго] Штаба. Ночь почти не спал. — Чем ближе подъезжал к Самаре, тем мрачнее слухи об урожае. Говорят, все пропало.3 У Тимрота же узнал следующее. То, что взошло весной, очень редко, то все засохло. Теперь после дождей конца Июня и Июля выходит молодой подсед и обещают порядочный урожай. И цены очень высокия: 1 р. 85 к.4\nТак что, как говорит Тимрот, может быть 50 пудов с десятины, или худшее 10 рублей с десятины останется чистаго. Все это меня очень интересует. Тимрот живет на даче с семейством, и мы нынче же с ним едем на Тананык. Там и дом, и все готово, и лошади. Торопят отослать письмо. —\nПрощай, милая, душенька, напишу оттуда.\nЛ. Т.\n\nНа четвертой странице: Ея Сиятельству Графине Софье Андревне Толстой. В Тулу.\n",
  "notes" : [ "Печатается по автографу, хранящемуся в АТБ. Впервые опубликовано по копии, сделанной С. А. Толстой, в ПЖ, стр. 98. Датируется на основании почтового штемпеля: «Самара 12 июля 1872» и слов следующего письма: «Мы приехали в середу к Тимроту вечером». Среда падала на 12 число.", "1 С третьей частью арифметики в «Азбуке».", "2 Андрей Осипович Бруннер (1814—1894), генерал от инфантерии.", "3 В помощи голодающим Самарской губернии, в связи с неурожаем 1872—1873 гг., Толстой принял деятельное участие. В корреспонденции «Московских ведомостей» (см. № 207, от 17 августа 1873 г.) он писал: «второй неурожайный год, 1872-й заставил достаточных крестьян еще уменьшить посев и продать скотину». См. статью Пругавина: «Граф Л. Н. Толстой в голодовку 1873—1874 года» («Образование» 1902, ноябрь, стр. 2—9).", "4 За пуд пшеницы." ],
  "source" : "Письма к С. А. Толстой 1862-1910 гг."
}