{
  "id" : "102",
  "to" : [ {
    "firstName" : "Джону",
    "lastName" : "К",
    "paternalName" : null,
    "originalEntry" : "* 102. Джону К. Ван дер Веру (John K. Van der Veer)."
  } ],
  "date" : -2314897200000,
  "place" : "Я. П.",
  "content" : "* 102. Джону К. Ван дер Веру (John K. Van der Veer).\nCher ami.\nJe vous appelle ainsi, parce que ayant lu votre lettre au commandant1 et que m’a fait parvenir Mr. Vanduyl, je vous connais mieux et vous m’êtes plus proche, que quantité de gens qui vivent près de moi et que je vois tous les jours.\nD’après cette lettre je vois que votre manière d’envisager la vie et nos devoirs envers Dieu et notre prochain est identique avec la mienne.\nVous dites dans votre lettre que vous n’êtes pas chrétien, mais vous ne pouvez pas ne pas Г être, parce que votre action ne pouvait avoir d’autre source que l’esprit chrétion, qui consiste à poser comme but de son existence non pas le bien de sa personnalité, mais la vérité et le bien-être général, autrement dit l’accomplissement de la volonté de Dieu et l’établissement de son royaume sur la terre.\nCe qui m’a plu dans votre lettre c’est que vous ayez surtout relevé la stupidité, la cruauté et la lâcheté de se faire meurtriers par commande. Je comprends, que pour un homme, qui n’a jamais pensé à ce qu’il fait en s’engageant comme soldat et en promettant d’obéir au premier venu qui sera son chef et de tuer tous ceux, qu’il lui ordonnera de tuer, l’état de soldat ne paraisse pas criminel; mais je n’ai jamais pu comprendre qu’un homme, qui une fois a compris toute la portée de ce qu’il fait en promettant d’obéir, même et surtout pour le meurtre, à ses chefs, puisse consentir à etre soldat.\nPour qu’un homme civilisé au temps, où nous vivons, refuse le service militaire, il ne faut qu’être honnête, non seulement honnête, mais ne pas être lâche, avouant hautement qu’il n’y a pour lui rien de saint, ni rien audessus de sa tranquillité et de son bien-être personnel.2\nQue Dieu, le Dieu qui est au fond de votre conscience et celui, qui vous a poussé à votre action, vous soutienne dans les épreuves qui vous attendent.\nSi savoir, qu’il y a des gens, qui admirent votre action et vous, aiment, peut vous donner quelque contentement, sachez, que tous, nos amis, auxquels j’ai en partie communiqué et communiquerai encore votre lettre, sont et seront avec vous de coeur et d’âme.\nSans parler de ce qui se fait hors de la Russie, il y a en ce moment chez nous plusieurs individus de différentes classes, paysan ts, mai très d’école, étudiants, qui ont réfusé le service militaire et supportent avec fermeté les suites de leur action.\nLa lutte s’engage sur tous les points, et votre refus motivé avec tant de sincérité, de raison et de conviction de votre point de vue tout-à-fait indépendant, a, à mon avis, une grande portée.\nComme je voudrais que votre lettre fut livrée, autant que-possible, à la publicité, veuillez me dire, si vous n’avez rien contre.\n\nLéon Tolstoy.\n4 Septembre 1896.\n\nДорогой друг,\nЦелую вас.\nВаш друг\nЛ. Толстой.\n",
  "notes" : [ "Называю вас так, потому что, прочитав ваше письмо к командиру полка,1 доставленное мне г-ном Вандейлем, я вас знаю лучше, и вы мне ближе, чем многие лица, живущие около меня, и которых я вижу каждый день.", "По этому письму я вижу, что ваше понимание жизни и наших обязанностей к богу и ближнему тождественно с моим.", "Вы говорите в вашем письме, что вы не христианин; но вы не можете не быть таковым, так как поступок ваш мог вытечь только из христианского начала, заключающегося в признании цели своего существования не в благе своей личности, но в осуществлении истины и общего блага, иначе говоря — в осуществлении воли божьей и установлении его царства на земле.", "Мне в особенности понравилось в вашем письме то, что вы указали на бессмысленность, жестокость и малодушие убийства по команде. Я понимаю, что для человека, никогда не задумывавшегося над тем, что он делает, поступая в солдаты и обещаясь повиноваться первому встречному, который окажется его начальником, и убивать всех тех, кого он прикажет убить, положение солдата может и не казаться преступным, но я никогда не мог понять, как человек, раз понявший всё значение того, что он делает, обещаясь вообще повиноваться, а тем более в деле убийства, своим начальникам, — может согласиться быть солдатом. Для того, чтобы образованный человек нашего времени отказался от военной службы, нужно только, чтобы он был честен, даже не честен, — а не был бы малодушным трусом, открыто признающим, что для него нет ничего святого, ничего выше своего спокойствия и личного благополучия.2 Вот это-то становится особенно ясным из вашего письма.", "Пусть бог, — тот бог, который руководит вашей совестью и внушил вам ваш поступок, — поддержит вас в ожидающих вас испытаниях.", "Если сознание того, что есть люди, высоко ценящие ваш поступок и любящие вас, может доставить вам некоторое удовлетворение, то знайте, что все мои друзья, которым я отчасти уже сообщил и еще сообщу ваше письмо, находятся и будут находиться с вами в сердечном и душевном единении. Не говоря о том, что делается вне России, есть в настоящее время между нами несколько лиц из разных слоев — крестьян, учителей, студентов, которые так же, как и вы, отказались от военной службы и с твердостью переносят последствия своего поступка.", "Борьба завязывается со всех сторон, и ваш отказ, мотивированный с такой искренностью, разумностью и убеждением, с вашей особенной, совершенно независимой точки зрения, имеет, по моему мнению, большое значение.", "Так как мне хотелось бы, чтобы письмо ваше было предано самой широкой гласности, сообщите мне, пожалуйста, имеете ли вы что-либо против этого.", "4 сентября 96 года.", "Печатается: иностранный текст по копии, оттиснутой копировальным прессом с подлинника, написанного неизвестной рукой, с датой и собственноручной подписью Толстого; русский текст по машинописному подлиннику с авторскими исправлениями. Дату Толстого: «4 сентября 96 г. » относим к новому стилю, что подтверждается пометкой, сделанной на русском подлиннике неизвестной рукой: «Перевод на русский язык, исправленный Л. Н-м 25 авг. 96».", "Джон К. Ван дер Вер (John K. Van der Veer, p. 1867) — голландский рабочий. Несколько раз отбывал тюремное заключение за пропаганду социализма среди рабочих. С 1891 по 1896 г. состоял постоянным сотрудником социалистической газеты, но затем увлекся анархизмом и в 1897 г. редактировал анархический журнал «Vrede» («Мир»). В 1898 г. Ван дер Вер приезжал в Англию для руководства типографией В. Г. Черткова в г. Пэрлее.", "1 Копия этого письма, переведенная Ван Дейлем с голландского языка на французский, была послана Толстому при письме Ван Дейля от 12/24 августа 1896 г. Оно опубликовано Толстым в статье «Приближение конца».", "2 Последующая фраза вписана в русском подлиннике рукой Толстого и в иностранном тексте не имеется." ],
  "source" : "Письма. 1896 г."
}