{
  "id" : "102",
  "to" : [ {
    "firstName" : "А",
    "lastName" : "Толстой",
    "paternalName" : "А",
    "originalEntry" : "102. А. А. Толстой."
  } ],
  "date" : -2464282800000,
  "place" : "Тула.",
  "content" : "102. А. А. Толстой.\nДорогой друг Alexandrine. Ради бога простите за то, что пишу второпях и только о деле:\nЯ сейчас написал письмо Кауфману,1 Председ[ателю] Общ[ества] Красн[ого] Креста, прося его о бесплатном провозе лошадей крестьянских из голодных мест в места богатые кормом. Пожалуйста, если можно, попросите его через кого-нибудь исполнить мою просьбу, очень нужную и никому не могущую повредить. Только бы он обратил внимание на это дело, он, говорят, человек хороший и умный, и он наверно исполнит ее.\nЯ теперь еду в Москву на неделю. У меня большое горе — умер мой друг, один из лучших людей, кот[орых] я знал, умер на моих руках, в неделю, от инфлуенцы. Мы с ним вместе работали и полюбили друг друга больше, чем прежде.\nМы здоровы и бодры с детьми и едем к Соне успокоить ее и повидать. Она, бедная, измучилась. Я пишу из Тулы. Напишу из Москвы боле[е] прилично. А пока целую вас и прошу — прощать и любить меня.\nЛев Толстой.\n",
  "notes" : [ "Впервые опубликовано в ПТ, стр. 369—370. К письму сделана приписка Т. Л. Толстой с датой «29 ноября 1891 г.».", "1 Михаил Петрович фон Кауфман (1822—1902), генерал-адъютант, член Государственного совета, председатель Российского общества Красного креста. Письмо Толстого к нему неизвестно." ],
  "source" : "Письма. 1891 г."
}