{
  "id" : "102",
  "to" : [ {
    "firstName" : "В",
    "lastName" : "Дыману",
    "paternalName" : "А",
    "originalEntry" : "* 102. В. А. Дыману."
  } ],
  "date" : -1890759600000,
  "place" : "Я. П.",
  "content" : "* 102. В. А. Дыману. Черновое.\nСтихи ваши оч[ень] плохи. Не советую этим заниматься.\n",
  "notes" : [ "Печатается по черновику-автографу, написанному на конверте письма Дымана. Дата определяется пометой на конверте об ответе Толстого 1 февраля 1910 г.", "Венедикт Адольфович Дыман (р. 1883) — безземельный крестьянин Виленской губ., в письме от 28 января 1910 г. прислал Толстому на отзыв 13 своих стихотворений, подписанных псевдонимом «Вандым»." ],
  "source" : "Письма 1910 гг."
}