{
  "id" : "102",
  "to" : [ {
    "firstName" : "Н",
    "lastName" : "Ге",
    "paternalName" : "Н",
    "originalEntry" : "* 102. H. Н. Ге (сыну)."
  } ],
  "date" : -2508951600000,
  "place" : "Я. П.",
  "content" : "* 102. H. Н. Ге (сыну).\nПолучил ваше письмо, милый друг, и очень был рад ему.\nЯ всё понял и заметил то, что вы (если пишу это, то пишу обдумав и с той мыслью, что, любя друг друга, мы обязаны говорить правду, ту, о которой прошу всех и вас для себя) многое объясните себе так (к чему мы все всегда склонны), чтобы то положение, в котором вы находитесь, представлялось тем самым, каким и должно быть.\nБудьте в этом строги и внимательны к себе. Повторяю то, что я, кажется, писал вам и что для меня всё уясняет по отношению и экономического (участия в труде) положения каждого человека, и брачного, и всяких других, а именно:\nЕсть жизнь злая, мирская, и учение, оправдывающее эту жизнь. Есть жизнь в сознании нашем, жизнь святая, божеская, и учение, определяющее эту жизнь. Все люди живут жизнью мирскою, злою и среди ее. Но одни не знают, не видят, не веруют в святую, божескую жизнь, и исповедуют учение мирское, и не хотят изменить своей жизни; другие знают и верят в святую жизнь и в ее учение и ненавидят и жизнь, и учение мирское. Эти последние (я про них только и говорю) для спасения себя от мирского зла и причастия к святой жизни, делают самые разнообразно бесконечные дела, сообразно с их характерами, прошедшим и условиями, в которых их застает сознание мерзости мирской и блага святой жизни.\nИ вот эти-то дела, начиная от стояния на столбу и поселения отца Дамиена на острове с прокаженными,1 до общины Алехиных, и от семейной жизни удовлетворения потребности потухающей похоти, до борьбы аскетической [[10]], — все хороши, если имеют источником стремление от сатаны к богу. Цену им знает только бог, потому что обе стороны параллелограмма, длина их сторон, выражающая необходимость материальную, характер условий и стремления к богу, известны только самому и богу, что одно и то же.\nТакого же положения, в котором всё будет хорошо, и легко, и просто, как вам кажется, — такого нет.\nИ тот, кто экономически весь живет чужими трудами, как вы, положим, жили в Твери и в Москве, и который соблазняется на женщин и мучается, и борется, и тот, который живет, как вы, или как Алехин, или как Чертков, и еще миллионы и миллионы разных положений — все равны. Неравенство только перед людьми.\nЧеловек борется напряженно с своими страстями, с прошедшим, с средой и, измученный, говорит себе: вот теперь я кончу, вот положение, в которое я вступлю и отдохну. (Так вы думаете, что, живя, кормясь и плодясь, как животное, и оставаясь разумным, вы достигнете отдыха.) Но это обман чувств, которому не надо предаваться.\nБороться — это самая жизнь, она только и жизнь. Отдыха нет никакого. Идеал всегда впереди, и никогда я не спокоен, пока не то что не достигну, а не движусь к нему.\nХотя бы идеал безбрачия. Не насыщение физического чувства, успокоив на время похоть, удовлетворит меня, как накормление всех голодных вокруг меня не удовлетворит меня в экономическом отношении. Удовлетворит вас только ясное созерцание идеала во всей его высоте, такое же ясное созерцание своей слабости во всей отдаленности ее от идеала и стремление приблизиться к идеалу. Удовлетворит только это, а не поставление себя в такое положение, в котором я, прищурившись, могу не видать различия своего положения от требования идеала.\n",
  "notes" : [ "Печатается по машинописной копии с датой «4 июня 1890 г.» из AЧ. Отрывок напечатан в сборнике «О половом вопросе. Мысли Л. Н. Толстого, собранные Владимиром Чертковым», изд. «Свободное слово», Christchurch 1901, стр. 28. Датируется записью в Дневнике Толстого 30 июня (см. т. 51, стр. 56).", "Ответ на несохранившееся письмо H.H. Ге (сына). См. об этом письме запись в Дневнике Толстого 29 июня (т. 51, стр. 55).", "1 Иосиф Дамиен де Вестер (1839—1889), бельгиец, миссионер, поселившийся в 1873 г. среди прокаженных на острове Молокаи (Гавайские острова) и сам заразившийся проказой." ],
  "source" : "Письма. 1890 г."
}