{
  "id" : "102",
  "to" : [ {
    "firstName" : "Т",
    "lastName" : "Сухотиной",
    "paternalName" : "Л",
    "originalEntry" : "102. Т. Л. Сухотиной."
  } ],
  "date" : -1919962800000,
  "place" : "Я. П.",
  "content" : "102. Т. Л. Сухотиной.\nОчень рад, милая Таничка, вызову мама написать тебе. Я и всегда и часто хотел бы писать тебе, если бы не был так стариковски слаб. Выпустишь свой заряд, а потом уж нет энергии. Но все-таки скажу, что чем больше старею, т. е. приближаюсь к другой жизни, тем лучше, радостнее и спокойнее жить здесь. Не скоро еще это узнает маленькая Таничка,1 но дай бог, чтобы узнала. Как вспомню, что скоро увижу вас всех троих милых — так улыбаюсь не только внутренно, но даже наружно. Целую вас.\nЛ. Т.\n",
  "notes" : [ "Приписка к письму С. А. Толстой. Впервые опубликована адресатом по-французски в журнале «Europe» 1928, 67, стр. 492. Датируется по письму С. А., Толстой.", "1 Дочь Т. Л. Сухотиной. См. прим. 3 к письму № 1." ],
  "source" : "Письма 1909 г."
}