{
  "id" : "102",
  "to" : [ {
    "firstName" : "Генриху",
    "lastName" : "фон",
    "paternalName" : null,
    "originalEntry" : "* 102. Генриху фон Зибольду (Heinrich von Siebold)."
  } ],
  "date" : -1979319600000,
  "place" : "30/мая Я. П.",
  "content" : "* 102. Генриху фон Зибольду (Heinrich von Siebold).\nGeehrter Herr!\nDanke Ihnen für die zugesandten Brochüren.1 Beide habe ich mit Vergnügen durchgelesen und theile vollständig Ihres Sympathie — u[nd] achtungsvolles und richtiges Verhalten China gegenüber. Ich denke dass die Ausgabe in deutscher Sprache des Buches: «Papers from a Viceroy’s Yomen» von Ku Hung Ming nicht ohne Nutzen sein kann. Ich schätze besonders sein: «Et nunc, reges, intelligitel».2 Mein Brief, als Vorwort zu dem Buche, steht Ihnen zu Diensten.\nLeo Tolstoy.\n13 Mai/30 Apr. 07.\nJasnaja Poliana.\n\nМилостивый государь!\nЛев Толстой.\n",
  "notes" : [ "Благодарю вас за присланные брошюры.1 Я с удовольствием прочел обе и вполне разделяю вашу симпатию и ваше почтительное и правильное отношение к Китаю. Я считаю, что издание книги Ку Хун-мина «Papers from a Viceroy’s Yomen» на немецком языке будет небесполезно. Я особенно ценю его «Et nunc, reges, intelligite!».2 Мое письмо, как предисловие к этой книге, к вашим услугам.", "13 мая/30 апр. 07.", "Ясная Поляна.", "Печатается по копировальной книге № 7, л. 347, куда вклеена рукописная копия Д. П. Маковицкого.", "Генрих фон Зибольд — сын немецкого естествоиспытателя и исследователя Японии Филиппа Франца фон Зибольда (1796—1866). Был на австровенгерской дипломатической службе в Японии и Китае. Автор книги: «Chinas Reformen und Fremden» Sonderabdruck aus «Deutsche Revue», April 1906.", "Ответ на письмо Зибольда от 26 апреля н. ст. 1907 г. Зибольд писал, что он вполне солидарен с взглядами Толстого на китайский народ, выраженными в письме к Ку Хун-мину 1906 г. (опубликовано под заглавием «Письмо к китайцу», см. т. 36). Зибольд, намереваясь перевести на немецкий язык и издать полностью или в отрывках книгу Ку Хун-мина «Papers from a Viceroy’s Yomen», просил у Толстого разрешения поместить в виде предисловия к переводу указанное выше «Письмо к китайцу», с тем чтобы привлечь этим больший интерес к книге.", "1 Зибольд прислал Толстому две брошюры: Alexander Freiherr von Siebold, «Denkwürdigkeiten aus dem Leben und Wirken von Ph. Fr. von Siebold zur Feier seines hundertjährigen Geburstags», Druck und Verl. von Leo Woerl, Würzburg, 1896, и свою указанную выше брошюру. Обе хранятся в яснополянской библиотеке.", "2 М. А. Ку Хун-мин (Ku Hung Ming), китайский ученый, профессор университета в Пекине, автор ряда трудов, часть которых переведена на европейские языки. См. о нем т. 36 и в книге «Tolstoi und der Orient», стр. 178—179. В письме речь идет о двух его книгах: «Papers from a Viceroy’s Yomen» [Schanghai?], 1901, и «Et nunc, reges, intelligite!» The moral Causes of the Russo-Japanese War», Schanghai, 1906. Их прислал Толстому автор в 1906 г. В яснополянской библиотеке сохранилась только вторая книга." ],
  "source" : "Письма. 1907 г."
}