{
  "id" : "102",
  "to" : [ {
    "firstName" : null,
    "lastName" : null,
    "paternalName" : null,
    "originalEntry" : "* 102. K. A. Михайлову."
  } ],
  "date" : -2366737200000,
  "place" : "г., лето. Я. П.",
  "content" : "* 102. K. A. Михайлову.\nДорогой Константин Анемподистович.\nЗаписку эту вам передаст Ив. Ив. Бочкарев,1 наш друг. Если что можно ему дать, что есть, то дайте.\nЦелую вас братски.\nЛ. Толстой.\n\nНа обороте: Кон. Анемпод. Михайлову.\n",
  "notes" : [ "Датируется на основании упоминания о И. И. Бочкареве (см. прим. 1). Константин Анемподистович Михайлов (1863—1931) — художник, сочувствовавший взглядам Толстого.", "1 Иван Иванович Бочкарев (1842—1915), революционер-шестидесятник; служил в тверском земстве. В 1895 г. жил в Овсянникове, близ Ясной Поляны, и познакомился с Толстым." ],
  "source" : "Письма 1840—1910 гг."
}