{
  "id" : "102",
  "to" : [ {
    "firstName" : "Т",
    "lastName" : "Ергольской",
    "paternalName" : "А",
    "originalEntry" : "* 102. Т. А. Ергольской."
  } ],
  "date" : -3308065200000,
  "place" : "Я. П.",
  "content" : "* 102. Т. А. Ергольской.\nПосылаю Машеньке кучу писем, к[отор]ые давно у меня лежат. Я всё ждал от вас известий, но увы, вы, кажется, все забыли про наше существование, так что мне делалось грустно. До вчерашнего дня мы жили благополучно, но вчера утром у Сони вдруг сделались страшные боли внизу живота. Она, вы знаете, нетерпелива и труслива. Она кричала и была уверена, что выкидывает, послали за Анн[ой] Лаз[аревной] и в Тулу за М[арьей] И[вановной] и Преображенским.1 Тут на беду приехал из Тулы Сережа2 с Лонгиновым, понимаете как некстати. Прибавьте к этому, что накануне с Сережей сделалось ночью опять то же удушенье и сухой кашель, к[отор]ый был с ним два раза.\nМ[арья] И[вановна] с Преображенским приехали часов в 6, и оказалось, что у Сони сильная простуда и начало воспаления. Ей поставили ночью 20 пиявок, и теперь, т. е. нынче, она стала есть, боль утихла и ей лучше; однако она должна, не вставая с постели, лежать еще 4 дня. Я ее перенес вниз и пишу внизу. Сереже давали рвотного, но ему всё еще не совсем хорошо, всё кашляет и ноет. —\nДней 5 тому назад мы его отняли от дудки и пошло было хорошо, но теперь эта болезнь. Таня маленькая тоже кашляет, но всем здорова.\nУ нас всё гости, то Фет с женой, то Марков3 с женой и сыном, то один, то Языков,4 то Ал[ександр] Гр[игорьевич]5 и Келлер. В Москве всё благополучно. Анд[рею] Евстаф[ьевичу] лучше. Про вас я ничего не знаю. Даже Сережа, к[отор]ый б[ыл] вчера с Лонгин[овым], ничего не рассказал.\nН[аталья] П[етровна], Дорка ощенилась нынче, все гадости, и я всех кроме 2-х забросил. —\nПрощайте, будьте здоровы и счастливы. —\n",
  "notes" : [ "Датируется сопоставлением с неопубликованным письмом С. А. Толстой к Т. А. Ергольской от 8 марта, в котором она писала о своем выздоровлении, об удушьях у сына Сергея и о том, что «уже 2 недели, как его отняли от дудки».", "Письмо адресовано в Пирогово, где Т. А. Ергольская гостила у М. Н. Толстой.", "1 Василий Герасимович Преображенский (1839—1887) — врач-акушер, доктор медицины. Был главным врачом Тульской больницы. См. некролог в газете «Врач», 1887, № 47.", "2 С. Н. Толстой.", "3 Евгений Львович Марков (1835—1903) — педагог и литератор. В 1859—1865 гг. был учителем, а потом инспектором тульской гимназии. Часто бывал в Ясной Поляне. Марковым написаны три статьи о педагогических взглядах Толстого.", "4 Михаил Александрович Языков, управляющий питейно-акцизными сборами Тульской губ.", "5 Александр Григорьевич Мичурин. См. о нем т. 83, стр. 284." ],
  "source" : "Письма. 1865 г."
}