{
  "id" : "102",
  "to" : [ {
    "firstName" : "Т",
    "lastName" : "Дудченко",
    "paternalName" : "С",
    "originalEntry" : "* 102. Т. С. Дудченко."
  } ],
  "date" : -2389978800000,
  "place" : "Москва.",
  "content" : "* 102. Т. С. Дудченко.\nДорогой Тих[он] Сем[енович]. Очень благодарен вам за ваше письмо.1 Знать, что делается близкими нам по духу людьми, и то, что над ними делается, нам всем очень нужно. Знать, что делают люди во имя учения Христа, как, напр[имер], то, что делал Дрожжин, кот[орый], как вы знаете, вероятно, был замучен и умер за истину, или даже что, как вы пишете, делается у вас, где чужие люди сходятся для того, чтобы жить братскою любовью, — знать это нам всем поучительно и ободрительно. Самая действительная проповедь есть проповедь жизнью, примером и потому, чем больше известны другим людям христианские дела, тем это лучше. Знать же, что всем тем, кот[орые] пойдут по пути Христа, предстоят гонения и страдания, еще более полезно знать для того, чтобы люди делали свои дела не для своей выгоды, а для бога. Я на днях был в Воронежской губернии у Черткова и был там у крестьянина Емельяна Ещенко. который последние годы был руководителем общины духовных христиан, отказавшихся от церкви, хотя и не открыто, и старавшихся в жизни исполнить учение Христа. Емельян человек очень умный и искренно верующий и потому ему в последнее время показалось противным духу христианскому те почести, кот[орые] ему оказывали, то повиновение, кот[орое] они к нему имели, и все те обряды, кот[орые] у них установились, и он отказался быть руководителем, говоря, что руководителем каждого может быть только Христос или истина. И отказ его вызвал большое недовольство. Я же считаю, что он поступил вполне разумно. Я рассказываю вам этот случай для того, чтобы узнать, есть ли у вас что-либо подобное, есть ли известные формы и обряды? Я же думаю, что все такие формы и обряды служат большей частью признаком ослабления истинного христианского духа, кот[орый] выражается всегда в делах любви, а не в общественных молитвах, постах, собраниях и т. п. — Как у вас? Дай бог, чтобы не складывались такие формы, служащие признаком омертвелости, а была бы, как теперь, деятельная, живая любовь, выражающаяся взаимной помощью и единением.\nПередайте мою любовь всем людям, знающим меня.\nЛюбящий вас Л. Т.\n",
  "notes" : [ "Печатается по копии, написанной рукою М. А. Шмидт. Дата копии.", "Тихон Семенович Дудченко (1853—1920) — из г. Сум Харьковской губ., бывший студент юридического факультета Петербургского университета. Оставив университет, занялся земледельческим трудом. С Толстым познакомился в 1889 г. и бывал у него несколько раз в Ясной Поляне. В 1892 г. был административно выслан на два года из Харьковской губ.; жил одно время в общине на хуторе «Водопад» близ Пятигорска, а затем в Кисловодске, где имел небольшой участок земли.", "1 Письмо это неизвестно." ],
  "source" : "Письма. 1894 г."
}