{
  "id" : "102",
  "to" : [ {
    "firstName" : "Н",
    "lastName" : "Страхову",
    "paternalName" : "Н",
    "originalEntry" : "102. H. Н. Страхову."
  } ],
  "date" : -3007652400000,
  "place" : "Я. П.",
  "content" : "102. H. Н. Страхову.\n10 сентября.\nНе успел я еще получить ответа от вас, дорогой Николай Николаевич, на последнее письмо и, главное, на то, что согласны ли вы исполнить мою просьбу о коректурах статьи, как я уж опять к вам с просьбой о коректуре листа романа. Я сдал один лист в Москве1 в типографию и велел послать к вам.2 Жду с нетерпением и волнением вашего ответа. Как вы приняли эту мою бессовестность? Или же — утешаю себя — как ни велика моя бессовестность, ваше расположение ко мне превышает ее.\nНе смею просить вас назначить вознаграждение, но если бы вы назначили его, я бы еще больше считал себя обязанным вам. Вы и поощряли меня печатать и кончать этот роман, вы и избавьте его от безобразий. Погода так хороша, и всяких хлопот у меня так много, что я и не смею думать о работе. Попробовал приняться, но так напутал, что должен был бросить. Что вы поделываете? И как действует на вас эта чудная погода? Меня она и радует и волнует.\nВаш Л. Толстой.\n",
  "notes" : [ "Впервые опубликовано в книге «Лев Николаевич Толстой. Сборник статей и материалов», М. 1951, стр. 676. Год определяется на основании пометки Страхова на автографе: «10 сент. 1874 г. Ясная».", "1 Около 9 сентября Толстой ездил в Москву в поисках гувернера.", "2 Речь идет о пятом — последнем набранном листе приостановленного отдельного издания «Анны Карениной». Корректурная правка его помечена Страховым 17 сентября." ],
  "source" : "Письма. 1874 г."
}