{
  "id" : "102",
  "to" : [ {
    "firstName" : "Софье",
    "lastName" : "Толстой",
    "paternalName" : "Андреевне",
    "originalEntry" : null
  } ],
  "date" : -3075735600000,
  "place" : "Хутор на Тананыке.",
  "content" : "102.\n13-го.\nПишу с хутора. Доехали с Тимротом благополучно. Слухи о1 порядочном урожае не оправдались. Очень плохо. Я еще не видал полей всех; но по тому, что видел и слышал, думаю, что не вернешь затраченнаго, тем более, что непременно надо опять посеять столько же. Надо посеять по тому, что после двух лет плохих надо ожидать хорошие, и остановиться теперь было бы глупо. Тимротъ2 писал о том, что он видел весной, а потом сделалось такое бедствие, какого не запомнят старики; и травы, и хлеба сгорели от жара, земля была черная, и народ стал разбегаться от страха голода. Теперь все не нарадуются на благодать, что есть травы и в хлебе хоть что нибудь. В денежном отношении наши самарския дела вот какия будут: Придется отдать Тимроту от 2000 до 3000 на уборку и пахоту для будущаго года и надо надеяться, что он мне пришлет, продавши пшеницу, назад от 2-х до 3-х тысяч и кроме того обзаведет хутор так, что на будущий год можно будетъ3 приехать, и будет совсем независимое хозяйство.\nНынче несчастный год, но, не смотря на это несчастье, можно сказать, что самарская земля принесет 8%. Можно сказать, что 8%, потому что, хотя ничего денег не получится, обзаведение хутора стоит уже не менее 2000. Покосов было отдано на 670 р[ублей].\nВпрочем, в письме все не объяснить. Разскажу о самом хуторе и доме. Место не на Тананыке, а на месте стараго хутора, очень хорошее в хозяйственном отношении и очень веселое. Первое впечатление очень приятное было мне и верно тебе будет; несмотря на то, что пруд еще без воды. —\nДом старенький (это неприятно), серенький; но кажется, что будет совершенно достаточный для нас. В нем нет еще перегородок, a две большия горницы, и я сделал план расположения, который тебе посылаю. Кроме того, уж готова огромная кухня для прикащика и рабочих, и еще построится кухня для нас. Кроме того, погреб, кладовая, амбарчик. Это все из землянаго кирпича с земляным полом. — Кроме того, в стороне от хутора огромный амбар. Все это почти готово. —\nЕсть 5 лошадей и плетушка, и я делаю распоряжение о покупке коров, овец, хомутов, кур и т. д.\nТимрот очень честный человек, но, как кажется, был стеснен деньгами (он строил дом в городе), и счеты у него по моему хозяйству смешаны с своими; он сам мне это говорил.\nИ что вывод счетов теперь тот, что немного моих денег за ним. Он честный человек наверное; но очень мне противный, равно и его вся семья, и его участие в моем деле, хотя и очень полезное, мне очень противны. Купчая4 и исполнительный лист давно готовы, но не введен во владенье, потому что 450 р. поземельных не заплачены. — О себе. Мы приехали в середу к Тимроту вечером.5 Я ночевал у него и уехал вчера, с ним к себе,6 и первую ночь выспался. Посылал к Башкирцам за кумысом, и потому с кумысом матерьяльная жизнь обезпечена. Нынче приехал ко мне из Гавриловки,7 которая за 6 верст видна из хутора, мой друг, мужик Василий Никитыч,8 и привез кур, молока, яиц. Дождь идет ливнем, и я пережидаю, чтобы ехать к Тимроту. Он нынче уезжает в Самару, и я с ним переговорю обо всем и отправлю письмо. Главное дело то, что хлеб, что есть, поспеет не скоро, да и не веселит, и потому я только осмотрю поля, выберу места для посева, съезжу на один продающийся участок, осмотреть его. Если будут деньги, чтоб купить и вернусь гораздо раньше, чем я думал. В следующем письме,9 я напишу тебе определенно, когда именно вернусь, а теперь еще не могу, потому что это я решил нынче, и не видал еще ни полей, ни с Тимротом не переговорил.\nПро свое телесное состояние могу сказать, что ничто не болит, и дорогу перенес отлично; про душевное — разумеется, неловко, неполно, и точно я сплю. Не позволяю себе думать. Здесь на хуторе живет прикащик, молодой холостой малый и солдат. Кругом везде народ на покосах и на пахоте. Тимофей очень мне полезен и мил. —\nС Петей бы я остался здесь 4 недели, потому что утешался бы мыслью, что ему в пользу; и точно; что здесь за воздух — это нельзя понять, не испытавши; — но одному — не то что скучно, а совестно вырыват из своей счастливой и полезной жизни время на пустяки. А работать без тебя — без того, чтоб знать, что ты тут, я, кажется, не могу. Скажи Степе,10 какая жалость, — Вас[илия] Ник[итыча] милая девочка, внучка Саша, умерла корью.\nПрощай, душенька, напишу тебе через три дня.\nА когда буду ехать, телеграфирую. —\nДетей целуй и всех наших.\n\n\n\n",
  "notes" : [ "Печатается по автографу, хранящемуся в АТБ. Впервые напечатано по копии, сделанной С. А. Толстой в ПЖ, стр. 98—101. Датируется на основании даты предшествующего письма от 12 июля и слов данного письма: «Мы приехали в середу [12 июля] к Тимроту вечером. Я ночевал у него и уехал вчера с ним к себе, и первую ночь выспался», свидетельствующих, что прошло две ночи, т. е. двое суток. Дату Толстого 13-го следует признать ошибочной.", "1 Зачеркнуто: хоро[шемъ]", "2 Зачеркнуто: ошиб", "3 Зачеркнуто: совсѣмъ", "4 Купчая на землю, приобретенную Толстым, утверждена самарским Старшим нотариусом 9 сентября 1871 г.", "5 Толстой с парохода приехал к Тимроту на дачу под Самарой. Оттуда они вдвоем отправились в имение Тимрота, находившееся вблизи хутора Толстого. Приехав вечером 12 июля, Толстой первую ночь переночевал в имении Тимрота, после чего он направился на свой хутор.", "6 Зачеркнуто: нынче", "7 Гавриловка — казачье село при речке Съезжей (приток Самары) в 70 верстах от Бузулука. В Гавриловне, по сведениям 1859 г., было 203 двора и 1700 жителей.", "8 «Крестьянин села Гавриловки, очень дружелюбно относившийся ко Л. Н. Говорил про чай, что он в чаю средствие (любимое его слово) нашел» (н. п. С. А.) См. о нем у Ильи Толстого «Мои воспоминания». М. 1914, стр. 59.", "9 Такого письма в архиве не имеется.", "10 С. А. Берсу, ездившему с Толстым на кумыс летом 1871 г." ],
  "source" : "Письма к С. А. Толстой 1862-1910 гг."
}