{
  "id" : "102",
  "to" : [ {
    "firstName" : "Ф",
    "lastName" : "Желтову",
    "paternalName" : "А",
    "originalEntry" : "* 102. Ф. А. Желтову."
  } ],
  "date" : -2602609200000,
  "place" : "около Я. П.",
  "content" : "* 102. Ф. А. Желтову.\nФедор Алексеевич! Повесть вашу1 получил. По духу и содержанию она очень хороша....2\nВ общем радуюсь общению с вами. Дело не в том, чтобы писать, а в том, чтобы жить христианскою жизнью; вот величайшее художественное произведение, доступное человеку. Будем же стараться его производить, а по мере достижения этого и наши слова и писания будут хороши и нужны людям.\nБратски целую вас.\n",
  "notes" : [ "Печатается по копии. Датируется по указанию Ф. А. Желтова.", "1 Рукопись рассказа Ф. А. Желтова «На Волге, или злом горю не поможешь», напечатанного вскоре в «Посреднике».", "2 Пропуск в копии. Об этом Ф. А. Желтов сообщил: «Пропущено в письме замечание Льва Николаевича относительно недостатка более художественного изложения начала повести, именно: «почему не излагается событиями и переживаниями то, что мать передает сыну в своем пересказе из всего ею пережитого» (из письма Ф. А. Желтова к В. С. Мишину от 26 августа 1927 г.). Слова, приписываемые Толстому, взятые здесь Желтовым в кавычки, воспроизводятся им по памяти." ],
  "source" : "Письма. 1887 г."
}