{
  "id" : "102",
  "to" : [ {
    "firstName" : "И",
    "lastName" : "Панаеву",
    "paternalName" : "И",
    "originalEntry" : "102. И. И. Панаеву."
  } ],
  "date" : -3614698800000,
  "place" : "Его Высокоблагородию Ивану Ивановичу Панаеву.",
  "content" : "102. И. И. Панаеву.\nМилостивый Государь!\nИван Иванович!\nЧтобы сдержать свое обещание1 и прислать Вам Разсказ Юнкера для 7-ой книжки Современника, посылаю его Вам непереписанным в немножко непрезентабельном виде. Вы заметите однако, что, несмотря на перемарки, все очень четко и ясно.2 Я очень боюсь, чтобы Вы не приняли небрежность переписки за небрежность сочинения, напротив, ни один разсказ мне не стоил столько труда и времени, поэтому [вырезано несколько строк] ли бы были исключены, уничтожили бы весь смысл разсказа, хотя то, что он мне стоил много времени, нисколько не доказывает мне его достоинства; напротив, он мне кажется очень сомнительным, и так как я его никому не показывал, то мне очень интересно будет узнать о нем Ваше мнение, которое и прошу Вас очень поскорее сообщить мне и совершенно откровенно. Следующий разсказ будет Севастопольской.3 Он немного не поспеет к VII книжке, о чем я весьма жалею, тем более, что Вы в примечании к моей статье обещали современныя статьи, тогда как я обещал только военныя.4 Как бы то ни было, ежели Вы найдете разсказ этот в настоящем виде стоющим печатания, печатайте, ежели нет, пришлите мне его обратно5 — Затем с нетерпением ожидая Вашего ответа, с совершенным уважением имею честь быть [вырезано несколько строк].\n16 июня 1855.\nБуюк Сюрень.6\n\nНа 4 странице:\nЕго Высокоблагородию Ивану Ивановичу Панаеву.\n",
  "notes" : [ "Печатается по автографу, хранящемуся в ИРЛИ. Впервые опубликовано М. А. Цявловским в «Красной нови», 1928, 9, стр. 218—219.", "1 В письме к И. И. Панаеву от 14 июня 1855 г. № 101 Толстой писал,, что надеется дня через три послать «Рассказ юнкера».", "2 Толстой имеет в виду рассказ «Рубка лѣса», начатый еще в июне 1853 г. В дневнике Толстого под 16 июня 1855 г. записано: «Окончил «Записки юнкера» нечетко и нехорошо, но послать можно». 17 июня: «...работал всё над «Записками юнкера»; 18 июня: «Утром кончил «Записки юнкера», написал письмо и послал». Посланная Панаеву рукопись рассказа до нас не дошла.", "3 Имеется в виду рассказ «Севастополь в мае».", "4 См. письмо И. И. Панаева от 19 мая, приведенное в прим. к п. № 101.", "5 «Рубка лесу. Рассказ юнкера» с посвящением И. С. Тургеневу, был напечатан в «Современнике» 1855, № 9 с датой: «1855 года 15 июня» и подписью: «JI. Н. Т.».", "6 Буюк-Сюрень или Буюк-Сюйрень — татарская деревня в долине р. Бельбека, на Ялтинском шоссе, в 12 в. от Бахчисарая.", "На это письмо Панаев отвечал письмом, полученным Толстым 20 июля (запись в дневнике) и до нас не дошедшим." ],
  "source" : "Письма. 1855 г."
}