{
  "id" : "102",
  "to" : [ {
    "firstName" : "М",
    "lastName" : "Оболенской",
    "paternalName" : "Л",
    "originalEntry" : "102. М. Л. Оболенской."
  } ],
  "date" : -2109265200000,
  "place" : "конец. Я. П.",
  "content" : "102. М. Л. Оболенской.\nХоть несколько слов напишу тебе, милая моя голубушка Маша. Хочется сказать: как жаль, что поправляюсь, а ты болеешь. Мне хорошо и болеть, а тебе нехорошо. Впрочем, судя по твоему последнему, вчерашнему, письму, и ты сумеешь воспользоваться своей болезнью. Но это лучше делать дома. Надеюсь, что теперь ты с Таней и на месте и виделась с Пошей, и бодра, и здорова, и радуешься на голубое озеро. У нас хорошо, хорошо и у меня специально. Я не скажу, чтобы не работалось. Я занят своим определением жизни, ты знаешь, и понемногу ковыряю то послесловие,1 то Х[аджи]-М[урата].\nМного писем пишу. Прощай, целую вас всех, большую компанию.\nЛев Толстой.\n",
  "notes" : [ "Впервые опубликовано в «Современных записках» 1926, XXVII, стр. 273—274. Датируется сопоставлением с письмами от 20 марта (см. № 94) и 1 апреля (см. № 120).", "1 Статья «К политическим деятелям»." ],
  "source" : "Письма. 1903 г."
}