{
  "id" : "102",
  "to" : [ {
    "firstName" : "Н",
    "lastName" : "Страхову",
    "paternalName" : "Н",
    "originalEntry" : "102. H. Н. Страхову."
  } ],
  "date" : -2352654000000,
  "place" : "Я. П.",
  "content" : "102. H. Н. Страхову.\nВчера получил ваше письмо, дорогой Н[иколай] Н[иколаевич], и очень огорчился и тем, что ничего не знал, чтò происходит с вами, что вы не сочли нужным известить меня, нас об этом, т. e. о важном происходящем с вами событии: болезни и операции. Мне хотелось бы, чтобы вы знали, что вы не одиноки, что мы, я, всей душой сочувствую тому, что происходит с вами: горю, радости (этого мало у вас), опасностям, которым вы подвергаетесь. Огорчен же был, главное, тем, что много пострадали и теперь еще, может быть, страдаете. Выздоравливайте поскорее и приезжайте к нам; с удесятеренным желанием видеть вас вообще, видеть вас у себя и, если возможно, содействовать восстановлению ваших сил ждем вас к первому июля. Тяжелый нынче год, много больных. Я тоже не переставая хвораю разными болезнями: и своей желчной — второй сильнейший припадок был третьего дня — и инфлуэнцией, и мочевым каналом. Вообще разлад, и чувствую, что всё ближе и ближе подвигаюсь к последнему путешествию, что не мешает мне, однако, заниматься всё тем же своим делом в светлые, сильные минуты. Как вы в этом отношении? Меня очень заинтересовали ваши слова о том, что вам многое мне хотелось рассказать. Ваша внутренняя жизнь меня очень интересует и представляется мне значительной, несмотря на внешнее ее однообразие. Нынче приехал к нам на один день Сережа с своей невестой. Они, кажется, очень любят друг друга, но мне всегда страшно за любящих людей, когда они женятся, вроде того как страшно за родильницу, только в этом случае больше несчастных, чем счастливых родов. Я знаю, что вы часто тоскуете от своего одиночества, вероятно теперь более, чем когда-нибудь. Не тоскуйте, а цените свою свободу, которую вы не чувствуете, как здоровый — здоровье. Прощайте пока, до свидания, если бог велит. Обнимаю вас и очень люблю.\nЛ. Толстой.\n13 июня 1895.\n\nПрочтите в Русской Мысли, май, статью о математике,1 мне очень понравилась, желал бы знать ваше мнение. Статья Вл. Соловьева о нравственности,2 напротив, очень не понравилась мне; в нем нет бессознательной внутренней оригинальности.\n",
  "notes" : [ "Впервые опубликовано в сборнике ТТ, 2, стр. 61—62.", "1 Речь идет о статье московского педагога Всеволода Петровича Шереметьевского (1850—1919), под заглавием «Математика, как наука, и ее школьные суррогаты», напечатанной в «Русской мысли» 1895, № 5, стр. 105—125, за подписью «Вс. Шерский»; в ней доказывается глубокая устарелость, или даже архаичность методов, положенных в основу школьного преподавания, и необходимость ввести в него основные понятия о функции и элементы исчисления бесконечно малых.", "2 Владимир Сергеевич Соловьев (1853—1900), философ-идеалист и поэт. См. о нем и об отношении к нему Толстого в т. 62. Статья его «Религиозное начало нравственности» была напечатана в «Книжках Недели» 1895, 4, стр. 72—89." ],
  "source" : "Письма. 1895 г."
}