{
  "id" : "103",
  "to" : [ {
    "firstName" : "Гр",
    "lastName" : "Н",
    "paternalName" : "С",
    "originalEntry" : "* 103. Гр. С. Н. Толстому."
  } ],
  "date" : -3613230000000,
  "place" : "Рапорт.",
  "content" : "* 103. Гр. С. Н. Толстому.\nГ-ну поручику Стрелковаго Императорской Фамилии Полка Графу Толстому\n\nНачальника Горной Артилле- рии Южной Армии и Морских и сухопутных сил, в Крыму расположенных, Артиллерии Подпоручика и кавалера Графа Толстаго\nРапорт.\nВследствии продолжительнаго молчания Вашего и моего Сиятельства, имею честь почтительнейше донести, что сие обоюдно было весьма глупо, и что я с своей стороны намерен исправить сию ошибку и впредь не впадать в оную, о чем по- корнейше прошу и Ваше Сиятельство. —\nНачальник Горной Артиллерии Подпоручик\nГраф Толстой.\n№ 54\n3 Июля 1855 г.\nПозиция при р. Бельбек.\nХотел было не писать больше ничего, с тем, чтобы только узнать где ты (хотя я знаю, что ты был в Суздале, но должен был перейти в Петербург, а сам хотел ехать в Пирагово), но потом вообразиль себе, как ты бы обозлился и несколько раз назвал бы меня — «самым пустяшным малым», но главное, что самому захотелось разсказать и разспросить кое-что, хотя и сильно сомневаюсь, дойдет ли и когда к тебе это письмо. Хотя ты верно знаешь через наших,1 где и что я делал, повторю тебе свои похождения с Кишинева, тем более, что может быть для тебя будет интересно то, как я их разсказываю, а поэтому ты узнаешь, в какой я фазе нахожусь — так как уж видно моя судьба всегда находиться в какой нибудь фазе. Из Кишинева 1-го Ноября я просился в Крым, отчасти для того, чтобы видеть эту войну, отчасти для того, чтобы вырваться из Штаба Сержпутовскаго, который мне не нравился, а больше всего из патриотизма, который в то время, признаюсь, сильно нашел на меня. — В Крыму я никуда не просился, а предоставил распоряжаться судьбой начальству; меня прикомандировали к батарее в самый Севастополь, где я пробыл месяц весьма приятно, в кругу простых добрых товарищей, которые бывают всегда особенно хороши во время настоящей войны и опасности. В Декабре нашу батарею отвели к Симферополю, и там я прожил 11/2 месяца в удобном помещичьем доме, ездил в Симферополь танцовать и играть на фортапьянах с барышнями и охотиться на Чатырдагъ2 с чиновниками за дикими козами. В Январе опять была тасовка офицеров, и меня перевели в бат[арею], кот[орая] стояла на горах в 10 в. от Севастополя на Бельбеке.3 Там j’ai fait à la connaissance de la mère de Кузьма,4 самый гадкий кружок полячишек в батарее, командир, хотя и доброе, но сальное, грубое создание, никаких удобств, холод в землянках.5 Ни одной книги, ни одного человека, с кот[орым] бы можно поговорить. И тут то я получил 1500 р. на журнал, кот[орый] уж был отказан, и тут то я проиграл 2500 р. и чем доказал всему миру, что я все таки пустяшный малый, хотя предъидущия обстоятельства и могут быть приняты comme circonstances atténuantes,6 все таки очень, очень скверно. В Марте стало теплей, и приехал в батарею милый отличный человек Броневской, я стал опоминаться, а 1-го Апреля батарея во время самаго бомбардирования пошла в Севастополь, и я совсем опомнился. Там до 15 Мая, хотя и в серьезной опасности, т. е. по 4 дня через 8 дней дежурным на батарее 4-го бастиона, но весна и погода отличная; впечатлений и народа пропасть, все удобства жизни, и нас собрался прекрасный кружок порядочных людей, так что эти 11/2 месяца останутся одним из самых моих приятных воспоминаний. 15 мая Горчак[ову] или Началь[нику] Артил[лерии] вздумалось поручить мне сформировать и командовать Горным взводом на Бельбеке — 20 в. от Сев[астополя], чем я чрезвычайно до сих пор доволен во многих отношениях. Вот тебе общее описание, в следующем письме напишу подробнее о настоящем. —\nАдресом моим пожалуйста никогда не затрудняйся — всегда в Главный Штаб Крымской Армии и больше ничего. — Про себя, кроме того, что тебе придет в голову, напиши мне пожалуйста две вещи. 1) Зачем и отчего ты пошел на службу и доволен ты ли ею и 2-е) Чем ты решил с Машей.7 Вчера ночевал у меня Ферзен,8 который у князя по особым по- ручениям, и немного поразсказал мне про тебя. —\n",
  "notes" : [ "Печатается по автографу, хранящемуся в ГТМ. Впервые отрывок пз письма опубликован П. И. Бирюковым в Б, I, 1906, стр. 248—250 (с неверной датой «май»); в несколько большем виде дано П. А. Сергеенко в ПТС, I, стр. 49—51; в еще более полном виде в Бир., XX, 1913, стр. 141—143. —", "1 Между письмами к Т. А. Ергольской от 7 мая и 4 августа было еще по крайней мере одно от конца мая, на которое отвечала Т. А. Ергольская 3 июля следующим письмом. Приводим его не полностью:", "«Где ты теперь, дорогой, обожаемый мой Léon? В последнем твоем письме, полученном 16 июня, ты пишешь, что ты в Бахчисарае, в прекраснейшем на свете крае, что ты сделан командующим горной артиллерией, и что это назначение тебе приятно. Со своей стороны, я порадовалась, что ты доволен службой, а, главным образом потому, что ты не в горестном Севастополе, в городе крови и бойни. Я всегда боялась за тебя (как и писала в своем последнем письме), покуда ты там находился, опасности войны, отравленного воздуха, которым ты дышал, очагов заразных болезней, всё это возбуждало страх за твою бесценную жизнь. Всевышний господь услышал мои усердные моленья, сжалился над моими терзаниями и сохранил тебя от ужасов войны. Письмо твое с этими добрыми вестями принесло с собою радость и счастье, и сердце мое успокоилось. Но с тех пор прошло больше месяца, от тебя нет письма, и я опять тревожусь. Напиши мне хотя несколько слов, дорогой Léon, только, чтобы меня успокоить. Все жалуются на тебя; ты никому не пишешь, ни Валерьяну, ни Николеньке, а от Тургенева знаю, что ты здоров, так как ты писал Панаеву, который и говорил ему об этом письме. В нем упоминается о новом твоем сочинении; радуюсь, что свое время ты употребляешь, на полезное и приятное. Все с ума сходят от твоих сочинений! Твое описание Севастополя в декабре месяце — великолепно; я прочла эту статью в Русском инвалиде. Мне не приходится хвалить тебя; что бы я ни сказала, показалось бы вульгарным в сравнении с оценкой, высказанной этой газетою, где говорится, что хотим познакомить с истинно превосходной статьею. И точно, невозможно ничего лучше этого написать. Я виделась недавно с Николенькой, много говорила с ним об этом описании Севастополя; он тоже, и все знакомые в восхищении от твоих сочинений; продолжай, милый Лева, заниматься литературой, ты уже себя очень прославил своими сочинениями, ты одарен удивительными способностями, употребляй их на пользу; и отбрось все другие слабости, которые тебя ни к чему доброму не поведут, а только могут навсегда расстроить твои дела». (Оригинал по-французски; публикуется впервые; подлинник в АТБ.)", "Ты писал Панаеву. — Т. А. Ергольская несомненно имеет в виду письмо Толстого к Некрасову от 30 апреля, которое за Некрасова получил Панаев и о котором, очевидно, писал Тургеневу в Спасское (письмо Панаева к Тургеневу в печати неизвестно). В письме к Некрасову от 30 апреля Толстой писал о своих военных статьях, которые и нужно разуметь под сочинением, как пишет Ергольская. Севастополь в декабре был перепечатан в извлечениях в «Русском инвалиде» (№ 122 от 5 июля 1855 г.). Этот номер Ергольская вероятнее всего получила от Тургенева, так как он то же впервые прочел «Севастополь в декабре» в этой газете, о чем писал Панаеву 27 июня 1855 г. (См. И. И. Панаев «Литературные воспоминания с приложением писем разных лиц», Спб., 1888, стр. 400.)", "2 Чатыр-даг — (от татарского «шатер-гора»). Одна из высших вершин крымских гор (в. 5003 ф.), расположенная на юго-восточном берегу полуострова.", "3 Об этом см. прим. 4 к п. № 95.", "4 Я познакомился с Кузькиной матерью.", "5 О командире и офицерах батареи в дневнике Толстого под 23 января записано: «Филимонов, в чьей я батарее, самое сальное создание, которое можно себе представить. Одаховский, старший офицер, гнусный и подлый полячишка, остальные офицеры под их влиянием и без направления». О Филимонове, кроме того, что его имя начиналось на букву «В», мы не располагаем никакими сведениями. В АТБ сохранилось письмо его дочери, которая в 1890-ых годах писала Толстому, что он остался должен ее отцу, как говорил ей последний.", "6 как обстоятельства, уменьшающие вину.", "7 Мария Михайловна Шишкина. О ней см. прим. 16 к п. № 12.", "8 Герман Егорович Ферзен. О нем см. прим. 2 н п. № 12." ],
  "source" : "Письма. 1855 г."
}