{
  "id" : "103",
  "to" : [ {
    "firstName" : "Е",
    "lastName" : "Молоствовой",
    "paternalName" : "В",
    "originalEntry" : "* 103. Е. В. Молоствовой."
  } ],
  "date" : -2073150000000,
  "place" : "Я. П.",
  "content" : "* 103. Е. В. Молоствовой.\nЕлисавета Владимировна,\nМое понимание евангелия и вообще учения Христа я, как умел, изложил в моих писаниях, издаваемых в Англии: Christchurch, Hants, V. Tchertkoff.\nОчень буду рад, если эти книги (в особенности Христианское учение) разъяснят вам ваши сомнения, так же, как я разъяснил себе свои сомнения. В разговоре же я едва ли могу сказать что-либо новое.\nКроме того, приезд ко мне всегда очень стесняет меня сознанием того разочарования, к[оторое] должен испытывать приехавший.\nЕсли могу чем-либо в переписке служить вам, буду очень рад. Желаю вам самого лучшего, наибольшей преданности воли божьей и веры в ее благость.\nЛев Толстой.\n22 апреля 1904.\n\n",
  "notes" : [ "Елизавета Владимировна Молоствова, рожд. Вер (1873—193?) — этнограф, автор книг и статей по истории русского сектантства.", "Первые три письма Молоствовой к Толстому, от 9 апреля, 2 июня и 3 декабря 1904 г., написаны до ее знакомства с ним. Молоствова познакомилась с Толстым 26 апреля 1905 г. в Ясной Поляне. Вторично посетила Ясную Поляну 14 мая 1906 г., затем летом 1908 г. и в феврале 1910 г. Последний раз Молоствова была у Толстого 21—22 октября 1910 г. Ответ на письмо Молоствовой от 9 апреля 1904 г., в котором она писала о своей близости к нему по взглядам, о своих духовных исканиях и своих сомнениях." ],
  "source" : "Полное собрание сочинений. Том 75"
}