{
  "id" : "103",
  "to" : [ {
    "firstName" : "Э",
    "lastName" : "Ухтомскому",
    "paternalName" : "Э",
    "originalEntry" : "* 103. Э. Э. Ухтомскому."
  } ],
  "date" : -2264526000000,
  "place" : "Москва.",
  "content" : "* 103. Э. Э. Ухтомскому.\nДорогой Эспер Эсперович,\nВаш план о выселении духоборов в Манджурию мне очень понравился. Это дает возможность правительству избавиться от затруднительного положения и вместе с тем даст для постройки Китайской железн[ой] дороги прекрасную рабочую силу. Для духоборов же, если бы они были поселены вдоль дороги, это дало бы заработок, посредством которого они скорее бы могли оправиться и обзавестись. Между тем, Накашидзе сказал мне, что вы указываете место поселения в Китайском Туркестане. Мне кажется, что первый план гораздо лучше, и потому пишу вам, боясь, чтобы вы не подали записку об этом деле с предложением поселения в Китайском Туркестане.1 Жена мне говорила, что вы хотели приехать в Москву, и я очень радовался этому.2 Если это неудобно, то напишите мне, и тогда постараемся обдумать дело в письмах.\nПисьмо мое с обращением к русскому обществу3 нужно бы напечатать, хотя и когда-нибудь после, но нужно напечатать, п[отому] ч[то] я написал письмо в англ[ийские] газеты об этом же и надо бы, прежде чем обращаться к иностранцам, обратиться к своим.\nТак вот, любезный князь, мои предположения. Что вы на это скажете?\nЛюбящий вас Лев Толстой.\n29 марта 1898.\n",
  "notes" : [ "Печатается по листу копировальной книги.", "1 О планах Э. Э. Ухтомского Толстой знал от ездившего в Петербург И. П. Накашидзе. См прим. к письму № 73.", "26 марта 1898 г. Ухтомский обратился к министру иностранных дел Муравьеву с письмом, в котором указывал на желательность выселения духоборов в Монголию. Он писал: «Органически срастаясь с «желтым Востоком», нам пора вкрапливать в него свои добрые семена. Если основная мысль Вам покажется правильной, то охотно позволю себе представить и детали довольно ясно мне рисующегося плана, как привести это в исполнение» («Дело архивное, 1 ст. Распорядительного отделения канцелярии главноначальствующего гражданской частью на Кавказе. О разрешении духоборам выселиться за границу». Началось 4 ноября 1897 г., кончилось 5 июня 1901 г.).", "План Ухтомского встретил в административных кругах отрицательное отношение.", "2 С. А. Толстая видела Ухтомского в свой приезд в Петербург 19—24 марта. В начале апреля Ухтомский был в Москве, но повидаться с Толстым не решился из осторожности.", "3 См. письмо в «С.-Петербургские ведомости», № 71." ],
  "source" : "Письма. 1898 г."
}