{
  "id" : "103",
  "to" : [ {
    "firstName" : "Е",
    "lastName" : "Молоствовой",
    "paternalName" : "В",
    "originalEntry" : "* 103. Е. В. Молоствовой."
  } ],
  "date" : -1977850800000,
  "place" : "Я. П.",
  "content" : "* 103. Е. В. Молоствовой.\nОчень рад был получить известие о вас, милая Лизавета Владимировна, и еще более рад тому, что вы намерены навестить нас. Пожалуйста, исполните это.1\nДружески жму вашу руку.\nОб иеговистах2 я мало знаю и очень рад буду узнать.\nЛев Толстой.\n30 апр. 1907.\n",
  "notes" : [ "Об Елизавете Владимировне Молоствовой (1873—193?) см. т. 75, стр. 83. Ответ на письмо Е. В. Молоствовой от 8 апреля 1907 г., с просьбой разрешить ей приехать «на несколько часов» в Ясную Поляну. В том же письме Молоствова сообщала о своей работе над материалами о секте иеговистов.", "1 Е. В. Молоствова приезжала в Ясную Поляну 8 мая.", "2 В подлиннике: иеговистов" ],
  "source" : "Письма. 1907 г."
}