{
  "id" : "103",
  "to" : [ {
    "firstName" : "А",
    "lastName" : "Калмыковой",
    "paternalName" : "М",
    "originalEntry" : "103. А. М. Калмыковой."
  } ],
  "date" : -2314206000000,
  "place" : "Я. П.",
  "content" : "103. А. М. Калмыковой.\nМногоуважаемая\nАлександра Михайловна,\nОчень рад был бы вместе с вами и вашими товарищами Девелем1 и Рубакиным2 — деятельность которых знаю и ценю — отстаивать права комитета грамотности3 и воевать против врагов народного просвещения; но не вижу никаких средств противодействия на том поприще, на котором вы работаете.\nЯ утешаю себя только тем, что занят, не переставая, этой же самой борьбой с теми же врагами просвещения, хотя и на другом поприще.\nПо тому частному вопросу, который занимает вас, я думаю, что, вместо уничтоженного комитета грамотности, надо бы устроить множество других обществ грамотности, с теми же задачами и независимо от правительства, не спрашивая у него никаких цензурных разрешений и предоставляя ему, если оно захочет, преследовать эти общества грамотности, карать за них, ссылать и т. п. Если оно будет это делать, то только придаст этим особенное значение хорошим книгам и библиотекам и усилит движение к просвещению.\nМне кажется, что теперь особенно важно делать доброе спокойно и упорно, не только не спрашиваясь правительства, но сознательно избегая его участия. Сила правительства держится на невежестве народа, и оно знает это и потому всегда будет бороться против просвещения. Пора нам понять это. Давать же правительству возможность, распространяя мрак, делать вид, что оно занято просвещением народа, как это делают всякого рода мнимо-просветительные учреждения, контролируемые им, — школы, гимназии, университеты, академии, всякого рода комитеты и съезды, — бывает чрезвычайно вредно. Добро — добро, и просвещение — просвещение только тогда, когда оно совсем добро и совсем просвещение, а не применительно к циркулярам Делянова4 и Дурново.5 Главное же, мне всегда жалко, что такие драгоценные, бескорыстные, самоотверженные силы тратятся так непроизводительно. Иногда мне просто смешно смотреть на то, как люди, хорошие, умные, тратят свои силы на то, чтобы бороться с правительством на почве тех законов, которые пишет по своему произволу это самое правительство.\nДело, мне кажется, в следующем:\nЕсть люди, к которым мы принадлежим, которые знают, что наше правительство очень дурно, и борются с ним. Со времен Радищева6 и Декабристов способов борьбы употреблялось два: один способ — Стеньки Разина, Пугачева, Декабристов, революционеров 60-х годов, деятелей 1-го марта7 и других; другой — тот, который проповедуется и применяется вами — способ «постепеновцев», — состоящий в том, чтобы бороться на законной почве, без насилия, отвоевывая понемногу себе права. Оба способа, не переставая, употребляются вот уже более полустолетия на моей памяти, и положение становится всё хуже и хуже; если положение и улучшается, то происходит это не благодаря той или другой из этих деятельностей, а несмотря на вред этих деятельностей (по другим причинам, о которых я скажу после), и та сила, против которой борются, становится всё могущественнее, сильнее и наглее. Последние проблески самоуправления: земство, суд, ваши комитеты и др. — всё упраздняется, как «бессмысленные мечтания».8\nТеперь, когда прошло столько времени, что тщетно употребляются оба эти средства, можно, кажется, ясно видеть, что ни то, ни другое средство не годится и почему. Мне, по крайней мере, который всегда питал отвращение к нашему правительству, но никогда не прибегал ни к тому, ни к другому способу борьбы с ним, недостатки этих обоих средств очевидны.\nПервое средство не годится, во-первых, потому, что если бы даже и удалось изменение существующего порядка посредством насилия, то ничто бы не ручалось за то, что установившийся новый порядок был бы прочен и что враги этого нового порядка не восторжествовали бы при удачных условиях и при помощи того же насилия, как это много раз бывало во Франции и везде, где бывали революции. И потому новый, установленный насилием порядок вещей должен был бы непрестанно быть поддерживаемым тем же насилием, т. е. беззаконием, и, вследствие этого, неизбежно и очень скоро испортился бы так же, как и тот, который он заменил. При неудаче же, как это всегда было у нас, все насилия революционные, от Пугачева до 1-го марта, только усиливали тот порядок вещей, против которого они боролись, переводя в лагерь консерваторов и ретроградов всё огромное количество нерешительных, стоявших посредине и не принадлежавших ни к тому, ни к другому лагерю людей. И потому думаю, что, руководствуясь и опытом и рассуждением, смело можно сказать, что средство это, кроме того, что безнравственно, — неразумно и недействительно.\nЕще менее действительно и разумно, по моему мнению, второе средство. Оно недействительно и неразумно, потому что правительство, имея в своих руках всю власть (войско, администрацию, церковь, школы, полицию) и составляя само те так называемые законы, на почве которых либералы хотят бороться с ним, — правительство, зная очень хорошо, что именно ему опасно, никогда не допустит людей, подчиняющихся ему и действующих под его руководством, делать какие бы то ни было дела, подрывающие его власть. Так, например, хоть бы в данном случае, правительство, как у нас (да и везде), держащееся на невежестве народа, никогда не позволит истинно просвещать его. Оно разрешает всякого рода мнимо-просветительные учреждения, контролируемые им — школы, гимназии, университеты, академии, всякого рода комитеты и съезды и подцензурные издания до тех пор, пока эти учреждения и издания служат его целям, т. е. одуряют народ, или, по крайней мере, не мешают одурению его; но при всякой попытке этих учреждений или изданий пошатнуть то, на чем зиждется власть правительства, т. е. невежество народа, правительство преспокойно, не отдавая никому отчета, почему оно поступает так, а не иначе, произносит свое «veto»,9 преобразовывает, закрывает заведения или учреждения и запрещает издания. И потому, как это ясно и по рассуждению и по опыту, такое мнимое, постепенное завоевание прав есть самообман, очень выгодный правительству и поэтому даже поощряемый им.\nНо мало того, что эта деятельность неразумна и недействительна, она и вредна. Вредна этого рода деятельность, во-первых, потому, что просвещенные, добрые и честные люди, вступая в ряды правительства, придают ему нравственный авторитет, который оно не имело бы без них. Если бы всё правительство состояло бы из одних только тех грубых насильников, корыстолюбцев и льстецов, которые составляют его ядро, оно не могло бы держаться. Только участие в делах правительства просвещенных и честных людей дает правительству тот нравственный престиж, который оно имеет. В этом — один вред деятельности либералов, участвующих или входящих в сделки с правительством. Во-вторых, вредна такая деятельность потому, что для возможности ее проявления эти самые просвещенные, честные люди, допуская компромиссы, приучаются понемногу к мысли о том, что для доброй цели можно немножко отступать от правды в словах и делах. Можно, например, не признавая существующую религию, исполнять ее обряды, можно присягать, можно подавать ложные, противные человеческому достоинству адресы, если это нужно для успеха дела, можно поступать в военную службу, можно участвовать в земстве, не имеющем никаких прав, можно служить учителем, профессором, преподавая не то, что сам считаешь нужным, а то, что предписано правительством, даже — земским начальником, подчиняясь противным совести требованиям и распоряжениям правительства, можно издавать газеты и журналы, умалчивая о том, что нужно сказать, и печатая то, что велено. Делая же эти компромиссы, пределов которых никак нельзя предвидеть, просвещенные и честные люди, которые одни могли бы составлять какую-нибудь преграду правительству в его посягательстве на свободу людей, незаметно отступая всё дальше и дальше от требований своей совести, не успеют оглянуться, как уже попадают в положенье полной зависимости от правительства: получают от него жалованье, награды и, продолжая воображать, что они проводят либеральные идеи, становятся покорными слугами и поддерживателями того самого строя, против которого они выступили.\nПравда, есть еще и лучшие, искренние люди этого лагеря, которые не поддаются на заманивания правительства и остаются свободными от подкупа, жалованья и положения. Эти люди, большей частью, запутавшись в тех сетях, которыми их опутывает правительство, бьются в этих сетях, как вы теперь с своими комитетами, топчась на одном месте, или, раздражившись, переходят в лагерь революционеров, или стреляются, или спиваются, или, отчаявшись, бросают всё и, что чаще всего, удаляются в литературу, где, подчиняясь требованиям цензуры, высказывают только то, что позволено, и, этим самым умолчанием о самом важном внося самые превратные и желательные для правительства мысли в публику, продолжают воображать, что они своим писанием, дающим им средства к существованию, служат обществу.\nТак что и рассуждение и опыт показывают мне, что оба средства борьбы против правительства, употреблявшиеся до сих пор и теперь употребляемые, не только не действительны, но оба содействуют усилению власти и произвола правительства.\nЧто же делать? Очевидно, не то, что в продолжение семидесяти лет оказалось бесплодным и только достигало обратных результатов. Что же делать? А то самое, что делают те, благодаря деятельности которых совершалось всё то движение вперед к добру и к свету, которое совершилось и совершается с тех пор, как стоит мир. Вот это-то и надо делать. Что же это такое?\nА простое, спокойное, правдивое исполнение того, что считаешь хорошим и должным, совершенно независимо от правительства, от того, что это нравится или не нравится ему. Или другими словами: отстаивание своих прав, не как члена комитета грамотности, или гласного, или землевладельца, или купца, или даже члена парламента, а отстаивание своих прав разумного и свободного человека, и отстаивание их не так, как отстаиваются права земств и комитетов, с уступками и компромиссами, а без всяких уступок и компромиссов, как и не может иначе отстаиваться нравственное и человеческое достоинство.\nДля того чтобы успешно защищать крепость, нужно сжечь все дома предместья и оставить только то, что твердо и что мы ни за что не намерены сдать. Точно так же и здесь: надо сначала уступить всё то, что мы можем сдать, и оставить только то, что не сдается. Только тогда, утвердившись на этом несдаваемом, мы можем завоевать и всё то, что нам нужно. Правда, права члена парламента, или хоть земства, или комитета, — больше, чем права простого человека, и, пользуясь этими правами, кажется, что можно сделать очень многое; но горе в том, что для приобретения прав земства, парламента, комитета, надо отказаться от части своих прав, как человека. А отказавшись хотя от части прав, как человека, нет уже никакой точки опоры, и нельзя ни завоевать, ни удержать никакого настоящего права. Для того чтобы вытаскивать других из тины, надо самому стоять на твердом, а если для удобства вытаскивания самому сойти в тину, то и других не вытащишь и сам завязнешь. Очень может быть хорошо и полезно провести в парламенте восьмичасовый день, или в комитете либеральную программу школьных библиотек; но если для этого нужно члену парламента публично, поднимая руку, лгать, произнося присягу, лгать, выражая словами уважение тому, чего он не уважает; или, для нас, для проведения самых либеральных программ, служить молебны, присягать, надевать мундиры, писать лживые и льстивые бумаги и говорить такие же речи и т. п., то, делая все эти вещи, мы теряем, отказываясь от своего человеческого достоинства, гораздо больше, чем выигрываем, и, стремясь к достижению одной определенной цели (большей частью цель эта и не достигается), лишаем себя возможности достигнуть других, самых важных целей. Ведь сдерживать правительство и противодействовать ему могут только люди, в которых есть нечто, чего они ни за что, ни при каких условиях не уступят. Для того чтобы иметь силу противодействовать, надо иметь точку опоры. И правительство очень хорошо знает это и заботится, главное, о том, чтобы вытравить из людей то, что не уступает — человеческое достоинство. Когда же оно вытравлено из них, правительство спокойно делает то, что ему нужно, зная, что оно не встретит уже настоящего противодействия. Человек, который согласился публично присягать, произнося недостойные и лживые слова присяги, или покорно в мундире дожидаться несколько часов приема министра, или записавшись в охрану на коронации, или для приличия исполнивши обряд говения10 и т. п., уже не страшен правительству.\nАлександр II говорил, что либералы не страшны ему, потому что он знает, что всех их можно купить не деньгами, так почестями.\nВедь люди, участвующие в правительстве или работающие под его руководством, делая вид, что они борются, могут обманывать себя и своих единомышленников; но те, кто с ними борются, несомненно знают по противодействию, которое они оказывают, что они не тянут, а делают только вид. И это знает наше правительство по отношению либералов и постоянно делает испытания, насколько действительно есть настоящее противодействие, и, удостоверившись в достаточном для своих целей отсутствии его, делает свои дела с полной уверенностью, что с этими людьми всё можно.\nПравительство Александра III знало это очень хорошо и, зная это, спокойно уничтожило всё то, чем так гордились либералы, воображая себе, что они всё это сделали: изменило, ограничило суд присяжных; уничтожило мировой суд; уничтожило университетские права; изменило всю систему преподавания в гимназиях; возобновило кадетские корпуса; даже казенную продажу вина; установило земских начальников; узаконило розги; уничтожило почти земство; дало бесконтрольную власть губернаторам; поощряло экзекуции; усилило административные ссылки и заключения в тюрьмах и казни политических; ввело новые гонения за веру; довело одурение народа дикими суевериями православия до последней степени; узаконило убийство на дуэлях; установило беззаконие в виде охраны с смертной казнью, как нормальный порядок вещей; и в проведении всех этих мер не встречало никакого противодействия, кроме протеста одной почтенной женщины,11 смело высказавшей правительству то, что она считала правдой. Либералы же говорили потихоньку между собою, что им всё это не нравится, но продолжали участвовать и в судах, и в земствах, и в университетах, и на службе, и в печати. В печати они намекали на то, на что позволено было намекать, молчали о том, о чем было велено молчать; но печатали всё то, что велено было печатать. Так что всякий читатель, получая либеральную газету и журнал, не будучи посвящен в то, что говорилось потихоньку в редакциях, читал изложение без комментарий и осуждений самых жестоких и неразумных мер, подобострастные и льстивые адресы, обращенные к виновникам этих мер, и часто даже восхваления их. Так вся печальная деятельность правительства Александра III, разрушившая всё то12 доброе, что стало входить в жизнь при Александре II, и пытавшаяся вернуть Россию к варварству времен начала нынешнего столетия, — вся эта постыдная деятельность виселиц, розг, гонений, одурения народа, — сделалась предметом безумного, печатавшегося во всех либеральных газетах и журналах восхваления Александра III и возведения его в великого человека, в образцы человеческого достоинства. То же продолжается и при новом царствовании. Вступившего на место прежнего царя молодого человека, не имеющего никакого понятия о жизни, уверили те люди, которые стоят у власти и которым это выгодно, что для управления ста миллионами надо делать то самое, что делал его отец, т. е. надо ни у кого не спрашивать, что нужно делать, а делать только то, что взбредет в голову или что посоветует первый из приближенных льстецов. И, вообразив себе, что неограниченное самодержавие есть священное начало жизни русского народа, молодой человек этот начинает свое царствование тем, что вместо того, чтобы просить представителей русского народа помочь ему советами в управлении, в котором он, воспитанный в гвардейских полках, ничего не понимает и не может понимать, он дерзко, неприлично кричит на явившихся к нему с поздравлениями представителей русского народа, называя робко выраженное некоторыми из них желание доводить до сведения власти о своих нуждах, «бессмысленными мечтаниями». И что же? Русское общество возмутилось, просвещенные и честные люди — либералы — высказали свое негодование и отвращение, по крайней мере воздержались от восхваления такого правительства и от участия в нем и поощрения его? Нисколько. С этого времени начинается особенно напряженное взапуски восхваление и отца и подражающего ему сына, и не слышится ни одного протестующего голоса,13 и залы зимнего дворца заваливаются подлыми, льстивыми адресами и подносимыми иконами. Устраивается ужасающая по своей нелепости, безумной трате денег, коронация; происходят от презрения к народу и наглости властителей страшные бедствия погибели тысячей людей, на которые устроители ее смотрят, как на маленькое омрачение торжеств, которые не должны от этого прерываться; устраивается никому, кроме14 тех, кто устроили ее, ненужная выставка, на которую тратятся миллионы; с неслыханной прежде наглостью выдумываются в канцелярии Синода новые, самые глупые средства одурения народа, — мощи человека,15 про которого никто ничего никогда не знал; усиливаются строгости цензуры, продолжается положение охраны, т. е. узаконенное беззаконие, и положение становится всё хуже и хуже.\nА я думаю, что всего этого не было бы, если бы те просвещенные и честные люди, которые теперь заняты либеральной деятельностью на почве законности в земствах, комитетах, подцензурной литературе и т. п., направляли бы свою энергию не на то, чтобы в формах, учрежденных самим правительством, как-нибудь обмануть его и заставить действовать себе на вред и погибель,[1] а только на то, чтобы, ни в коем случае не участвуя в правительстве и ни в каких делах, связанных с ним, отстаивать свои личные права человека. «Вам угодно учредить, вместо мировых судей, земских начальников с розгами, — это ваше дело; но мы не пойдем ни судиться к вашим земским начальникам, ни сами не будем поступать в эту должность; вам угодно сделать суд присяжных одною формальностью, — это ваше дело, но мы не пойдем в судьи, ни в адвокаты, ни в присяжные; вам угодно под видом охраны установить бесправие, — это ваше дело, но мы не будем участвовать в ней и будем прямо называть охрану беззаконием и смертные казни без суда — убийством; вам угодно устроить классические гимназии с военными упражнениями и законом божиим или кадетские корпуса, — ваше дело, но мы не будем в них учителями, не будем посылать в них наших детей, а будем воспитывать их так, как считаем хорошим; вам угодно свести на нет земство, — мы не будем участвовать в нем;16 вы запрещаете печатать то, что вам не нравится, — вы можете ловить, сжигать, наказывать типографщиков, но говорить и писать вы не можете нам помешать, и мы будем делать это; вы велите присягать на верность царю, — мы не будем делать этого, потому что это глупость, ложь и подлость; вы велите служить в военной службе, — мы не будем делать этого, потому что считаем массовое убийство таким же противным совести поступком, как и убийство одиночное, а, главное, обещание убивать, кого прикажет начальник, — самым подлым поступком, который может сделать человек; вы исповедуете религию, отставшую на тысячу лет от века, с Иверской,17 мощами и коронациями, — это ваше дело, но идолопоклонство и изуверство мы не только не признаем религиею, но называем изуверством и идолопоклонством и стараемся избавить от него людей».\nИ что может правительство против такой деятельности? Можно сослать, посадить в тюрьму человека за то, что он готовит бомбу или даже печатает прокламацию к рабочим, и можно передать комитет грамотности из одного министерства в другое, или закрыть парламент; но что может сделать правительство с человеком, который не хочет публично лгать, поднимая руку, или не хочет детей отдавать в заведение, которое он считает дурным, или не хочет учиться убивать людей, или не хочет участвовать в идолопоклонстве, или не хочет участвовать в коронациях, встречах и адресах, или говорит и пишет то, что думает и чувствует? Преследуя человека, правительство делает из такого человека возбуждающего общее сочувствие мученика и подрывает те основы, на которых оно само держится, так как, поступая так, оно вместо того, чтобы охранять человеческие права людей, само нарушает их.\nИ стоит только всем тем просвещенным и честным людям, силы которых гибнут теперь во вред себе и делу на революционной, социалистической и либеральной деятельности, начать поступать так, и тотчас же составилось бы ядро честных, просвещенных и независимых людей, и к ядру этому примкнула бы вся, всегда колеблющаяся масса средних людей и явилась бы та единственная сила, которая покоряет правительства, — общественное мнение, требующее свободы слова, свободы совести, справедливости и человечности. А как скоро составилось бы такое общественное мнение, так не только нельзя бы было закрывать комитет грамотности, но сами собой уничтожились бы все те бесчеловечные учреждения охраны, тайной полиции, цензуры, Шлиссельбурга,18 Синода, с которыми борются теперь революционеры и либералы.\nТак что для борьбы с правительством пробованы были два средства, — оба неудачные, и остается теперь испытать третье, которое еще не пробовано и которое, по моему мнению, не может не быть успешно. Средство это, коротко выраженное, состоит в том, чтобы всем просвещенным и честным людям стараться быть как можно лучше, и даже лучше не во всех отношениях, а только в одном, именно соблюсти одну из своих элементарных добродетелей — быть честным, не лгать, а поступать и говорить так, чтобы мотивы, по которым поступаешь, были понятны любящему тебя твоему семилетнему сыну; поступать так, чтобы сын этот не сказал: «а зачем же ты, папаша, говорил тогда то, а теперь делаешь или говоришь совсем другое? » Средство это кажется очень слабым, а между тем я убежден, что только одно это средство двигало человечество с тех пор, как оно существует.[2]\nУбежден же я в этом потому, что то, что требуется совестью — высшим предчувствием доступной человеку истины, — есть всегда и во всех отношениях самая нужная и самая плодотворная деятельность. Только человек, живущий сообразно своей совести, может иметь благое влияние на людей. Деятельность же, сообразная с совестью лучших людей общества, есть всегда та самая деятельность, которая требуется для блага человечества в данное время.\nПростите, что так много написал вам, может быть, совершенно ненужного вам; но мне давно хотелось высказаться по этому вопросу. Я начал даже большую статью об этом,19 но едва ли успею до смерти кончить, и потому хотелось бы хоть кое-как высказаться. Простите, если в чем ошибся.\nДружески жму вам руку.\nЛев Толстой.\n31 августа 1896.\n",
  "notes" : [ "Письмо сохранилось в шести последовательных редакциях. Печатаем последнюю — шестую редакцию (в которой оно было, по-видимому, послано адресату) по машинописной копии с многочисленными поправками рукой Толстого, его подписью и датой. Впервые опубликовано под названием «Письмо к либералам» в издании «Свободного слова», под ред. В. Черткова, Лондон, 1897, с добавлением в конце письма, написанным позже (см. письмо к В. Г. Черткову от 23 сентября 1896 г., т. 87).", "Александра Михайловна Калмыкова, рожд. Чернова (1849—1926) — писательница и деятельница по народному образованию. См. т. 63, стр. 215—216.", "Ответ Толстого на коллективное обращение к нему общественных деятелей по народному образованию — членов Петербургского комитета грамотности В. В. Девеля, Н. А. Рубакина и А. М. Калмыковой от 2 мая 1896 г., в котором они просили Толстого высказаться по поводу правительственных репрессий, выразившихся, в частности, в закрытии комитетов грамотности.", "1 Виктор Владимирович Девель (1856—1899), бывший секретарь Петербургского комитета грамотности.", "2 Николай Александрович Рубакин (1862—1946), писатель, библиограф, секретарь Петербургского комитета грамотности, автор ряда работ по вопросам народного образования, в том числе широко распространенного библиографического справочника «Среди книг» (2-е изд. в трех томах 1911—1915). В рецензии на 2-й том этого издания Ленин писал, что «ни одной солидной библиотеке без сочинения г-на Рубакина нельзя будет обойтись» (Сочинения, т. 20, стр. 236).", "3 Комитеты грамотности — общественные учреждения, образованные одно в 1845 г. при Московском обществе сельского хозяйства, другое в 1861 г. в Петербурге при Вольно-Экономическом обществе. Комитеты ставили своей целью разработкой теоретических вопросов и непосредственной практической деятельностью по изданию дешевых книг для народа и устройству народных библиотек содействовать начальному народному образованию. В конце 1895 г., по требованию министра внутренних дел И. Н. Дурново, комитеты были закрыты, а в 1896 г. преобразованы в особые общества грамотности с официальной реакционной программою.", "4 Иван Давыдович Делянов (1818—1897), в 1882—1897 гг. министр народного просвещения, отличавшийся особой реакционностью; поддерживал в гимназиях систему классического образования, ограничил прием в средне-учебные заведения детей трудящихся; издал новый «университетский устав 1884 г. », заменивший самоуправление университетов (по уставу 1865 г. ) системой бюрократической регламентации академической жизни.", "5 Иван Николаевич Дурново (1830—1903), с 1889 по 1895 г. министр внутренних дел, а затем председатель Комитета министров, инициатор положения о земских начальниках (1889), по которому все крестьянское население России было отдано под административно-судебную опеку местного дворянства, и ряда других реакционных постановлений.", "6 Александр Николаевич Радищев (1749—1802).", "7 Группа членов партии «Народной воли», организаторов террористического акта 1 марта 1881 г., в результате которого был убит Александр II.", "8 По случаю восшествия на престол Николая II представители земств обратились к нему с пожеланием введения либеральных реформ, на что он ответил им в своей речи от 12 января 1895 г., назвав эти пожелания «бессмысленными мечтаниями». См. статью Толстого «Бессмысленные мечтания», т. 31.", "9 Запрещение.", "10 В опубликованном тексте следуют слова: или вперед спрашивать у начальников цензуры, можно ли, или нельзя ему высказывать те или другие мысли.", "11 Имеется в виду Мария Константиновна Цебрикова (1835—1917), писательница. Написала в 1880 г. «Открытое письмо» Александру III, за что была сослана в Вологодскую губ. См. т. 85, стр. 183.", "12 Зачеркнуто: чем гордились либералы; и дальнейшая фраза: доброе, что стало входить в жизнь при Александре II вписана рукой неизвестного.", "13 В опубликованном тексте это место письма выражено так: кроме одного анонимного письма, осторожно выражающего неодобрение поступку молодого царя, и царю подносятся со всех сторон подлые льстивые адресы и, почему-то, всякого рода иконы, которые никому ни на что не нужны и служат только предметом идолопоклонства грубых людей.", "14 Зачеркнуто: мошенников, устроивших ее и заменено вписанными неизвестной рукой словами: тех, кто устроили ее.", "15 Имеется в виду открытие весною 1896 г. в Чернигове «мощей» черниговского архиепископа Феодосия Углицкого.", "16 Зачеркнуто: вы проповедуете дуэль, мы прямо признаем это преступлением и дерущихся на дуэли убийцами, а пишущих об этом законы подстрекателями.", "17 Икона в Иверской часовне у Воскресенских ворот в Москве, считавшаяся «чудотворной» и широко эксплуатировавшаяся духовенством для поддержания суеверий.", "18 Шлиссельбургская крепость при выходе р. Невы из Ладожского озера; служила местом заточения государственных преступников; уничтожена после революции 1917 г.", "19 Толстой имеет в виду свою статью «Бессмысленные мечтания», начатую в 1895 г., но в то время еще не законченную." ],
  "source" : "Письма. 1896 г."
}