{
  "id" : "103",
  "to" : [ {
    "firstName" : "А",
    "lastName" : "Суворину",
    "paternalName" : "С",
    "originalEntry" : "103. А. С. Суворину."
  } ],
  "date" : -2162574000000,
  "place" : "Я. П.",
  "content" : "103. А. С. Суворину.\nДорогой Алексей Сергеевич,\nПисьмо это вам передаст мой молодой друг — в настоящем смысле этого слова — Н. Н. Ге, сын моего покойного друга и великого художника Ге, которого вы, верно, знали. Смерть Солдатенкова затормозила издание полного собрания произведений Ге, уже начатого. Количка Ге, как я привык звать его в отличие от отца, расскажет вам, в чем дело, а мне думается, что вы, о чем я очень прошу вас, не откажетесь помочь делу.1 Очень благодарю вас за напечатание прекрасной статьи Трегубова2 и очень сожалею, что вы не исполнили вашего намерения, о кот[ором] мне говорил Лева,3 — заехать к нам. Сделайте это на обратном пути; очень буду рад.\nЖелаю вам и вашей жене, которой прошу передать мой привет, здоровья и, главное, душевного спокойствия.\n\n\n",
  "notes" : [ "Впервые опубликовано в книге «Письма русских писателей к А. С. Суворину», стр. 182.", "Об Алексее Сергеевиче Суворине (1834—1912) см. т. 64.", "1 Н. Н. Ге предпринял издание репродукций с картин своего отца, художника Н. Н. Ге. С этой целью в 1900 г. он ездил по России и делал снимки с этих картин. Издание осуществилось в 1903 г.: «Альбом художественных произведений Николая Николаевича Ге», изд. H. Н. Ге, М.—СПб., 1903, склад издания И. Н. Кнебель. Какое участие принимал в этом деле К. Т. Солдатенков и какую помощь оказал ему А. С. Суворин, неизвестно.", "2 См. письма №№ 3 и 66.", "3 Лев Львович Толстой." ],
  "source" : "Письма. 1901 г."
}