{
  "id" : "103",
  "to" : [ {
    "firstName" : "А",
    "lastName" : "Архангельскому",
    "paternalName" : "И",
    "originalEntry" : "* 103. А. И. Архангельскому."
  } ],
  "date" : -2019668400000,
  "place" : "Я. П.",
  "content" : "* 103. А. И. Архангельскому.\nОчень рад был получить от вас словечко, милый Ал[ександр] Ив[анович], написанное вашим твердым, хорошим почерком, но, к сожалению, ничего не могу сделать для жалкого юноши.1 Даже не знаю, к кому бы мог обратиться. Жалею, что не пишете о своем телесном состоянии. Что душевное состояние ваше не подвержено изменениям и ухудшениям, а напротив, всё улучшается от болезни (я это по себе знаю по мере телесного ослабления), в этом я вполне уверен.\nПрощайте.\nЛюбящий вас\nЛев Толстой.\n1 янв. 1906.\n",
  "notes" : [ "Александр Иванович Архангельский (1855—1906) — бывший ветеринарный фельдшер, сочувствовал взглядам Толстого, в 1895 г. жил в г. Бронницы Московской губ.; был часовым мастером. Ответ на письмо от 28 декабря 1905 г., в котором Архангельский просил Толстого похлопотать об освобождении арестованного во время декабрьского восстания 1905 г. студента П. В. Всесвятского.", "1 Петр Васильевич Всесвятский (р. 1884), член ВКП(б) с 1905 г. В 1905 г. студент юридического факультета Московского университета, секретарь группы агитаторов и пропагандистов с.-д. (большевиков) в Замоскворецком районе. Был арестован за участие в вооруженном восстании. После Великой Октябрьской революции 1917 г. юрист, дипломат и экономист." ],
  "source" : "Письма. 1906 г."
}