{
  "id" : "103",
  "to" : [ {
    "firstName" : "Л",
    "lastName" : "Толстому",
    "paternalName" : "Л",
    "originalEntry" : "* 103. Л. Л. Толстому."
  } ],
  "date" : -2352654000000,
  "place" : "Я. П.",
  "content" : "* 103. Л. Л. Толстому.\nХотя со стороны имею о тебе известия, милый Лева, — нынче Сережа, кот[орый] приехал вчера на один день к нам с Маней, рассказал, что получил от тебя письмо, — но хочется прямо общаться с тобой и знать всё подробно про твое душевное и телесное состояние. Мы, как ты уж знаешь верно, около недели переехали в Ясную, и я всё время хвораю и теперь еще не поправился, хотя нынче чувствую себя хорошо совсем. Мама очень трудно переносит свое пребывание в Ясной. Никуда не выходит из дома, но и в доме всё беспрестанно напоминает ей того, в кот[орого] она вложила все радости, весь смысл жизни. На ней поразительно видно, как страшно опасно всю жизнь положить в чем бы то ни было, кроме служения богу. В ней теперь нет жизни. Она бьется и не может еще выбиться в область божескую, т. е. духовной жизни. Вернуться же к другим интересам мирской жизни, к другим детям, она хочет, но не может, п[отому] ч[то] жизнь с Ваничкой, и по его возрасту и милым свойствам, была самая высокая, нежная, чистая. А вкусив сладкого, не хочется не только горького, но и менее сладкого. Один выход ей — духовная жизнь, бог и служение ему ради духовных целей на земле. И я с волнением жду, найдет ли она этот путь. Мне кажется, так бы просто ей было понять меня, примкнуть ко мне, но — удивительное дело — она ищет везде, но только не подле себя, как будто не то что не может понять, но не хочет, нарочно понимает превратно. А как бы ей легко было, тем более, что она любит меня. Но горе в том, что она любит меня такого, какого уже нет давно. А того, какой есть, она не признает, он ей кажется чужд, страшен, опасен. Мало того, она имеет rancune1 против него, в чем, разумеется, я виноват. — Но я не отчаиваюсь и всеми силами души желаю этого, и надеюсь, и делаю, что умею; и желаю этого уж совсем не для себя, а для нее, п[отому] ч[то] знаю, что это одно могло бы дать ей жизнь истинную.*\nВчера получили письмо от Веселитской,2 кот[орая] пишет, что она посетила H. Н. Страхова в госпитале, в Петерб[урге], что ему вырезали рак под языком, и письмо от него самого, к[оторое] описывает операцию, пишет, что поправляется, и обещается к 1-му июля приехать к нам. Это известие очень меня и мама огорчило. Прощай пока, целую тебя.\nЛ. Т.\n* Нет, чтобы быть вполне правдивым, должен сказать, что желаю и для себя, но не для себя одного, а столько же для нее, и больше для нее, чем для себя, желаю для бога.\n",
  "notes" : [ "Впервые опубликовано (частично) в книге В. А. Жданова «Любовь в жизни Льва Толстого», М. 1928, кн. 2, стр. 140—141. Датируется на основании записи Дневника от 13 июня 1895 г., т. 53, стр. 38: «Вчера приехал Сер[ежа] с Маней» и слов письма: «нынче Сережа, который приехал вчера... с Маней, рассказал...»", "1 Злопамятство.", "2 Лидии Михайловны Веселитской, см. письмо № 115." ],
  "source" : "Письма. 1895 г."
}