{
  "id" : "103",
  "to" : [ {
    "firstName" : "М",
    "lastName" : "Аксенову",
    "paternalName" : "С",
    "originalEntry" : "* 103. М. С. Аксенову."
  } ],
  "date" : -2106586800000,
  "place" : "Я. П.",
  "content" : "* 103. М. С. Аксенову.\nМитрофан Семенович.\nОчень приятно было получить ваше интересное письмо.1 К сожалению, повод к этому письму, мое письмо о Карме,2 не стоил этого. Это мое письмо было написано 10 лет или более тому назад и содержало только фантазию о том, как можно себе представить жизнь.\nМысли мои о жизни выражены мною в книгах О жизни и Христианско[е] учение, и за те мысли я отвечаю, а никак не за это письмо о Карме, кот[орое] я написал так, как оно пришло мне в голову в то время, как я писал. И потому прошу вас простить меня за невольное введение вас в заблуждение и принять уверения моего уважения.\nЛев Толстой.\n1903. 1 апреля.\n",
  "notes" : [ "Печатается по копировальной книге № 5, л. 148.", "Мнтрофан Семенович Аксенов — мировой судья (ст. Попельня, Юго-Западной ж. д.), автор книги «„Не-университетская\" философия», Харьков, 1896.", "1 От 15 марта 1903 г.", "2 В «Ежемесячных литературных и популярно-научных приложениях к „Ниве“» 1903, 3, столб. 321—326, В. Г. Сысоев с разрешения Толстого опубликовал письмо Толстого 1892 г. «о карме» к Д. А. Хилкову (см. в списке писем 1902 г., написанных по поручению Толстого, письмо к Сысоеву, т. 73, стр. 365)." ],
  "source" : "Письма. 1903 г."
}