{
  "id" : "103",
  "to" : [ {
    "firstName" : "О",
    "lastName" : "Степановой",
    "paternalName" : "А",
    "originalEntry" : "* 103. О. А. Степановой."
  } ],
  "date" : -1875898800000,
  "place" : "Я. П.",
  "content" : "* 103. О. А. Степановой.\n23 июля 10 года. Ясная Поляна.\nСтепановой.\nПолучил ваше письмо нездоровый. Но письмо ваше так интересно, что все-таки, хотя коротко, отвечаю.\nЕсть большая опасность, которой вы недостаточно остерегаетесь, та, чтобы в вопросах религиозных желать уяснить себе больше того, что дано нам знать с полной ясностью. Ничто так не лишает людей истинного религиозного чувства, дающего твердую основу жизни, как слишком большие запросы и попытки определения того, познание чего не дано и не нужно нам. Таково, по моему мнению, ваше разделение на дух и душу. Я знаю только одно духовное начало само в себе, которое я называю богом, и то же начало во всех отдельных существах, которое в этом отделенном состоянии мы понимаем, как душу, и так и называем. Видение же и всякие материальные проявления духовной силы, которую видят в чудесах и в тех проявлениях, о которых вы пишете, суть вообще очень опасные допущения и советовал бы вам о них не думать. Если бы я увидел видение или услыхал бы голос не материальный, то я бы отвернулся и пожелал бы только одного, чтобы не видеть и не слышать этого, то же, что видел и слышал, приписал бы галлюцинации. Главное то, что ни мне, ни вам, никому не нужно этого, а вреда от этого нет конца. Очень рад, что вы пользуетесь книгами На кажд[ый] д[ень]. Я теперь их переиздаю в другом виде. Посылаю вам связное изложение моих взглядов, выраженных в новом издании «На кажд[ый] день».1\nПрощайте, братски и дружески жму вашу руку.\nЛюбящий вас\n",
  "notes" : [ "Печатается по копии. Черновик написан рукой А. Л. Толстой под диктовку Толстого.", "Ольга Аполлоновна Степанова из Воронежской губ. прислала Толстому длинное (на 20 страницах почтовой бумаги) письмо от 17 июля на философские и религиозные темы.", "1 Подразумевается новый сборник Толстого «Путь жизни»." ],
  "source" : "Письма 1910 гг."
}