{
  "id" : "103",
  "to" : [ {
    "firstName" : "Софье",
    "lastName" : "Толстой",
    "paternalName" : "Андреевне",
    "originalEntry" : null
  } ],
  "date" : -3076858800000,
  "place" : "Вторая половина. Я. П.",
  "content" : "103.\nПосылаю письма Ганне и Саши,1 и Вари.2 Грустное известие!3 Я ужасно огорчен и поздравлять не буду. На почте дом сумашедших.\nРуку мою надо засвидетельствовать и руку твою и Алексея4 и всем подписать под прошением.\n",
  "notes" : [ "Печатается по автографу, хранящемуся в АТБ. Впервые опубликовано по копии, сделанной С. А. Толстой в ПЖ, стр. 590. Датируется по содержанию письма: фраза о засвидетельствовании руки Алексея Орехова в прошении указывает на дело о быке, начавшееся в июле 1872 г., когда, во время пребывания Толстого в Самарской губернии, яснополянский бык забодал на смерть пастуха, за что Толстой и управляющий Орехов были привлечены к судебной ответственности. Дело закончилось в сентябре, о чем Толстой подробно писал гр. А. А. Толстой в письме от 19 сентября (т. 61). Другим указанием в письме служит упоминание Ханны Тарсей, которая с конца сентября 1872 г. уже не служила у Толстых. См. также примечание 3 к этому письму.", "1 Ханне Тарсей и Александру Михайловичу Кузминскому", "2 Варвара Валерьяновна Толстая.", "3 По-видимому, речь идет о выходе замуж племянницы Толстого В. В. Толстой за Николая Михайловича Нагорнова (1845—1896). Свадьба была 2 июля 1872 г. Толстой относился к ее браку несочувственно. В письме от 18 января 1872 г. С. А. Толстая писала Т. А. Кузминской: «Левочка ездил в Москву, видел жениха [Нагорнова], выразил всем им крайнее неудовольствие и сказал жениху, что нечестно жениться прежде, чем он получит место в 2000».", "4 Орехова." ],
  "source" : "Письма к С. А. Толстой 1862-1910 гг."
}