{
  "id" : "103",
  "to" : [ {
    "firstName" : "И",
    "lastName" : "Орлову",
    "paternalName" : "И",
    "originalEntry" : "* 103. И. И. Орлову."
  } ],
  "date" : -3307546800000,
  "place" : "Я. П.",
  "content" : "* 103. И. И. Орлову.\nИван Иваныч,\nЯ получил обратно 7 серий и квитанцию, из которой видно, что ничего еще не уплачено. Спросите у вашего станового. Не украл ли он деньги? Да пришлите мне его расписки. —\nЧто вы мне не пишете?\nНедоимки остается 1415 р.\nНе принято 350 серий, и ваши 900 не получены.\nГр. Л. Толстой.\n10 марта.\n\nНа конверте:\nЕго высокоблаг[ородию] Ивану Ивановичу Орлову. В Чернь. (Тульской губернии).\n",
  "notes" : [ "Год определяется сопоставлением с письмом № 104." ],
  "source" : "Письма. 1865 г."
}