{
  "id" : "103",
  "to" : [ {
    "firstName" : "А",
    "lastName" : "Фету",
    "paternalName" : "А",
    "originalEntry" : "* 103. А. А. Фету."
  } ],
  "date" : -3007393200000,
  "place" : "Я. П.",
  "content" : "* 103. А. А. Фету.\nВаше письмо1 произвело на меня очень грустное впечатление, дорогой Афанасий Афанасьевич. — Смерть Толстого,2 очень, очень милый был человек — и ваша болезнь, о которой вы коротко, но сильно упоминаете. Напишите подробно, что вы и в каком положении ваше здоровье. Я бы непременно приехал сам, чтобы вас увидать и узнать, в каком вы положении, но должен отложить это до октября около 15. До того времени у меня всё занято. Завтра мы едем в Никольское и в Чермошню к Дьяковым,3 а там охота с Оболенским и т. п.\nНасчет кобылы. Если вы хотите отдать ее соседу вашему, то отдайте. Видно, не судьба, а мне надо экономить. Урожай плохой, и что-то я последнее время в долги лезу4. Тот Толстой, который пишет романы, еще не приезжал, и я его ожидаю не с особенным нетерпением. Тоже тяжелый человек. Жена кланяется и просит успокоить нас о вашем здоровье. На днях в Москве катался на лодке с Катк[овым] и Петю видел.\nВаш5\n",
  "notes" : [ "Небольшой отрывок, с датой: «начало октября 1875 г.», опубликован в Г, II, стр. 207. На подлиннике рукой А. А. Фета проставлена дата: «13 сентября 1874 г.», подтверждаемая содержанием.", "1 Письмо неизвестно.", "2 О каком Толстом идет речь, выяснить не удалось.", "3 У Дьяковых семья Толстых гостила с 17 по 24 сентября.", "4 8 ноября 1874 г. С. А. Толстая писала сестре, что они в стесненных обстоятельствах, что надо долги платить и потому решили рубить «Заказ» и продавать его.", "5 Край письма оборван." ],
  "source" : "Письма. 1874 г."
}