{
  "id" : "103",
  "to" : [ {
    "firstName" : "Н",
    "lastName" : "Некрасову",
    "paternalName" : "А",
    "originalEntry" : "103. Н. А. Некрасову."
  } ],
  "date" : -3532618800000,
  "place" : "Москва.",
  "content" : "103. Н. А. Некрасову.\nНехорошо это, любезный Николай Алексеич, что вы так себя распустили. Нехорошо для тех, кто вас любит, нехорошо для дела и главное для самих вас. — Ведь и без того скоро умрем и забудемся совсем, так стоит ли того насильственно забываться, да еще без счастья для себя и без пользы и счастья для других. —\nНасчет 1-го № доложу вам искренно, что он очень плох.1 Кавеньяк,2 политич[еская] и хорошая статья, стоит впереди, так же как в Рус[ском] Вестн[ике]; это-то и производит неприятное впечатление. Совр[еменник] должен и имеет право иметь свои традиции. В стихотворении Фета две ужасные опечатки: О защитите, вместо защитите же и с улыбкой, вместо с усилъем? «Ася» Тургенева, по моему мнению, самая слабая вещь из всего, что он написал.4 — Островского вещи не читал всей; но знаю, что она слаба в чтении.5 Политической перец, рассыпанной повсюду и в приложении «Дяди Тома»,6 нейдет, по моему мнению, Современнику и никогда не сравнится по условиям Моск[овской] цензуры с перцем М[осковских] журналов. Теперь о себе доложу, что я пишу маленькую по количеству листов вещь, весьма странного содержания, которую, может, пришлю вам в конце месяца.7 Повесть свою спрятал, но придумал еще в ней переделки, которые сообщу вам когда нибудь, когда будем вместе.8 Кавказской роман всё переделываю в плане и не подвигаюсь.9\nСкажите, что наш рассчет и дивиденд? Пришлите мне то, что следует, в Москву.\nЕжели Григорович не уехал, скажите ему, что я, может быть, поеду скоро за границу и желаю знать, когда он отправляется. Может быть, пришлось бы ехать вместе.\nЕжели удастся моя коротенькая поездка в Италию месяца на два, то скоро увижу вас.10 Так до свиданья, от души жму вам руку и кланяюсь всем общим знакомым.\nВаш Гр. Л. Толстой.\n21 Января.\nЕжели увидите Давыдова,11 то скажите ему пожалуйста, что я в последний раз напоминаю ему о высылке мне журналов и с 1-го февраля обращаюсь к другому книгопродавцу; поэтому, чтобы он и заботился больше о высылке мне книг.\n",
  "notes" : [ "Впервые напечатано в АК, стр. 197—198. Письмо является ответом на письмо Некрасова от 19 февраля 1858 г. (см. альманах «Круг», книга шестая, М. 1927, стр. 216—217).", "1 Отзыв о январской книжке «Современника» за 1858 г.", "2 Статья Н. Г. Чернышевского «Кавеньяк» представляет собою, как пишет Чернышевский во вступительной части статьи, «свод высказываний иностранных газет о государственной деятельности Кавеньяка». В статье подробно разбирается деятельность «чистых республиканцев», пришедших к власти в феврале 1848 г., и та страшная жестокость, с которой они подавили восстание рабочих в июне 1848 г.", "Эжен-Луи Кавеньяк (1802—1857) — французский генерал и государственный деятель, руководивший подавлением Французской революции 1848 г.", "3 Предсмертное стихотворение Беранже, переведенное А. А. Фетом. См. п. № 96, прим. 5.", "4 Рассказ Тургенева «Ася», напечатанный в № 1 «Современника» за 1858 г.", "5 «Не сошлись характерами! Картины из московской жизни», напечатано в том же номере «Современника».", "6 При этой книжке «Современника» приложен роман Бичер-Стоу «Хижина дяди Тома».", "7 Речь идет о рассказе Толстого «Три смерти», над которым он работал в январе 1858 г. Рассказ был напечатан в № 1 «Библиотеки для чтения» 1859 г. Подробнее см. т. 5, стр. 300—303.", "8 Толстой был занят переработкой повести «Альберт», см. прим. 1 к п. № 95.", "9 Речь идет о повести «Казаки».", "10 Предполагаемые поездки Толстого и Григоровича за границу не состоялись.", "11 Книгопродавец и издатель Алексей Иванович Давыдов." ],
  "source" : "Письма. 1858 г."
}