{
  "id" : "104",
  "to" : [ {
    "firstName" : "Софье",
    "lastName" : "Толстой",
    "paternalName" : "Андреевне",
    "originalEntry" : null
  } ],
  "date" : -3063380400000,
  "place" : "Москва.",
  "content" : "104.\nБедная Лиза1 больна. Со 2-го на 3-е в ночь у ней сделалась боль внизу живота; она испугалась, — говорит тоже, что у Сони. Чижъ2 был на другой день и определил, что у ней воспаленье. Я застал у них Фогта.3 Ей ставили 6 пиявок, дают каломель,4 компресс. Ей лучше было и до пиявок. Я надеюсь, что Чиж ошибся. Ребенок славный.5 Кормилицу взяли. И Машинька,6 и Леонид,7 и Варв[ара] Дм[итриевна]8 ухаживают из всех сил; Леонид жалок своей нежностью, безпомощностью и страхом. Я ничего не делал еще; спал скверно в холодном нумере, и сейчас послал узнать, как Лиза провела ночь. Ничто в голову не идет, пока не успокоюсь насчет ее. —\nСейчас получил ответ от Леонида. Ночь провела хорошо. Боль в правой стороне прошла, начинается небольшая — в левой. Я надеюсь, что Чиж ошибся.\nЕду по своим делам. Прощай, душенька. Целую тебя и детей.\n",
  "notes" : [ "Печатается по автографу, хранящемуся в АТБ. Впервые опубликовано по копии, сделанной С. А. Толстой, в ПЖ, стр. 589. Датируется 4 декабря 1872 г. в связи с упоминанием рожденья сына Е. В. Оболенской (H. Л. Оболенский р. 28 ноября 1872 г.) и на основании слов письма: «со 2-го на 3-е в ночь».", "1 Е. В. Оболенская.", "2 Николай Ильич Чиж, акушер.", "3 Альфред Богданович Фохт (1847— ум. в 1890 гг.), кончил Московский университет, врач по внутренним и нервным болезням, ординатор второй городской больницы и главный врач Голицынской больницы.", "4 Хлористая ртуть (Hg2 С12).", "5 Родившийся у Е. В. Оболенской сын Николай Леонидович, с 1897 г. — муж Марьи Львовны Толстой.", "6 Мария Николаевна Толстая.", "7 Леонид Дмитриевич Оболенский.", "8 Варвара Дмитриевна Оболенская (р. 1839), сестра Леонида Дмитриевича; в 1878 г. вышла замуж за врача Эдуарда Ильича Виганда (р. 1826)." ],
  "source" : "Письма к С. А. Толстой 1862-1910 гг."
}