{
  "id" : "104",
  "to" : [ {
    "firstName" : null,
    "lastName" : null,
    "paternalName" : null,
    "originalEntry" : "104. A. M. Бодянскому."
  } ],
  "date" : -2019668400000,
  "place" : "Я. П.",
  "content" : "104. A. M. Бодянскому.\nВчера получил ваше письмо и статьи,1 любезный Александр Михайлович. Я согласен с вами, что желательно бы было, чтоб в печати раздавался голос, обсуживающий события нашего времени не с партийной точки зрения, но с высшей христианской, примиряющей. И голоса такие раздаются в разных органах. Устройство же для этой цели специального органа — журнала, газеты я думаю не достигнет цели. Периодичность, обязательство выходить в известные сроки, избави бог ежедневно, несовместимо с серьезностью, искренностью и обдуманностью.\nПишите, что думаете (ваша о клятве прекрасная статья), и помещайте где попало, и голос ваш будет раздаваться и будет услышан теми, кому он родственен.\nА не поместят в газеты, печатайте в отдельных листках. А нет средств — оставляйте в рукописи. Для мысли нет спеха. Она возьмет свое. —\nТак я думаю. Жалею, что вы не заехали. Прощайте.\nВсего истинно хорош[его] желаю вам.\nЛев Толстой.\n1 янв. 1906.\n",
  "notes" : [ "Впервые опубликовано, без последних трех фраз, в ПТС, II, № 481.", "Ответ на письмо от 25 декабря 1905 г., в котором Бодянский высказывал мысль о необходимости ежедневной газеты христианского направления.", "1 Вместе с письмом Бодянский послал Толстому две свои статьи: «О присяге», напечатанную в «Харьковском листке» в конце ноября 1905 г., и неопубликованную статью «Ответ на предложение дать разъяснение», написанную Бодянским по предложению редакции «Харьковского листка» и являвшуюся изложением взглядов Бодянского на происходящие в России события и на роль прессы." ],
  "source" : "Письма. 1906 г."
}