{
  "id" : "104",
  "to" : [ {
    "firstName" : "Джорджу",
    "lastName" : "Девису",
    "paternalName" : null,
    "originalEntry" : "* 104. Джорджу Девису Херрону (George Davis Herron)."
  } ],
  "date" : -2352654000000,
  "place" : "Я. П.",
  "content" : "* 104. Джорджу Девису Херрону (George Davis Herron).\nDear Mr. Herron,\nI had in my hands one of your books, but I had not time to read it, so that I knew before you wrote to me your name and your work, and greatly sympathised with it, that is with your work.\nI thank you heartily for the books that you sent to me. I received them to day and will begin with the Christian state and hope that I will be induced to read them all. I have finished the first. I will write to you my genuine opinion of it.1\nYours truly\nLeo Tolstoy.\n\nДорогой г. Херрон,\nУважающий вас Лев Толстой.\n",
  "notes" : [ "У меня в руках была одна из ваших книг, и потому, хотя еще не имел времени ее прочесть, я до вашего письма ко мне уже знал ваше имя и ваше дело и чрезвычайно сочувствую этому, то есть вашему делу.", "Сердечно благодарю вас за книги, которые вы прислали мне. Я получил их нынче, собираюсь начать с «Христианского государства» и надеюсь, что это побудит меня прочесть их все. Первую из них уже кончил. Напишу вам мое искреннее мнение о ней.1", "Печатается по копии, рукой М. Л. Толстой, из архива Н. Л. Оболенского. Дата копии.", "Джордж Херрон (1862—1925) — американский пастор и христианский социалист, профессор колледжа в г. Айове, автор многочисленных сочинений на социально-религиозные темы.", "Ответ на письмо Херрона от 3 июня н. ст., в котором он просил Толстого сообщить ему свое мнение о присланной им брошюре «Христианское государство».", "1 См. письмо № 110, а также отзыв Толстого о книге Херрона в Дневнике от 18 июня (т. 53, стр. 40)." ],
  "source" : "Письма. 1895 г."
}