{
  "id" : "104",
  "to" : [ {
    "firstName" : "А",
    "lastName" : "Левитскому",
    "paternalName" : "М",
    "originalEntry" : "* 104. А. М. Левитскому."
  } ],
  "date" : -1875898800000,
  "place" : "Я. П.",
  "content" : "* 104. А. М. Левитскому.\n24 июля 10 года. Ясная Поляна.\nЛевитскому.\nАлександр Михайлович,\nВполне понимаю вашу неудовлетворенность определением бога — разумением — одной из сторон его проявления.\nВ книгах «На каждый день», в числах от 1-го до 5-го включительно, вы, я думаю, найдете мое более определенное, если оно вас интересует, отношение к этому вопросу.\nДумаю, что никакое определение человеком бога не может быть не только полно, но хотя бы удовлетворительно. При определении того, что мы понимаем под словом бог, главная опасность не в том, что не вполне определим его, что невозможно, а что мы скажем что-либо лишнее, умаляющее или извращающее это понятие.\nС совершенным уважением\n",
  "notes" : [ "Печатается по копии, сверенной с черновиком-автографом, написанным на конверте письма Левитского и подписанным инициалами: «Л. Т.».", "Ответ на письмо Александра Михайловича Левитского из Москвы." ],
  "source" : "Письма 1910 гг."
}