{
  "id" : "104",
  "to" : [ {
    "firstName" : "А",
    "lastName" : "Данишевскому",
    "paternalName" : "А",
    "originalEntry" : "*104. А. А. Данишевскому."
  } ],
  "date" : -1948993200000,
  "place" : "Я. П.",
  "content" : "*104. А. А. Данишевскому.\nБлагодарю очень зa добрые чувства.\nЛев Толстой.\n29 марта 1908.\n",
  "notes" : [ "Печатается по копировальной книге № 8, л. 167.", "Ответ на письмо крестьянина-самоучки Андрея Александровича Данишевского (ст. Воронцовка Воронежской губ.) от 20 марта 1908 г. Поздравляя Толстого с днем 80-летия, Данишевский благодарил его «за олицетворенную доброту и сердечную простоту к бедному, угнетенному и оскорбленному ближнему». Просил ответа, «который, — писал он, — заведу в рамку для своего потомства и назидания современников». Очевидно, Толстой предполагал поручить ответ секретарю. На конверте его помета: Отве[тить], благод[арить]." ],
  "source" : "Письма. 1908 г."
}