{
  "id" : "104",
  "to" : [ {
    "firstName" : "Н",
    "lastName" : "Евдокимову",
    "paternalName" : "П",
    "originalEntry" : "104. H. П. Евдокимову."
  } ],
  "date" : -1919703600000,
  "place" : "Я. П.",
  "content" : "104. H. П. Евдокимову.\nЯсная Поляна.\n3 марта 09 г.\nНикита П.,\nДумаю, что вы верно судите, полагая, что мы так же не можем знать, что будет за гробом, как не знаем, что было до рождения.\nПрибавлю еще то, что если мы понимаем, что наша жизнь есть служение, то и не нуждаемся в этом знании.1\n",
  "notes" : [ "Печатается по дубликату подлинника, вклеенному в копировальную книгу № 8, л. 526. Впервые опубликовано в газете «Одесские новости» 1912, № 8650 от 19 февраля.", "Ответ на письмо крестьянина села Владимировского, Херсонской губ., Никиты П. Евдокимова от 22 февраля, который спрашивал Толстого: «Есть ли загробная жизнь? Или, может быть, наше загробное существование такое же, как мы существовали до своего рождения?»", "1 Этот абзац приписан рукой Н. Н. Гусева под диктовку Толстого." ],
  "source" : "Письма 1909 г."
}