{
  "id" : "104",
  "to" : [ {
    "firstName" : null,
    "lastName" : null,
    "paternalName" : null,
    "originalEntry" : "104. Письмо к издателям."
  } ],
  "date" : -3307546800000,
  "place" : "Я. П.",
  "content" : "104. Письмо к издателям.\nБолее месяца тому назад посланы мною в Московскую сохранную казну проценты, кредитными билетами и сериями; последних было на 350 р. Через месяц получаю серии обратно при следующей бумаге: «Сохранная казна, зачислив присланные вами наличные деньги пятьсот двадцать девять рублей по займу вашему, серии, на триста пятьдесят рублей, препровождает при сем к вам обратно вместе с квитанцией, как непринимаемые в платеж по займам». Между тем я должен заметить, что с тех пор, как существуют серии, было плачено за это имение постоянно сериями.\nВсем известно, что в настоящее время не только в нашем околотке, но и во всей России помещики чуть не на половину находятся под опекой один у другого за неплатеж процентов сохранной казне; всем известно, что на продающиеся за неплатеж имения не является покупателей. Вот при каких обстоятельствах сохранная казна не затрудняется возвращать назад бывшую уже у нее в руках уплату долга от очевидно несостоятельного кредитора.\nГраф Лев Толстой.\n10-го марта 1865 г.\n",
  "notes" : [ "Печатается по тексту, впервые опубликованному в «Московских ведомостях», 1865, № 58 от 16 марта, стр. 4.", "В Дневнике Толстого 27 марта 1865 г. записано: «Глупость печатанья о сохранной казне — сильный урок» (т. 48, стр. 62)." ],
  "source" : "Письма. 1865 г."
}