{
  "id" : "104",
  "to" : [ {
    "firstName" : "И",
    "lastName" : "Цейликману",
    "paternalName" : "Я",
    "originalEntry" : "* 104. И. Я. Цейликману."
  } ],
  "date" : -1890673200000,
  "place" : "Я. П.",
  "content" : "* 104. И. Я. Цейликману.\nБлагодарю вас, Иосиф Яковлевич, за ваше письмо и присылки обвинительного акта по делу Афанасьева.\nЕсли буду иметь силы, то постараюсь воспользоваться этим обвинительным актом так, как предполагал.\nЕще раз благодарю вас.\n2 февраля 10 г.\nЯсная Поляна.\n",
  "notes" : [ "Печатается по копии, сверенной с черновиком-автографом, написанным на конверте письма И. Я. Цейликмана.", "Иосиф Яковлевич Цейликман (р. 1880) — юрист. С 1901 по 1907 г. сидел в тюрьме, а затем находился в ссылке под надзором полиции. С 1908 г. состоял членом Московской присяжной адвокатуры, в 1910 г. был помощником присяжного поверенного. После революции работал в качестве юриста в советских учреждениях в Москве.", "16 января 1910 г. Толстой присутствовал в Туле на заседании выездной сессии Московской судебной палаты, где слушались два дела. Одно дело восьми крестьян, обвинявшихся в попытке ограбления почты. Крестьян защищал тульский присяжный поверенный Б. О. Гольденблат (см. письмо № 165). Второе дело, на котором присутствовал Толстой, было дело, слушавшееся при закрытых дверях, по обвинению тульского мещанина Афанасьева Ивана Ивановича по 102-й статье Уголовного уложения в принадлежности к партии социалистов-революционеров и по 132-й статье — в хранении революционной литературы. Афанасьева защищал помощник присяжного поверенного И. Я. Цейликман. И. Я. Цейликман в своих неопубликованных воспоминаниях рассказывает, что после открытия заседания «в зале остались, кроме состава суда, только Афанасьев, я и Лев Николаевич с неразлучным Маковицким. Пристав стал достаточно грубо выдворять их, но Лев Николаевич явно не обнаруживал желания уйти, оставаясь сидеть на своем месте в переднем ряду. Я поспешил к приставу и сказал ему, что оставляю Толстого в зале в счет тех трех человек, которых подсудимый был вправе оставлять, когда дело слушается при закрытых дверях...» Во время перерыва Толстой просил Цейликмана достать ему копию обвинительного акта. Как предполагал Толстой воспользоваться этим обвинительным актом, установить не удалось; во всяком случае по сохранившимся материалам видно, что намерение это осталось неосуществленным. По возвращении своем в Москву И. Я. Цейликман прислал Толстому обвинительный акт с сопроводительным письмом от 31 января 1910 г., в котором писал: «Приговор этот следует признать довольно милостивым, и эту относительную милостивость нельзя не отнести на счет Вашего, глубокоуважаемый Лев Николаевич, присутствия в заседании: во всем, в манере председателя, в словах прокурора и т. п. чувствовалось что-то сдерживающее и смягчающее, и это необычайное начало, конечно, было привнесено Вами». В воспоминаниях И. Я. Цейликмана более подробно описывается это событие. (См. т. 58, стр. 299—301). Пребывание Толстого на судебном заседании было описано во многих столичных и провинциальных газетах. Дело Афанасьева заинтересовало Толстого настолько, что он просил свидания с ним и с другими заключенными в Тульской тюрьме, но этого не разрешил прокурор, о чем сообщал в своем письме Толстому от 11 февраля 1910 г. Б. О. Гольденблат. После этого Толстой просил разрешения на посещение заключенных в Тульской тюрьме через М. А. Стаховича у начальника главного управления местами заключения Хрулева. См. письмо № 162а." ],
  "source" : "Письма 1910 гг."
}