{
  "id" : "104",
  "to" : [ {
    "firstName" : "Н",
    "lastName" : "Некрасову",
    "paternalName" : "А",
    "originalEntry" : "104. Н. А. Некрасову."
  } ],
  "date" : -3530286000000,
  "place" : "Я. П.",
  "content" : "104. Н. А. Некрасову.\nПо здравом обсуждении я убедился, любезный Николай Алексеич, что союз наш ни к чорту не годится. Всё, что мы с вами говорили об этом в Пет[ербурге], справедливо было, а теперь явились еще две новые причины. Во-первых, то, что мне хочется печатать в другие журналы; во-вторых, то, что вы мне не присылаете рассчета дивиденда, вот полтора месяца.\nИз всего этого я вывел решенье разорвать союз. Рассчеты наши мы сделаем при свидании нынче весной в Петербурге.\nНадеюсь, что разрыв общ[его] соглашения не будет иметь влияния на наши личные отношения.1 С своей стороны, я всегда буду стараться печатать всё лучшее в Соврем[еннике] и на днях же пришлю вам две штуки на выбор, из коих одна есть тот же несчастный всеми забракованный музыкант, от которого я не мог отстать и еще переделал.2\nПожалуйста отвечайте мне поскорее в Москву, хотя я теперь в деревне, на днях вернусь в Москву.3 —\nЯ забыл имя и отчество и адрес Аничкова,4 сделайте милость, передайте ему, когда увидите, что я решительного ответа не могу ему дать раньше Марта. Пожалуйста передайте ему это. Это мне очень нужно. —\nЗатем прощайте, от души жму вам руку и желаю всего лучшего.\nВаш гр. Л. Толстой.\n17 Февраля.\nЯсная Поляна.\n",
  "notes" : [ "Впервые опубликовано в АК, стр. 198—199.", "1 Соглашение было прекращено обращением редакции «Современника» к участникам: Григоровичу, Островскому, Тургеневу и Толстому. Обращение это в печати неизвестно. Толстой отвечал на это обращение 26 февраля 1858 г. См. п. № 105. Письмо Некрасова к Толстому см. в альманахе «Круг», книга шестая, М. 1927, стр. 217—218.", "2 Рассказы «Альберт» и «Три смерти».", "3 13 февраля Толстой выехал из Москвы в Тулу и Ясную Поляну, а 23 февраля снова вернулся в Москву.", "4 Виктор Михайлович Аничков (1830—1877) — профессор Николаевской академии генерального штаба по кафедре военного хозяйства, автор ряда военных книг." ],
  "source" : "Письма. 1858 г."
}