{
  "id" : "104",
  "to" : [ {
    "firstName" : "Ф",
    "lastName" : "Королеву",
    "paternalName" : "Н",
    "originalEntry" : "104. Ф. Н. Королеву."
  } ],
  "date" : -3006356400000,
  "place" : "Я. П.",
  "content" : "104. Ф. Н. Королеву.\nМилостивый государь\nФилип Николаевич!\nЯ решительно не могу исправить мою речь по стенографическому отчету.1 Если бы было только наврано, я бы вспомнил и догадался; но тут многое пропущено, многое прибавлено, и во многих местах сказано совершенно обратное того, что я говорил. Тут, видно, кто-нибудь поправлял ее по-своему. Вследствие этого моя покорнейшая просьба к Вам следующая: или выпустить мою речь, прибавив объяснение, что гр. Толстой говорил так несвязно и невнятно, что речь его в стенограф[ическом] отчете вышла совершенно бессмысленна и он отказался ее поправить, или найти стенографический отчет и напечатать его, каким он вышел из рук стенографа, без поправок, в которых я заподазриваю Кашина,2 или напечатать в этом месте выдержку из моей статьи, теперь, вероятно, уже напечатанной в Отеч[ественных] записках, и которая есть не что иное, как частью восстановление того, что было сказано мною, и частью новые соображения, которые надо выпустить. Если, как я полагаю, последнее есть самое удобное, и Вы признаете это возможным, то, будьте так добры, напишите мне о том поскорее, и я по печатному — отмечу и пришлю вам. Я бы и сейчас это сделал и прислал бы Вам с протоколом, но не получил еще оттисков, которых ожидаю с каждой почтой.\nС совершенным уважением и преданностью имею честь быть Ваш покорный слуга\nгр. Лев Толстой.\n25 сентября 1874 г.\n",
  "notes" : [ "Впервые опубликовано в «Летописях Государственного Литературного музея», кн. 2, М. 1938, стр. 46—47.", "Филипп Николаевич Королев (1821—1894) — педагог, писатель и общественный деятель, почетный член Московского комитета грамотности. Сын крестьянина Харьковской губ., Королев окончил в 1841 г. физико-математический факультет Харьковского университета, в 1855 г. получил кафедру практической механики в Горы-Горецком сельскохозяйственном институте, в 1864 г. был назначен директором 2-й мужской гимназии, а в 1869 г. стал одним из основателей Московских женских, так называемых Лубянских курсов и их первым заведующим. В 1870—1876 гг. Королев был директором Петровско-Разумовской сельскохозяйственной академии.", "Королев присутствовал на заседаниях Комитета грамотности 15 января и 13 апреля 1874 г., когда выступал Толстой. Не сомневаясь в теоретических достоинствах звукового метода, Королев тем не менее в своей речи 13 апреля отдавал предпочтение методу Толстого как более пригодному в условиях русской жизни того времени.", "1 Заменяя временно председателя Комитета грамотности И. Н. Шатилова, Королев прислал Толстому для исправления стенограмму той части протокола заседания 13 апреля, где была записана его речь.", "2 Владимир Северьянович Кашин — преподаватель Елисаветинского училища в Москве, секретарь Московского комитета грамотности.", "На это письмо 29 сентября Королев отвечал Толстому: «Милостивый государь граф Лев Николаевич, то, что Вы имеете из протокола Комитета грамотности, 13 апреля, списано буквально со стенографического отчета, представленного г-жею Соц, стенографировавшей всё про исходившее в заседании. Чьи-то посторонние поправки, вставки и извращения замечены не одним Вами; то же самое говорил мне Ф. И. Рахманинов относительно своей речи и речи Д. Ф. Самарина. Пришлите мне то, что Вы хотели бы, чтобы перепечатали в этом протоколе из Вашей статьи, которая должна появиться в «Отечественных записках», и я постараюсь сделать как можно лучше».", "Отправив первое письмо Королеву, Толстой снова пересмотрел стенограмму, нашел возможным исправить ее и 28 сентября послал Королеву, написав ему второе письмо. См. письмо № 107." ],
  "source" : "Письма. 1874 г."
}