{
  "id" : "104",
  "to" : [ {
    "firstName" : "Н",
    "lastName" : "Орлову",
    "paternalName" : "В",
    "originalEntry" : "104. Н. В. Орлову."
  } ],
  "date" : -2073150000000,
  "place" : "Я. П.",
  "content" : "104. Н. В. Орлову.\nСпасибо вам, дорогой Николай Васильевич, за присылку фотографии. Я ждал хорошего, но ваша картина1 превзош[ла] мои ожидания. Всё прекрасно и в целом и порознь. Не унывайте и продолжайте работать в том же направлении. Ваш замысел телесного наказания2 превосходен. Такая картина, да и все ваши ― не только картины — это добрые дела, картина же телесного наказания должна быть событием. Я ни одного художника русского взятого в целом не знаю равного вам. Не унывайте, всё минется, правда останется. А ваши произведения правда, и трогательная правда.\nЖена обещала послать вам собрание моих сочинений. Простите, что давно не догадался послать.\nЛюбящий вас\nЛ. Толстой.\n22 апреля.\n\nХороший вам сюжет рекрутска[я] ставка: присутствие, голый рекрут трясется под меркой, гемороидальный воинский начальник, доктор степенный в очках.\nСходите на набор в уезде.\n\n",
  "notes" : [ "Печатается по копировальной книге № 6, лл. 125―126. Впервые опубликовано в ПТСО, № 156, стр. 233.", "Николай Васильевич Орлов (1863―1924) — художник, особенно любимый Толстым. Знакомый Толстого и семьи Толстых. См. т. 73, стр. 220.", "Ответ на письмо Орлова от 13 или 14 апреля 1904 г., в котором он описывал свою новую картину «Освятили»: «С грустью я посылаю вам свою фотографию. Думаю и уверен даже, что пожурите вы меня за эту картину, но мое самосознание уже снимает с меня часть вины».", "1 Картина Н. В. Орлова «Освятили» написана им, по всей вероятности, в 1901―1903 гг. В апреле 1904 г. она была выставлена на тридцать второй передвижной выставке картин в Москве. В предисловии к альбому «Русские мужики» Н. Орлова Толстой положительно отозвался о ней (см. т. 37).", "2 Картина Н. В. Орлова «Телесное наказание» написана им в Ясной Поляне летом 1904 г." ],
  "source" : "Полное собрание сочинений. Том 75"
}