{
  "id" : "104",
  "to" : [ {
    "firstName" : "Л",
    "lastName" : "Оболенскому",
    "paternalName" : "Е",
    "originalEntry" : "104. Л. Е. Оболенскому."
  } ],
  "date" : -2603559600000,
  "place" : "Я. П.",
  "content" : "104. Л. Е. Оболенскому.\nПосылаю вам, Леонид Егорович, комедию или драму, сочинения Журавова, — крестьянина, автора Раздела.1 По-моему, хорошо и есть такие особенные черты правды, к[оторых] не найдешь в писаниях нашего брата. Грубо страшно, но правдиво. Я бы напечатал и в Посреднике, если бы можно было объяснить, что это зеркало, а не предмет поучения, как смотрят читатели Посредника. Талант же положительный. Если вы напечатаете, известите. Вознаграждение за труд ему я полагаю от 30 до 50 р. Дружески жму вам руку. Как живете? Я хорошо.\nЛ. Толстой.\n",
  "notes" : [ "Впервые опубликовано в «Биржевых ведомостях» (утр. вып.) 1908, № 10673 от 26 августа. Датируется на основании упоминания о комедии Журавова (см. письмо № 106).", "Леонид Егорович Оболенский (1845—1906) — публицист и литературный критик, в 1880-х гг. издатель и редактор журнала «Русское богатство» либерального направления. См. т. 63, стр. 233—234.", "1 Иван Герасимович Журавов. О нем см. в прим. к письму № 328. Заглавие комедии Журавова, посланной Толстым Оболенскому, неизвестно. Напечатана она не была. Упоминаемый рассказ «Раздел» был издан «Посредником» (М. 1887) без указания автора." ],
  "source" : "Письма. 1887 г."
}