{
  "id" : "104",
  "to" : [ {
    "firstName" : "Н",
    "lastName" : "Давыдову",
    "paternalName" : "В",
    "originalEntry" : "* 104. Н. В. Давыдову."
  } ],
  "date" : -2335201200000,
  "place" : "Февраль, начало. Я. П.",
  "content" : "* 104. Н. В. Давыдову.\nБудьте добры, дорогой Николай Васильевич, научите этих крестьян, что и как им делать. Они люди очень хорошие, и очень бы хотелось им помочь, но я ничего тут не понимаю: дело касается судебн[ой] палаты, вот и прошу, очень прошу вас. — Дружески жму вам руку.\nЛев Толстой.\n",
  "notes" : [ "Датируется предположительно, на основании, повидимому, ответного письма Давыдова от 12 февраля 1896 г.", "Давыдов писал: «Пока я, кажется, сделал всё, что нужно для крестьян с. Пирогова, написав им необходимое для подачи в судебную палату объяснение. Месяца через два дело их, вероятно, решится палатою, и, надо думать, в их пользу». Возможно, что об этом деле и упоминает в письме Толстой.", "Содержание дела из письма Давыдова определить нельзя." ],
  "source" : "Письма 1840—1910 гг."
}