{
  "id" : "104",
  "to" : [ {
    "firstName" : "И",
    "lastName" : "Горбунову",
    "paternalName" : "И",
    "originalEntry" : "* 104. И. И. Горбунову-Посадову."
  } ],
  "date" : -2508951600000,
  "place" : "Я. П.",
  "content" : "* 104. И. И. Горбунову-Посадову.\nДорогой Иван Иванович!\nКак странно, что ваше предпоследнее письмо, разъехавшееся с моим, было как бы отголоском того самого, что я писал вам, именно о том, что надо дорожить сознанием ясным своей неправоты, а не стараться заглушать это сознание разговором о ней (о неправоте) с другими. —\nЧто это ваши глаза? Неужели не лучше?1 Посылаю вам воззвание общества трезвости, основавшего[ся] в Цюрихе. Хорошо бы перевести и напечатать где-нибудь это воззвание.2 Есть общие мысли с моей статьей, о кот[орой] я всё ничего не знаю. Я дал ее Дунаеву для передачи Гольцеву.3 Пишите мне чаще. Иванову4 скажите, что Сытин5 взял его переделку, Маша должна была написать ему.\nЯ совсем здоров и тужу о том состоянии, в к[отором] был больной: далеко я ушел в дурную сторону от того состояния. Поша б[ыл] у Алехиных, а с нами переписался только, но не был.\nПрощайте, целую вас.\nЛ. Толстой.\n",
  "notes" : [ "Дата определяется записью в Дневнике Толстого 1 июля (т. 51, стр. 56) и упоминанием этого письма под датой«30 июня» в Списке В. Г. Черткова.", "Ответ на два письма Горбунова без даты.", "1 Письма И. И. Горбунова написаны под диктовку его братом Н. И. Горбуновым, так как у И. И. Горбунова болели глаза.", "2 «Воззвание швейцарского Цюрихского общества трезвости» опубликовано в русском переводе в сборнике «Против пьянства», изд. «Посредник», М. 1893.", "3 Статья Толстого «Для чего люди одурманиваются?». См. т. 27 и прим. 3 к письму № 63.", "4 Николай Никитич Иванов (1867—1913), был одно время сотрудником «Посредника». См. о нем письма 1894 г., т. 67. При письме к Толстому от 29 мая прислал переделку лубочной книжки для Сытина «Пантюшка, Сидорка и Филатка в Москве. Сцены» (издана Сытиным в 1891 г.).", "5 Иван Дмитриевич Сытин (1851—1935), книгоиздатель. См. т. 63, стр. 414—415." ],
  "source" : "Письма. 1890 г."
}