{
  "id" : "104",
  "to" : [ {
    "firstName" : "А",
    "lastName" : "Марксу",
    "paternalName" : "Ф",
    "originalEntry" : "* 104. А. Ф. Марксу."
  } ],
  "date" : -2228410800000,
  "place" : "Я. П.",
  "content" : "* 104. А. Ф. Марксу.\nМилостивый Государь\nАдольф Федорович,\nПосылаю вам главы от 5 до 10-й включительно. Их можно печатать, но лучше бы было прислать еще раз для просмотра. Еще посылаю главы XVIII до XXI, в которых много изменений. Прошу, исправив, прислать. Промежуточныя главы между 10 и 18 переписываются и будут высланы на днях.\nС совершенным уважением\nЛев Толстой.\n21 Мая.\n",
  "notes" : [ "Печатается по листу копировальной книги, хранящемуся в AЧ. Местонахождение автографа неизвестно. Публикуется впервые.", "Толстой правил корректуры второй части «Воскресения», начавшейся печатанием в «Ниве» с № 24 от 12 июня 1899 г. Глава пятая помещена в № 25." ],
  "source" : "Письма 1899 г."
}