{
  "id" : "104",
  "to" : [ {
    "firstName" : "И",
    "lastName" : "Панаеву",
    "paternalName" : "И",
    "originalEntry" : "104. И. И. Панаеву."
  } ],
  "date" : -3613143600000,
  "place" : "Позиция на р. Белъбек.",
  "content" : "104. И. И. Панаеву.\nМилостивый Государь\nИвань Ивановичь!\nПосылаю Вам Севастопольскую статью.1 Хотя я убежден,. что она без сравненья лучше первой, она не понравится, в этом я уверен. И даже боюсь, как бы ее совсем не пропустили. Насчет того, чтобы ея не изуродовали, как Вы сами увидите, я принял всевозможныя предосторожности.2 Во всех местах, которыя показались мне опасными, я сделал вариянты с такого рода знаками (в) или скобками означил, что выключить в том случае, ежели не понравятся цензуре.\n— Ежели же сверх того, что я отметил, стали бы вымарывать что-нибудь, решительно не печатайте. В противном случае это очень огорчит меня. Для заглавия я сделал вариант,3 потому что «Севастополь в Мае» слишком явно указывает на дело 10 Мая,4 а в Совр[еменнике] не позволено печатать о военных делах. Напшисецкаго я заменил Гнилокишкиным на тот случай, ежели цензура скажет, что офицер не может от флюса отказываться от службы; тогда это 2 различные офицера.5 Польскую фразу, ежели можно поместить, то с переводом в выноске, ежели нельзя, то русскую, которая под знаком (+).6 И еще ругательства Русския и французския нельзя ли означить точками, хотя без начальных букв, ежели нельзя, но они необходимы.7\nВообще надеюсь, что Вы будете так добры защитить сколько можно мой разсказ — зная лучше взгляд цензуры, вставите уж вперед некоторые варианты, чтобы не разсердить ея и какия-нибудь незначительныя, непредвиденныя изменения сделаете так, чтобы не пострадал смысл. Очень ожидая ответа Вашего на 2 письма моихъ8 и еще раз повторяя покорную просьбу покровительствовать и защитить этот последний разсказ,\nимею честь быть\nВаш покорнейший слуга\nГр. Л. Толстой.\n4 Июля 1855\nБельбек.\n№-а подразделения и черточки, пожалуйста, также оставьте, как они у меня в рукописи.\n\nНа 1 странице:\nЕго Высокоблагородию Ивану Ивановичу Панаеву.\n",
  "notes" : [ "Печатается по автографу, хранящемуся в ИРЛИ. Впервые опубликовано М. А. Цявловским в «Красной нови», 1928, 9, стр. 219—220.", "1 «Севастополь в мае», писавшийся 18—26 июня.", "2 Посланная Толстым рукопись в настоящее время находится в ЛБ. По этой рукописи рассказ впервые напечатан лишь в настоящем издании (см. 4 т., стр. 18—59 и 387—392).", "3 Вариант был: «Ночь весною в Севастополе».", "4 В ночь с 10 на 11 мая происходило сражение на правом фланге оборонительной линии за наши контр-апроши у кладбища и у карантинной бухты. У кладбища после пятичасового боя неприятельские войска заняли часть контр-апрошей, а у бухты траншеи и ложементы три раза переходили из рук в руки и, наконец, около часа пополуночи были окончательно заняты французами. За ночь у нас выбыло из фронта 2516 человек, а у неприятеля — 2303 чел.", "5 См. стр. 25 и 192 4 тома.", "6 См. там же стр. 36 и 204.", "7 См. там же стр. 45, 55, 57 и 214.", "8 Письма от 14 и 16 июня.", "На это письмо Панаев ответил письмом от 18 июля, которое см. в прим. к п. № 107." ],
  "source" : "Письма. 1855 г."
}