{
  "id" : "104",
  "to" : [ {
    "firstName" : "Н",
    "lastName" : "Никитенко",
    "paternalName" : "Е",
    "originalEntry" : "* 104. H. Е. Никитенко."
  } ],
  "date" : -1977850800000,
  "place" : "Я. П.",
  "content" : "* 104. H. Е. Никитенко.\nЛюбезный брат Никита Елисеевич,\nОчень рад был получить ваше письмо. Книги посылаю вам. А о денежной помощи очень жалею, что не могу исполнить. У меня своего имущества давно нет никакого, а какие присылают мне на бедных чужие деньги, я распределяю на погоревших, сирот и вдов в округе. Видеться нам телесно нет нужды. Будем общаться духом, письменно, если есть надобность, чего я очень желаю.\nЛюбящий вас брат\nЛев Толстой.\n30 апр. 1907.\n",
  "notes" : [ "Ответ на письмо Никиты Елисеевича Никитенко (р. 1874), крестьянина Черниговской губ., от 23 апреля 1907 г. с выражением сочувствия религиозным взглядам Толстого. В конце он упоминал о своем затрудненном материальном положении и просил прислать ему «на хату сколько денег возможно»." ],
  "source" : "Письма. 1907 г."
}