{
  "id" : "104",
  "to" : [ {
    "firstName" : null,
    "lastName" : null,
    "paternalName" : null,
    "originalEntry" : "* 104. Н. Богданову."
  } ],
  "date" : -2106586800000,
  "place" : "1/14. Я. П.",
  "content" : "* 104. Н. Богданову.\nНиколаю Богданову.\nНе лучше ли бы вам было написать мне, в чем состоит занимающий вас вопрос, чем подвергаться расходам и неудобствам с вашей и с моей стороны, связанных с вашим ириездом? Если дело ваше до меня важно и — главное — я увижу, что могу быть полезен вам, то я сейчас попрошу вас приехать.\nЛев Толстой.\n1 апреля 1903.\n",
  "notes" : [ "Печатается по копировальной книге № 5, л. 155.", "Ответ на письмо Николая Богданова (Петербуг) от 19 марта 1903 г.", "В ответном письме от 9 апреля Богданов снова настаивал на необходимости свидания, не указывая конкретно, в чем состоял «ужасный случай», происшедший в его жизни. На конверте пометка Толстого: «Написать, чтобы не ездил»." ],
  "source" : "Письма. 1903 г."
}