{
  "id" : "105",
  "to" : [ {
    "firstName" : "Э",
    "lastName" : "Ухтомскому",
    "paternalName" : "Э",
    "originalEntry" : "* 105. Э. Э. Ухтомскому."
  } ],
  "date" : -2264439600000,
  "place" : "Любящий и уважающий вас",
  "content" : "* 105. Э. Э. Ухтомскому.\nДорогой Эспер Эсперович,\nПисьмо это передадут вам приехавшие ко мне духоборы.1 Так как я знаю, что вы хотите ходатайствовать за них, я решил, что эта живая грамота есть самый лучший матерьял для этого ходатайства. Если я этой посылкой делаю вам неприятное, то именно ради бога простите меня.\nЯ не мог поступить иначе. Дело это слишком важное — так велика разница между продолжением тех же гонений, про которые они вам расскажут, и освобождением от страдания целого населения, что я не колеблясь рискую быть неприятным вам, хотя всей душой желал бы только быть вам приятным. Главное, я перед богом не мог поступить иначе. Помоги вам бог поступить согласно его воле и так, чтобы всегда с радостью вспоминать ваш поступок.\nЛюбящий и уважающий вас\nЛев Толстой.\n30 марта 1898.\n\nПосылаю вам копию письма, кот[орое] писал вам вчера, боясь, что оно почему-нибудь не дойдет.\n",
  "notes" : [ "1 Павел Васильевич Планидин и Д. Чернов. См. письмо Толстого к В. Г. Черткову от 4 апреля 1898 г., т. 88." ],
  "source" : "Письма. 1898 г."
}