{
  "id" : "105",
  "to" : [ {
    "firstName" : "Т",
    "lastName" : "Берс",
    "paternalName" : "А",
    "originalEntry" : "* 105. Т. А. Берс."
  } ],
  "date" : -3306337200000,
  "place" : "Я. П.",
  "content" : "* 105. Т. А. Берс.\n24 марта.\n[С. А. Толстая пишет своей сестре о брате Толстого Сергее Николаевиче и его сестре Марии Николаевне. Толстой делает вставки между строк.]\n...Вообще я Машеньку не долюбливаю. Напрасно. Всё это так кажется только, когда не в духе. А будет и было и будет всем вместе хорошо и весело, и Машинька очень много хорошего имеет. Она прескучная. Всё вздор. Сама не в духе.\nСоня.\n",
  "notes" : [ "Сережа очень тоже ее осуждает, и Левочка с ними согласен. Согласен, да не так. Она там хлопочет по своим делам и знать ничего не хочет. Неправда. В эту минуту Лева ушел по хозяйству, Сережа лежит читает, а я пишу. Теперь сумерки. Дети всё не совсем здоровы. Мы с Сережей всё мечтаем все ехать за границу, да так на диване и останемся. Прощай, целую тебя.", "Год определяется сопоставлением с записью в дневнике С. А. Толстой 23 марта 1865 г. (ч. I, стр. 88)." ],
  "source" : "Письма. 1865 г."
}