{
  "id" : "105",
  "to" : [ {
    "firstName" : null,
    "lastName" : null,
    "paternalName" : null,
    "originalEntry" : "105. Воронежским эсперантистам."
  } ],
  "date" : -2388250800000,
  "place" : "Москва.",
  "content" : "105. Воронежским эсперантистам.\nМилостивые государи.\nЯ получил ваши письма и постараюсь, как сумею, исполнить ваше желание, т. е. — высказать свое мнение о мысли вообще всенародного языка и о том, насколько язык эсперанто1 соответствует этой мысли.\nВ том, что люди идут к тому, чтобы составить одно стадо, с одним пастырем разума и любви, и что одной из ближайших предшествующих ступеней этого должно быть взаимное понимание людей друг друга, в этом не может быть никакого сомнения. Для того же, чтобы люди понимали друг друга, нужно или то, чтобы все языки сами собою слились в один (что если и случится когда-либо, то только через очень большое время), или то, чтобы знание всех языков так распространилось, чтобы не только все сочинения были переведены на все языки, но и все бы люди знали так много языков, чтобы все имели возможность на том или другом языке сообщаться друг с другом, или то, чтобы был избран всеми один язык, которому обязательно обучились бы все народы, или, наконец, то (как это предполагается волапюкистами и эсперантистами), чтобы все люди разных народностей составили бы себе один международный облегченный язык и все обучились ему. В этом состоит мысль эсперантистов. Мне кажется, что последнее предположение самое разумное и, главное, скорее всего осуществимое.\nТак я отвечаю на первый вопрос. На второй вопрос — насколько язык эсперанто удовлетворяет требованиям международного языка, — я не могу ответить решительно. Я не компетентный судья в этом. Одно, что я знаю, это то, что воляпюк2 показался мне очень сложным, эсперанто же, напротив, очень легким, каким он должен показаться всякому европейскому человеку. (Я думаю, что для всемирности в настоящем смысле этого слова, т. е. для того, чтобы соединить индийцев, китайцев, африканские народы и пр., понадобится другой язык, но для европейского человека эсперанто чрезвычайно легок.) Легкость обучения его такова, что, получив лет шесть тому назад эсперантскую грамматику, словарь и статьи, написанные на этом языке, я после не более двух часов занятий был в состоянии, если не писать, то свободно читать на этом языке.\nВо всяком случае, жертвы, которые принесет каждый человек нашего европейского мира, посвятив несколько времени на изучение этого языка, так незначительны, а последствия, которые могут произойти от усвоения всеми, — хотя бы только европейцами и американцами — всеми христианами — этого языка так огромны, что нельзя не сделать этой попытки. Я всегда думал, что нет более христианской науки, как знание языков, то знание, которое дает возможность общения и единения с наибольшим количеством людей. Я не раз видал, как люди становились во враждебные отношения друг к другу только от механического препятствия к взаимному пониманию. И потому изучение эсперанто и распространение его есть несомненно христианское дело, способствующее установлению царства божия, того дела, которое составляет главное и единственное назначение жизни человеческой.\nЛев Толстой.\n27 апреля 1894.\n",
  "notes" : [ "Печатается по подлиннику, написанному рукой И. М. Трегубова. Дата и подпись рукой Толстого. На подлиннике надпись адресата: «Получено от г-на Трегубова из Москвы 1894 г. 6 мая. — Василий Кравцов». Кроме подлинника, сохранился черновик-автограф, несколько отличный от окончательного текста. Впервые опубликовано в газете «Неделя» 1894, № 24 от 12 июня, стр. 767—768.", "Василий Львович Кравцов — участковый мировой судья в г. Воронеже.", "Ответ на письмо Кравцова от начала апреля 1894 г. (не сохранившееся в АТ), написанное от имени кружка приверженцев языка эсперанто).", "1 Эсперанто — искусственный язык, изобретенный варшавским врачом Л. Л. Заменгофом.", "2 Воляпюк (Volapuk) — искусственный язык, изобретенный в 1880 г. пастором И. М. Шлейером." ],
  "source" : "Письма. 1894 г."
}