{
  "id" : "105",
  "to" : [ {
    "firstName" : "В",
    "lastName" : "Засосову",
    "paternalName" : "И",
    "originalEntry" : "* 105. В. И. Засосову."
  } ],
  "date" : -1904410800000,
  "place" : "Я. П.",
  "content" : "* 105. В. И. Засосову.\nНе мог не порадоваться, милый брат Владимир, известию о вашем освобождении. Будем стараться делать, что должно, не заботясь о последствиях. Давайте о себе знать. Помните, что вы мне очень близки.\nЛюбящий вас Л. Толстой.\n27 авг. 1909.\n",
  "notes" : [ "Печатается по копировальной книге № 8, л. 587.", "Владимир Иванович Засосов (1886—1910) — крестьянин Клинского у. Московской губ., отказавшийся от военной службы. Был освобожден по болезни (туберкулез). В письме от 24 августа 1909 г. Засосов уведомил Толстого о своем освобождении. Толстой ответил на это письмо." ],
  "source" : "Письма 1909 г."
}