{
  "id" : "105",
  "to" : [ {
    "firstName" : "Н",
    "lastName" : "Новосаду",
    "paternalName" : "Р",
    "originalEntry" : "* 105. Н. Р. Новосаду."
  } ],
  "date" : -1977850800000,
  "place" : "Я. П.",
  "content" : "* 105. Н. Р. Новосаду.\nЗа наукой никуда бегать не нужно. Вся наука, какая нужна человеку, есть в Евангелии. Советую вам жить, где живете, заниматься, чем занимаетесь, и не мечтать о славе, а стараться исправлять себя от своих недостатков, между прочим, особенно от тщеславия и честолюбия, к[отор]ым, как я вижу, вы особенно подвержены. Посылаю вам книгу Мысли Мудр[ых] людей, к[отор]ая может быть вам полезна.\nЛев Толстой.\n1907. 30 апр.\n",
  "notes" : [ "Печатается по копировальной книге № 7, лл. 326 и 327. Ответ на письмо Николая Романовича Новосада (с. Ярославец Люблинской губ.) от 4 апреля 1907 г. Новосад, окончивший начальное училище, писал, что у него «сильная наклонность к учению», но «ввиду критического положения он не может поступить в учебное заведение». «Ради науки буду терпеть голод, холод, нужду, вражду и т. п.»; просил у Толстого совета." ],
  "source" : "Письма. 1907 г."
}