{
  "id" : "105",
  "to" : [ {
    "firstName" : "П",
    "lastName" : "Голохвастову",
    "paternalName" : "Д",
    "originalEntry" : "105. П. Д. Голохвастову."
  } ],
  "date" : -3006270000000,
  "place" : "Я. П.",
  "content" : "105. П. Д. Голохвастову.\nОчень благодарен вам, дорогой Павел Дмитрич, за ваши оба письма,1 на которые я не успел ответить. Мы были у Дьяковых, и я там получил последнее письмо. Не могу сказать, чтобы я был рад известию о положении ваших дел. Это только отсрочка, а неопределенность так мучительна. О Новосильском имении2 я навел справки и видел Мяснова3 и отослал ему вопросные пункты. Когда получу ответ, пришлю вам.4 Он говорил о цене так, что, я полагаю, за 45 тыс. отдадут. И по всему, что я узнал, я вам очень советую купить. Шатилов писал вам (он мне говорил), что не советует купить, не слушайте его.\nПолучили ли вы книги ваши, за которые еще раз очень благодарю, и все ли они целы. Некрасова я забыл уложить, пришлю после. Мы вчера вернулись от Дьяковых и принимаемся за свою постоянную трудовую жизнь, и с большой радостью. Гувернера и гувернантки всё еще у нас нет. Данилович мне не нравится, несмотря на то, что вы его покровительствуете, но письмо ваше о нем и всех отношениях его с семейством Васильчикова5 — прелесть. Так я и вижу всё это и переживаю. Был я у Леонтьева6 за гувернером и говорил о вашей статье о русском стихе.7 Он очень желает напечатать ее. Если вы найдете лучше, то хорошо, но не зарывайте ее в какие-то древности. Что делать, журнала негадкого нет, и «От[ечественные] зап[иски]» гадки своей гадостью, и «Р[усский] в[естник]» своей, противоположной той гадости, а середины нет. Очень надеемся на гувернантку через посредство m-lle Elfrot и очень благодарим. Передайте наш поклон Ольге Андреевне и пишите былины; я этим, вместо покорного слуги, заключаю и буду заключать мои к вам письма, пока вы не напишете.\nЛев Толстой.\n",
  "notes" : [ "О первой публикации см. стр. 3. Год определяется сопоставлением с письмом № 85, месяц и число — на основании слов: «Мы вчера вернулись от Дьяковых». (Ср. письмо С. А. Толстой к Т. А. Кузминской от 29 сентября 1874 г.)", "1 Известно только одно письмо П. Д. Голохвастова (без начала), где он пишет о своем желании купить землю.", "2 Имение Петра Петровича Новосильцева «Воин», Мценского уезда Орловской губ.", "3 Аристион Васильевич Мяснов — тульский помещик. В 1874 г. он одновременно с Толстым был почетным мировым судьей г. Крапивны. Письмо Толстого с «вопросными пунктами» неизвестно.", "4 См. письмо № 108.", "5 А. И. Васильчиков (1818—1881) — знакомый, И. Н. Шатилова и П. Д. Голохвастова.", "6 Павел Михайлович Леонтьев — директор Катковского лицея и редактор «Русского вестника». См. о нем т. 83, стр. 175. Толстой был у него около 9 сентября.", "7 Речь идет о работе П. Д. Голохвастова «Законы стиха русского народного и нашего литературного». В предисловии к этому исследованию, изданному только в 1883 г., говорится, что оно вызвано к жизни Толстым и было задумано в форме писем к нему." ],
  "source" : "Письма. 1874 г."
}