{
  "id" : "105",
  "to" : [ {
    "firstName" : "А",
    "lastName" : "Кузминскому",
    "paternalName" : "М",
    "originalEntry" : "* 105. А. М. Кузминскому."
  } ],
  "date" : -2335201200000,
  "place" : "Июль, после Я. П.",
  "content" : "* 105. А. М. Кузминскому.\nСемь бед — один ответ, раз уж я прошу тебя за знакомого Черткова1 и мне неизвестного человека, попрошу и за своего знакомого, киевского молодого и очень хорошего человека находящегося с семьей — женой и двумя детьми — в очень бедственном положении, вследствие отсутствия работы.2 Молодой человек этот был в революционной организации, где его женили, и из которой он по своим очень определенным христианским убеждениям вышел и к которой относится с отвращением. Он способный и хорошо грамотный человек; жена его курсистка. Работа, которой они ищут и которой кормились до сих пор, это литографирование, переписка лекций, уроки, свер[с]тывание брошюр и т. п. Он выучился массажу и был одно время кандидатом в помощники библиотекаря. Так вот, нельзя ли через твои связи дать ему какую-нибудь работу, кот[орая] могла бы кормить его с семьею. Человек он приятный в обращении и работник хороший. Теперь он здесь, но жена его в Киеве: Больш. Дорогожитская ул., д.3 № 14, Александра Иларионовна 3линченко.\nЕсли можно, то сделай это и не сердись на меня, пожалуйста, а прости.\n",
  "notes" : [ "Датируется по содержанию (см. прим. 1 и 2).", "1 Толстой просил Кузминского об устройстве на работу в Киеве бывшего учителя И. Т. Харкевича, знакомого В. Г. Черткова (см. письмо к А. М. Кузминскому от 4 июля 1896 г., т. 69, стр. 116—117).", "2 Речь идет о Кирилле Павловиче1 Злинченко (р. 1870), в то время сочувствовавшем взглядам Толстого, и его жене Александре Илларионовне, рожд. Людоговской (1855—1919). С такой же просьбой о 3линченко Толстой, не получив ответа от Кузминского, обратился к его жене, Т. А. Кузминской (см. письмо к ней от 1—4 августа 1896 г., т. 69, стр. 120—121; там же в комментариях см. о Злинченко).", "3 Далее было оставлено пустое место и затем адрес был вписан карандашом." ],
  "source" : "Письма 1840—1910 гг."
}