{
  "id" : "105",
  "to" : [ {
    "firstName" : "Карлу",
    "lastName" : "Гейдману",
    "paternalName" : null,
    "originalEntry" : "* 105. Карлу Гейдману (Karl Heidman)."
  } ],
  "date" : -2106586800000,
  "place" : "1/14. Я. П.",
  "content" : "* 105. Карлу Гейдману (Karl Heidman).\nGeehrter Herr,\nDie Frage die Sie stellen ist eine Frage der Zukunft, für die Losung derselben wir noch nicht reif sind. Es ist aber eine Freude zu wissen dass die Frage schon jetzt im Gewissen der Menschen aufgesteigen ist.\nMit Hochachtung\nIhr ergebener\nМилостивый государь,\nС уважением\nпреданный вам\n",
  "notes" : [ "Вопрос, который вы ставите, вопрос будущего; для разрешения его мы недостаточно еще зрелы. Но очень радостно знать, что вопрос этот уже теперь возникает в сознании людей.", "Печатается по копировальной книге № 5, л. 152. Дата Толстого нового стиля. Датируется по отметке на письме Гейдмана.", "В письме от 5 апреля н. ст. 1903 г. доктор философии Карл Гейдман, живший близ Берлина, писал о противоречиях жизни, выражающихся в том, что человек, вопреки закону любви, эксплуатирует и уничтожает животных." ],
  "source" : "Письма. 1903 г."
}