{
  "id" : "105",
  "to" : [ {
    "firstName" : "Е",
    "lastName" : "Молоствовой",
    "paternalName" : "В",
    "originalEntry" : "* 105. Е. В. Молоствовой."
  } ],
  "date" : -2019668400000,
  "place" : "Я. П.",
  "content" : "* 105. Е. В. Молоствовой.\nОчень рад был получить от вас письмо, милая Лизавета Владимировна. Думаю, что болезнь ваша прошла; если же не прошла, то и в этом нет ничего худого для человека, живущего духовной жизнью,1 каким я считаю вас. Болезнь только помогает нам сделать то, что мы неизбежно для нашего истинного блага [должны] сделать сами: перенести свои желания из телесной области в духовную, в приближении к тому совершенству, которое мы сознаем.\nПомогай вам бог сознательно и бессознательно подвигаться на этом пути.\nСовершающиеся события не дают мне спокойно заниматься теми работами, к[оторые] более свойственны моему возрасту, а заставляют отзываться на совершающееся. Что и сделал в последних двух статьях: «Конец века», вышедшей, и другой, к[оторую] только что окончил.2\nПрощайте, желаю вам всего такого хорошего, к[отор]ое никогда не перестает быть хорошим.\nЛев Толстой.\n1 янв. 1906.\n",
  "notes" : [ "Ответ на письмо Молоствовой от 12 ноября 1905 г.", "1 В автографе: жизни", "2 Статья «Обращение к русским людям. К правительству, революционерам и народу»." ],
  "source" : "Письма. 1906 г."
}