{
  "id" : "105",
  "to" : [ {
    "firstName" : "С",
    "lastName" : "Яремичу",
    "paternalName" : "П",
    "originalEntry" : "105. С. П. Яремичу."
  } ],
  "date" : -2352654000000,
  "place" : "Москва.",
  "content" : "105. С. П. Яремичу.\nОчень благодарен за присылку портрета. Он напоминает одно из выражений лица нашего друга. И это приятно вспоминать, приятно мне тоже знать, что, прислав мне этот портрет, вы пожелали сделать мне приятное. Я вас тоже знаю, и с самой хорошей стороны, по рассказам Ник[олая] Ник[олаевича]. По франц[узской] поговорке: друзья наших друзей — наши друзья.\nЕще раз благодарю вас.\nЛ. Толстой.\n13 июня 1895.\n",
  "notes" : [ "Впервые опубликовано в сборнике ПТСО, стр. 131.", "Степан Петрович Яремич (1869—1939) — художник и искусствовед, ученик художника H. Н. Ге. Автор многочисленных трудов по истории русского искусства и составитель книги «Л. Н. Толстой и Н. Н. Ге. Переписка», «Academia», М. — Л. 1930.", "Ответ на письмо Яремича от 8 июня 1895 г., при котором он прислал фотографию художника Н. Н. Ге." ],
  "source" : "Письма. 1895 г."
}