{
  "id" : "105",
  "to" : [ {
    "firstName" : "Н",
    "lastName" : "Некрасову",
    "paternalName" : "А",
    "originalEntry" : "105. Н. А. Некрасову."
  } ],
  "date" : -3529508400000,
  "place" : "Москва.",
  "content" : "105. Н. А. Некрасову.\nНынче получил ваш циркуляр и спешу отвечать. Что я вполне согласен на разрыв союза, вы убедитесь из моего прежнего письма. Что вы поступили совершенно справедливо, в этом тоже нет никакого сомненья. Итогом своего рассчета я вполне доволен, и, ежели можете, пришлите мне поскорее следуемые деньги. К Марту месяцу уже я вам не поспею с новой вещью, а в Марте надеюсь сам вас видеть и прочесть вам. Затем прощайте, любезный Николай Алексеевич. Я боюсь, вследствие того, что мы давно не видались, и эти рассчеты, между нами что-то неладно. —\nЯ этого очень, очень бы не желал.\nВаш Гр. Л. Толстой.\n26 Февраля.\n",
  "notes" : [ "Впервые опубликовано в АК, стр. 199—200. Письмо является ответом на письмо Некрасова от 22 февраля 1858 г. См. прим. 1 к п. № 104." ],
  "source" : "Письма. 1858 г."
}