{
  "id" : "105",
  "to" : [ {
    "firstName" : "А",
    "lastName" : "Юшко",
    "paternalName" : "В",
    "originalEntry" : "* 105. А. В. Юшко."
  } ],
  "date" : -2290705200000,
  "place" : "Я. П.",
  "content" : "* 105. А. В. Юшко.\nДорогой А[враам] В[асильевич]. Очень, очень вам благодарен за письмо. Я часто думал о вас и болел за вас, т[ак] к[ак] последние известия были нехороши, как будто вас разгоняли. Слава богу, что вы держитесь. Вы ведь, верно, знаете про ссылку Черткова, Бирюкова и Трегубова. Черт[ков] живет в Англии, и там устроилась земледельческая колония в 5 часах езды от Лондона. Черт[кову] очень понравилось, как там живут человек 10, все оставившие выгодное, в мирском смысле, положение и спокойно, твердо работающие всю первобытную тяжелую работу и все — как он пишет — проникнутые христианской кротостью и смирением.1\nЧерт[ков] с семьей хочет переехать туда. К несчастию жена его очень болезненна и будет страдать там оттого, что будет чувствовать себя тяготой для других.\nКак справедливо то, что вы пишете о том, что христианин не может не испытывать скорбь, скрытую[?] скорбь, постоянную, скорбь за других и, главное, что я испытываю, за себя, за свою слабость. Очень часто говорят, и это имеет основание, что состояние христианина есть спокойствие и даже радость: иго мое благо, и бремя мое легко. И это правда, но только в том отношении, что, сравнивая свое иго, если он смирен сердцем, с игом мирских людей, христианин видит, что его иго легко, п[отому] ч[то] он имеет покой души, — знает, что искать ему нечего и другой истины и другой жизни нет, но скорбь о том, как далеки другие от того, что должно быть, а главное, сам как далек, несмотря на то, что только в этом полагаешь жизнь, скорбь эта не может не быть, и я ее особенно сильно испытываю последнее время. Мне это свойственно, п[отому] ч[то] я уже слишком далек от того, что должно быть, да и стар, так что иллюзии меньше и надеешься скоро быть отпущенн[ым], но вам можно и забывать временами эту скорбь и отдаваться той хорошей жизни, к[оторую] вы ведете и помогаете другим вести. Новости, сосредоточивающие всё наше внимание в последнее время, это духоборы и их страдания. К ним ездили двое друзей наших, собрали сведения, составили статью, но ни одна газета не хочет печатать, а нужно бы вызвать помощь общества. Радостно то, что они необычайно тверды и тверды все, так что женщины, дети проникнуты тем же духом. Из сосланных 34 осталось три. Они еще по последним сведениям не достигли Якут[ской] области, куда их направили на 18 лет.\nБратски приветствую [вас] и ваших [сожителей].\nЛюбящий вас Л. Толстой.\n\nПожалуйста пишите.\n",
  "notes" : [ "Печатается по листу копировальной книги из AЧ. Отпечаток неясный. Часть текста восстановлена рукой Т. Л. Толстой; несколько слов вставлено в квадратных скобках по смыслу.", "Ответ на письмо Юшко от 8 мая (почт, шт.), в котором Юшко писал о жизни их земледельческой колонии и сообщал, что губернская жандармская администрация пока оставила их в покое.", "1 Толстой имеет в виду земледельческую колонию в Эссексе, в селении Перлей, составившуюся из переселившихся туда некоторых членов колонии в Кройдоне." ],
  "source" : "Письма. 1897 г."
}