{
  "id" : "105",
  "to" : [ {
    "firstName" : "Н",
    "lastName" : "Фоньчикову",
    "paternalName" : "П",
    "originalEntry" : "* 105. Н. П. Фоньчикову."
  } ],
  "date" : -1875812400000,
  "place" : "Я. П.",
  "content" : "* 105. Н. П. Фоньчикову.\n24 июля 10 г. Ясная Поляна.\nФончикову.\nНиколай Павлович,\nЗакон и пророки в двух заповедях Матф[ея] XXII гл., стихи 36—40. А в евангелиях, посланиях и откровениях много лишнего. Из евангелий и посланий я выбрал то, что понимаю. А о том, что будет после смерти, нам знать не дано. Одно нам дано и нужно знать — то, чтобы жить в любви к ближним и надеяться после смерти на бога. А от бога ничего кроме добра быть не может.\nПосылаю вам то, что выбрано мною из евангелий и то, что выбрано из посланий Иоанна. Для меня вполне достаточно, если я буду следовать тому, что сказано в этом послании и в евангелии. Думаю, что и для других людей, если они будут хоть мало-мальски следовать этому, не нужно будет заботиться о смысле разных непонятных слов в евангелиях, посланиях и откровении.\n",
  "notes" : [ "Печатается по копии, сверенной с началом сохранившегося черновика-автографа (первый абзац).", "Ответ па письмо крестьянина Симбирской губ. Николая Павловича Фоньчикова." ],
  "source" : "Письма 1910 гг."
}