{
  "id" : "105",
  "to" : [ {
    "firstName" : "Софье",
    "lastName" : "Толстой",
    "paternalName" : "Андреевне",
    "originalEntry" : null
  } ],
  "date" : -3028215600000,
  "place" : "Москва.",
  "content" : "105.\nИсполняю обещание. Доехал прекрасно. Все дела важные о печатании,1 о выкупе билета (это был Самарский билет), получение денег от Соловьева2 (очень мало, 1600 р.) и отдачу Нагорному3 (я отдал 1700 р.), и заседанье в Комитете,4 все это окончил благополучно. Одно нехорошо: это то, что я обещал завтра и после завтра давать образцовые уроки,5 и это займет все мои вечера, кот[орые] я бы употребил приятнее. И пользы, боюсь, не будет, т.-е. никого не убедишь, слишком глупы и упорны.6 Я не сердился и Дьяков, и другие говорят, что я говорил хорошо.7 И завтра надеюсь отделаться,8 чтобы в четверг уже не ехать в заседание. Здоровье хорошо. Дьяковы очень милы. — Целую тебя, душенька, и детей.\nПрошу старших трех вести себя так, чтоб ты не жаловалась на них, а похвалила.\nТвой Л. Т.\n",
  "notes" : [ "Печатается по автографу, хранящемуся в АТБ. Впервые опубликовано по копии, сделанной С. А. Толстой, в ПЖ, стр. 101—102. Датируется по содержанию письма: 1) упомянутое в письме заседание Комитета грамотности происходило 15 января 1874 г., 2) в письме написано: «и завтра надеюсь отделаться, чтобы в четверг уже не ехать в заседание», из последней фразы явствует, что письмо писано во вторник, который падал на 15 января 1874 г.", "1 Вероятно имеется в виду печатание «Анны Карениной» в типографии Каткова. Толстой первоначально предполагал издавать «Анну Каренину» отдельным изданием.", "2 Книгопродавца.", "3 Николай Михайлович Нагорнов (1845—1896), сын Михаила Михайловича Нагорнова и Надежды Ивановны, муж Варвары Валерьяновны Толстой. Жил в Москве, был близок В. С. Перфильеву; с 1874 г. состоял чиновником особых поручений при Московской казенной палате. В 1887—1896 гг. — член Московской городской управы. Вел издательские дела Толстого в 1874—1881 гг., сносился с типографиями, книжными складами и вел все денежные расчеты. Имеется портрет Н. М. Нагорнова кисти Левитана.", "4 Заседание Московского комитета грамотности 15 января 1874 г. было посвящено разбору метода Толстого обучения грамоте. Происходило оно в зале Сельско-хозяйственной школы при Московском обществе сельского хозяйства.", "5 Комитет грамотности предложил Толстому дать пробные уроки по его методу обучения; уроки с согласия Толстого были назначены на 16 и 17 января в школе С. В. Ганешина (по протоколу заседания, напечатанному в «Московских епархиальных ведомостях» от 3 марта 1874 г., № 10).", "6 В прениях о методе обучения Толстого кроме председателя И. Н. Шатилова приняли участие следующие члены Комитета грамотности: Н. П. Малинин, Д. И. Тихомиров, Ф. Н. Королев, М. А. Протопопов, И. А. Вертоградский, Ф. И. Егоров, П. А. Бронзов и К. К. Мазинг.", "7 Полная стенограмма заседания напечатана в № 10 «Московских епархиальных ведомостей» за 1874 г. См. также т. 17 настоящего издания, стр. 594 и сл.", "8 Фактически Толстой по болезни 16 января урока не давал; урок был им дан 17 января [протокол экстраординарного заседания Комитета грамотности 13 апреля 1874 г., стр. 11, в приложении к «Московским епархиальным ведомостям» за 1874 г.]." ],
  "source" : "Письма к С. А. Толстой 1862-1910 гг."
}