{
  "id" : "105",
  "to" : [ {
    "firstName" : "П",
    "lastName" : "Буланже",
    "paternalName" : "А",
    "originalEntry" : "*105. П. А. Буланже."
  } ],
  "date" : -1948906800000,
  "place" : "Я. П.",
  "content" : "*105. П. А. Буланже.\nМилый Павел Александрович,\nДва раза внимательно прочел ваше письмо, и чтение это оставило во мне и грустное и тяжелое впечатление. Грустно оттого, что мне больно то, что я огорчил вас своим письмом, а тяжелое впечатление оттого, что по вашему письму вижу, что у вас в душе идет очень тяжелая, мучительная работа. Верю, что работа эта с вашим добрым сердцем выведет вас на путь, но больно, жалко чувствовать, а я чувствую с вами и за вас эту растерянность, запутанность, неясность, к[отор]ыми полно ваше письмо.\nХотя я и гожусь вам чуть не в деды, мне совестно, зная свою плохоту, давать вам совет, а хочется, хочется, п[отому] ч[то] люблю, жалею вас, и хотелось бы помочь.\nСовет мой прежде всего в том, чтобы перестать думать о прошедшем, перестать делать какие бы тo ни было планы дальше дня, часа, настоящей минуты, а все силы души перенести, сосредоточить на это ближайшее настоящее в том положении, в к[отор]ом сейчас. И цель сосредоточенных сил на одном: на проявлении наибольшей любви в делах, словах, мыслях ко всем, всему, с чем приходишь в общение. А для возможности этого проявления стараться не думать о себе, выходить из себя, а если уж приходится думать о себе, то стараться не замечать в себе доброе, а видеть одно гадкое, к[отор]ое все[гда] найдется, если только усердно поискать его. Только поживите так, не делая планов, не изменяя жизни, и я уверен, что жизнь изменится или не изменится, как лучше, а одно наверное — чем больше жить, тем спокойнее и радостнее. Вам после всего пережитого вами это нужнее всего, и потому, как мне ни совестно советовать, советую это.\nКогда будете еще писать, напишите подробнее о внешних условиях своей жизни. Про себя могу сказать только то, что чем дальше живу, чем ближе к смерти, тем обратно пропорционально больше чем квадратам расстояний одновременно увеличивается благо жизни и уменьшается не скажу — страх, а чуждость смерти.\nЦелую вас.\nЛев Толстой.\n",
  "notes" : [ "Основания датировки: пометы на копировальном листе, на котором отпечатано письмо, и на конверте письма адресата.", "Ответ на письмо П. А. Буланже от 3—4 апреля н. ст. 1908 г., в котором он осуждает все происшедшее с ним и свое поведение (см. письмо № 91 и т. 77, стр. 236)." ],
  "source" : "Письма. 1908 г."
}