{
  "id" : "105",
  "to" : [ {
    "firstName" : "В",
    "lastName" : "Боднарскому",
    "paternalName" : "С",
    "originalEntry" : "105. В. С. Боднарскому."
  } ],
  "date" : -1890586800000,
  "place" : "Я. П.",
  "content" : "105. В. С. Боднарскому.\n3 февраля 10 года. Ясная Поляна.\nВполне сочувствую цели деятельности вашего союза и благодарю за честь избрания.\nЛев Толстой.\n",
  "notes" : [ "Печатается по машинописному подлиннику. Кроме машинописного подлинника, сохранился черновик-автограф, написанный на конверте письма Боднарского. Впервые опубликовано в журнале «Голос студенчества» 1910, 10, стр. 3.", "Владимир Степанович Боднарский (р. 1888) — московский представитель универсального студенческого союза «Esperanto». В. С. Боднарский прислал Толстому письмо от 1 февраля 1910 г., в котором он извещал, что названный союз эсперантистов избрал Толстого своим почетным членом.", "Заканчивая свое письмо, В. С. Боднарский просил Толстого «хоть в нескольких словах высказать свое мнение об упомянутом союзе»." ],
  "source" : "Письма 1910 гг."
}