{
  "id" : "105",
  "to" : [ {
    "firstName" : "А",
    "lastName" : "Жиркевичу",
    "paternalName" : "В",
    "originalEntry" : "105. А. В. Жиркевичу."
  } ],
  "date" : -2508951600000,
  "place" : "Я. П.",
  "content" : "105. А. В. Жиркевичу.\nАлександр Владимирович!\nЯ получил вашу книжку и письмо тогда же, во время моей болезни, и прочел их. Вы спрашиваете моего мнения о книге и совета.\nСовет мой тот, чтобы оставили литературные занятия, в особенности в такой неестественной форме, как стихотворная. — Простите меня, если мои слова оскорбят вас, но старому лгать, как богатому красть, незачем и стыдно. Правда же может быть полезна. Книжка ваша не может никого увлечь и никому ни на что не может быть нужна. А между тем, она стоила вам, очевидно, большого и продолжительного труда. Вы спрашиваете: есть ли у вас то, что называется талантом? По-моему — нет. Продолжать ли вам писать? Нет, если мотивы, побуждающие вас писать, будут такие же, как и те, кот[орые] побудили вас написать эту книгу. — С вашим мнением о том, что есть искусство, я совсем несогласен.1\nПисать надо только тогда, когда чувствуешь в себе совершенно новое,2 важное содержание, ясное для себя, но непонятное людям, и когда потребность выразить это содержание не дает покоя.\nДля того же, чтобы выразить это содержание наиболее ясно, пишущий будет употреблять все возможные средства, будет освобождать себя от всяких стеснений, препятствующих точной передаче содержания, а никак не спутает, стеснит себя обязательством выражать это содержание в известном размере и с известным повторением созвучий на определенных расстояниях.\nЧеловек мыслит словом, как утверждает Макс Мюллер —3 без слов нет мысли, и я совершенно согласен с этим. Мысль же есть та сила, которая движет жизнью и моей, и всего человечества. И потому несерьезно обращаться с мыслью есть грех большой, и «verbicide»4 не меньше грех, чем «homicide».5\nЯ сказал, что у вас нет, по-моему, того, что называется талантом, я этим хотел сказать, что у вас нет в этой книге того блеску, образности, которые считаются необходимыми для писателя и называются талантом, но кот[орый] я не считаю нужным для писателя.\nДля писателя, по-моему, нужна только искренность и серьезность отношения к своему предмету. А это будет ли у вас или нет, никто не может знать, и я не знаю. Могу только сказать, что когда у вас будет такое отношение к предмету, вас занимающему, тогда пишите, и тогда то, что вы напишете, будет хорошо.\nМне очень больно думать, что я этим письмом вызову в вас недоброжелательное к себе чувство, и буду вам очень благодарен, если вы ответите мне.\nЛюбящий вас Л. Толстой.\n",
  "notes" : [ "Впервые опубликовано в «Литературном наследстве», 37-38, М. 1939, стр. 418. Дата определяется записью в Дневнике Толстого 30 июня (см. т. 51, стр. 56).", "Александр Владимирович Жиркевич (1857—1927) — военный юрист, поэт и археолог.", "В письме из Вильны от 28 мая 1890 г. А. В. Жиркевич сообщал, что послал Толстому свою поэму «Картинки детства», изданную под псевдонимом «А. Нивин» (тип. т-ва «Общественная польза», СПб. 1890), просил высказать о ней свое мнение и дать совет, следует ли ему продолжать заниматься литературой; приводил сочувственные отзывы о своей книге И. А. Гончарова и И. Е. Репина.", "1 Свой взгляд на искусство Жиркевич изложил в надписи на присланном Толстому экземпляре книги. Экземпляр этот в яснополянской библиотеке не сохранился.", "2 Зачеркнуто: неизвестное, непонятное людям", "3 Макс Мюллер (Мах Müller, 1823—1900), автор ряда трудов по языковедению и истории религий. Толстой имеет в виду мысль Мюллера, высказанную в его книге «Lectures on the science of language» (русское издание: «Наука о языке», Воронеж 1868. См. вып. I, стр. 62, 63 и 68).", "4 [«убийство слова»]", "5 [«убийство человека».]", "А. В. Жиркевич ответил Толстому письмом от 14 июля 1890 г. (см. «Литературное наследство», 37-38, М. 1939, стр. 418—420)." ],
  "source" : "Письма. 1890 г."
}