{
  "id" : "105",
  "to" : [ {
    "firstName" : "Н",
    "lastName" : "Жаринцовой",
    "paternalName" : "А",
    "originalEntry" : "* 105. Н. А. Жаринцовой."
  } ],
  "date" : -2162055600000,
  "place" : "Я П.",
  "content" : "* 105. Н. А. Жаринцовой.\nВы спрашиваете о церковных лжах. Если дитя спрашивает об этом, всегда надо сказать, что думаешь. Я говорю и всегда скажу в этих случаях, что это заблуждение, которого ему советую опасаться.\nРазумеется, не хорошо, чтобы ребенок осуждал, но в этих случаях что же делать? Лучше, чтобы он преждевременно знал бы о заблуждениях большинства, чем усомнился бы в моей правдивости, если на мне ответственность за его воспитание. Но избегать того, что вызывает такие вопросы, надо и можно. И потому водить детей в церковь — большая ошибка.\nЛ. Толстой.\n",
  "notes" : [ "Печатается по копировальной книге № 4, л. 95. Приписка к письму П. А. Буланже. Основанием датировки служит дата письма Буланже.", "Ответ на письмо Н. А. Жаринцовой от 23 июня 1901 г. по поводу присланной ей, по поручению Толстого, копии письма Толстого к П. И. Бирюкову о воспитании (см. № 71)." ],
  "source" : "Письма. 1901 г."
}