{
  "id" : "105",
  "to" : [ {
    "firstName" : "Т",
    "lastName" : "Ергольской",
    "paternalName" : "А",
    "originalEntry" : "* 105. Т. А. Ергольской."
  } ],
  "date" : -3610465200000,
  "place" : "В Тулу.",
  "content" : "* 105. Т. А. Ергольской.\nChère tante!\nAujourd’hui le 4 il у a eu une grande bataille. J’y ai été et pris très peu [de] part.1 Je suis sain et sauf. Mais au moral je n’ai jamais été pire, l’affaire a été malheureuse. Une journée affreuse: nos meilleurs. Généraux et officiers presque tous blessés ou tués. J’expédie cette lettre — avec un courrier, qui part l’instant même. Je crois qu’à présen[t] de longtems nous n’entreprendrons rien. — Adieu, chère tante, je bais[e] mille fois vos mains. Combien j’aurais donné pour être à présent auprès de vous.\nVotre Léon.\n\nНа конверте:\nЕя Высокоблагородию Татьяне Александровне Ергольской.\nВ Тулу.\nДорогая тетенька!\nВаш Лев.\n",
  "notes" : [ "Сегодня, 4 числа, было большое сражение. Я там был, но мало участвовал.1 Я жив и здоров, но в душевном отношении никогда себя хуже не чувствовал, сражение было проиграно. Ужасный день: лучшие наши генералы и офицеры почти все ранены или убиты. Отсылаю это письмо с курьером, который сейчас уезжает. Думаю, что надолго мы теперь ничего предпринимать не будем. — Прощайте, дорогая тетенька, целую тысячу раз ваши ручки. Сколько бы я дал, чтобы быть теперь с вами.", "Печатается по автографу, хранящемуся в АТБ. Публикуется впервые. Датируется содержанием, почтовыми штемпелями: «Москва, 1855, августа 10» и «Получено 1855, августа 12» и ответным письмом Т. А. Ергольской от 23 августа 1855 г., которое приводим полностью:", "«Не могу выразить как я была счастлива, получив твое письмо от 4 августа, дорогой мой Léon. Я плакала от радости при виде твоего почерка и узнав, что ты благополучен после этого страшного сражения. Первым долгом, я послала за батюшкой, и он отслужил благодарственный молебен. Я не могла ожидать, что ты будешь в этом сражении; ведь ты писал в последнем своем письме к Валерьяну, что ты стоишь у Бахчисарая, я и успокоилась, зная, что это далеко от Севастополя; и вдруг ты опять туда вернулся. Как быть спокойной, когда знаешь, что город бомбардируется, что бомбы летают день и ночь, и я день и ночь думаю о тебе и молюсь, чтобы всевышний сохранил твою драгоценную жизнь. И молитва моя будет услышана, оттого что я воссылаю ее из глубины своего сердца. — Последнее это письмо от 4 августа я получила только 13 и с московским штемпелем; видимо курьер, которому ты его передал, позабыл передать его на Тульскую почту, раз что оно помечено Москвою. Но по твоей любовной заботе, добрый мой Léon, я точно получила твое письмо ранее, нежели прочла в газетах об этом кровавом деле. Ах! сколько потерь! Благодарение богу, что князь Горчаков остался жив. Верно он находился в большой опасности, когда рядом с ним был убит генерал. Сколько убитых генералов и офицеров, сколько горя, сколько слез, содрогаешься при мысли об этом! Боже мой, когда настанет конец этой бойне! Не задумываясь отдала бы несколько лет своей жизни, чтобы ты вернулся невредимым. Но когда мы доживем до этого счастья, одному богу известно, всё в его высшей воле. Письмо твое я послала Мари, Валерьяну и Николеньке, который у них: они будут рады ему, рады знать, что ты благополучен. Все наши соседи живо тобой интересуются и вообще все желают тебе счастья на службе. Дай бог, чтобы их желания сбылись. М-ль Вергани и семья Арсеньевых особенно тобою интересуются. Бедненькая Валерия хворает с тех пор, как она простудилась на балу на вокзале и всё не может поправиться. Она прехорошенькая и преинтересная девушка. Жаль, что она часто хворает. Затем, прощай, дорогой, обожаемый мой Léon. Призываю на тебя благословение бога, и да хранит он тебя. Целую тебя нежно. Сердечно твоя. Тетя Е.» (Оригинал по-французски; публикуется впервые; подлинник в АТБ.)", "Письмо Толстого к гр. В. П. Толстому не сохранилось. Вокзалом называлось здание в Москве, в Петровском парке, где давались спектакли, концерты и балы.", "1 4 августа 1855 г. на Черной речке произошла знаменитая атака со стороны русских войск, находившихся под командованием кн. М. Д. Горчакова. К 7 часам утра, когда сражение казалось оконченным (союзники владели левым берегом Черной речки, русские — правым), кн. Горчаков решился возобновить бой и проиграл сражение. С нашей стороны потеряно было 8000 чел.; из них убито 3 генерала, 69 офицеров и 2273 нижних чинов; раненых 4 генерала, 160 офицеров и 3995 нижних чинов. Среди убитых был генерал-адъютант бар. П. А. Вревский, сраженный ядром в нескольких шагах от главнокомандующего." ],
  "source" : "Письма. 1855 г."
}