{
  "id" : "106",
  "to" : [ {
    "firstName" : "В",
    "lastName" : "Поссе",
    "paternalName" : "А",
    "originalEntry" : "106. В. А. Поссе."
  } ],
  "date" : -1875726000000,
  "place" : "Я. П.",
  "content" : "106. В. А. Поссе.\n25 июля 10 г. Ясная Поляна.\nВладимир Александрович,\nПрочел в июльском № вашего журнала письмо к Черткову Н. Юрьина.1 Письмо это написано так искренно и хорошо, что мне хотелось бы вместо Черткова самому ответить на него.\nСовершенно согласен со словами Юрьина, что вопрос этот для многих очень важен. Думаю, что ответом господину Юрьину может служить моя прилагаемая при этом статейка о науке. Я не помню и не знаю, была ли она напечатана; во всяком случае думаю, что вам не лишнее напечатать ее.2\nЛев Толстой.\n",
  "notes" : [ "Печатается по копии, сверенной с первой публикацией в журнале «Жизнь для всех» 1910, 8—9, стр. 207.", "В. А. Поссе — знакомый Толстого, редактор журнала «Жизнь для всех».", "Николай Юрин, живший на ст. Алабино Киево-Воронежской ж. д., не получая ответа на свое письмо к Толстому от 18 февраля 1910 г. с возражениями против взглядов Толстого, изложенных в статье «О науке» (см. т. 37), написал открытое письмо к В. Г. Черткову, напечатанное в журнале В. А. Поссе «Жизнь для всех» 1910, 7, стр. 152—156 (см. т. 81, письмо № 141). Письмо Юрина от 18 февраля было получено Толстым и на конверте его тогда же Толстой написал: Л[ев] Н[иколаевич] поручил мне написать вам, что в вашем письме он нашел <горячее желание> выражение оч[ень] твердой веры в благодетельность науки, но не нашел ни одного возражения на высказанные <В статье> им мысли <о ложной науке>, но весь конспект тогда же зачеркнул и пометил: Б[ез] О[твета].", "В своем письме Н. Юрин, возражая против взглядов Толстого на науку, указывал, что наука «может быть употреблена и на хорошие и на дурные дели. Никакая вещь сама по себе не может быть ни дурной, ни полезной, ни вредной: эти мерки к ней не приложимы. Хорошо или дурно, полезно или вредно для человека (или иного существа) может быть только последствие, результат применения, употребления вещи, а не она сама. Как сказать: полезен или вреден, например, нож? Он удобнейшее приспособление при питании человека, но ведь этим же самым ножом можно резать не только хлеб, но и людей. Все дело — в воле человека, употребляющей те или иные вещи на те или иные цели. И, значит, хороша или дурна (по своим последствиям) может быть только одна воля. Следовательно, и знания, как всякая иная вещь, не могут быть сами по себе хороши или дурны: это зависит от употребляющей их воли».", "1 Правильная фамилия корреспондента: Юрин.", "2 Речь идет о статье Толстого 1909 г. «Еще о науке», впервые напечатанной в газете «Киевские вести» 1909, № 331 от 13 декабря. В журнале Поссе «Жизнь для всех» она была напечатана вместе с публикуемым письмом Толстого. См. прим. выше и т. 38, стр. 170, 544 и 545.", "По поводу этой переписки см. А. Б. Гольденвейзер, «Вблизи Толстого», стр. 166 и 170." ],
  "source" : "Письма 1910 гг."
}