{
  "id" : "106",
  "to" : [ {
    "firstName" : "Гр",
    "lastName" : "Н",
    "paternalName" : "С",
    "originalEntry" : "* 106. Гр. С. Н. Толстому."
  } ],
  "date" : -3610206000000,
  "place" : "Бахчисарай.",
  "content" : "* 106. Гр. С. Н. Толстому.\nКак тебе нe совестно не отвечать мне, когда я знаю, что ты в Петербурге, через Сталыпина,1 который видел тебя. Несмотря на это я все таки пишу тебе несколько строк, чтобы успокоить за себя по случаю сражения 4-го, в котором я был и остался цел; — впрочем я ничего не делал, потому что моей Горной артилерии не пришлось стрелять. Как не грех тебе не написать мне, я бы так желал знать, как и что ты поделываешь в своем полку. Мне кажется, что мы тысячу лет не видались. —\nЕжели ты все в Петербурге, то сделай милость узнай, там ли Зубков, кот[орому] я должен, где он живет, и сколько я должен Дюсо3 и Шармеру,4 и их адресы. Даже прислал бы мне от них счеты, объяснив им, что я этого только жду, чтобы заплатить им. Пожалуйста сделай это. Прощай, милый друг, будь здоров и напиши хоть раз да подлиннее.\nГр. Л. Толстой.\nТоже по литературным делам как бы ты мог мне помочь, ежели бы ты был в Петер[бурге], а письма ходят теперь удивительно скоро. —\n7 Августа.\n",
  "notes" : [ "Печатается по автографу, хранящемуся в ГТМ. Впервые отрывок из письма (четыре строки) опубликован П. И. Бирюковым в Б, I, 1906, стр. 251. Год определяется содержанием: говорится о сражении при Черной речке 4 августа 1855.", "1 Арк. Дм. Столыпин. О нем см. прим. 8 к п. № 90.", "2 Влад. Вас. Зубков. О нем прим. 9 к п. № 41.", "3 Дюссо — ресторан в Петербурге.", "4 Шармер — очень известный в свое время портной в Петербурге." ],
  "source" : "Письма. 1855 г."
}