{
  "id" : "106",
  "to" : [ {
    "firstName" : "Н",
    "lastName" : "Ге",
    "paternalName" : "Н",
    "originalEntry" : "* 106. H. Н. Ге (сыну)."
  } ],
  "date" : -2309972400000,
  "place" : "Я. П.",
  "content" : "* 106. H. Н. Ге (сыну).\nОчень вы меня порадовали своим письмом, дорогой друг Колечка. Наши отношения с вами дошли до той радостной степени духовного сближения, при кот[орой] не может быть ни разрыва, ни охлаждения. Если бы жить 20 лет и не видаться, то и тогда мы бы встретились, как вчера виделись. Есть известная глубина, на к[оторой] сближение совершается неразрывное. Оттого меня до слез умилило ваше письмо.\nЯ недавно слышал про вас от Юшко1 и Щербакова,2 которые поселились на Кавказе на Лысой Горе и вас ожидают к себе. Я порадовался за них и за вас, п[отому] ч[то] они очень мне понравились. Я думаю, что с ними можно жить. Община, как община, неосуществима, не дает, чего обещает, — да вы всё знаете, мы не раз говорили с вами про это. Так это, когда судишь об общине. Но когда вопрос ставится так: мне надо как-нибудь начать жить. Есть люди, кот[орые] зовут меня жить с ними на условиях самых хороших. Отчего же мне не пойти к ним? Если бы так для меня стоял вопрос — может быть, он так стоит для вас, — я бы пошел.\n3 Наша жизнь идет по-старому. Мальчики подросли — Андрюша и Миша — и не радуют. Лева вернулся из-за границы здоровым, с женой, и живет в Ясной. И, по правде сказать, чужд пока. С женой у меня очень хорошо. Она не изменилась, но мы как-то любим друг друга через нравственную и умственную рознь, и любим хорошо и всё больше и больше. Девочки, как прежде, близки. Все мы плохи по жизни, слабы, но знаем, что хорошо, что дурно, и не лжем. Я пишу изложение веры,4 стараюсь ясно, коротко, доступно. Уже два года работаю, хотел бы кончить до смерти. Все вас любят попрежнему.\nПрощайте пока, целую вас. Напишите же о себе и семье подробнее. А Петрушу5 любите. В этом ваша задача.\nЛ. Толстой.\n19 окт. 96.\n\nНа конверте: Таврической губ. Алушта. Николаю Николаевичу Ге.\n",
  "notes" : [ "Письмо Н. Н. Ге, на которое отвечает Толстой, неизвестно.", "1 Роман Васильевич Юшко (1867—1918), ветеринар, единомышленник Толстого (см. т. 72, стр. 490—491).", "2 Фамилия Щербакова вписана над: и другого (забыл)", "Антон Петрович Щербаков (Щербак, 1863—1930), в то время сочувствовавший взглядам Толстого.", "3 Абзац редактора.", "4 Имеется в виду статья «Христианское учение» (см. т. 39).", "5 П. Н. Ге." ],
  "source" : "Письма 1840—1910 гг."
}