{
  "id" : "106",
  "to" : [ {
    "firstName" : "С",
    "lastName" : "Грузенбергу",
    "paternalName" : "О",
    "originalEntry" : "106. С. О. Грузенбергу."
  } ],
  "date" : -1919703600000,
  "place" : "Я. П.",
  "content" : "106. С. О. Грузенбергу.\nЯсная Поляна.\n3 марта. 09 года.\nСемен Осипович,\nВсегда считал жизнь величайшим благом, за которое нельзя быть достаточно благодарным. Чем дольше живу и чем больше приближаюсь к смерти, тем сознание этого блага становится во мне всё сильнее и сильнее.\n",
  "notes" : [ "Печатается но дубликату подлинника. Сверено с черновиком автографом, написанным на конверте письма адресата. Отрывок впервые опубликован в журнале «Вопросы философии и психологии» 1909, V (100), стр. 719; полностью письмо — в книге С. Грузенберга «Гений и творчество», 1924, стр. 235.", "Семен Осипович Грузенберг (р. 1876) — присяжный поверенный, профессор по кафедре психологии, автор ряда книг по философии и юриспруденции.", "В письме от 28 февраля (почт, шт.) просил Толстого сообщить, что он «думает о пессимизме, как нравственном жизнепонимании, и, в частности, о своих личных пессимистических воззрениях»." ],
  "source" : "Письма 1909 г."
}