{
  "id" : "106",
  "to" : [ {
    "firstName" : "М",
    "lastName" : "Сопоцько",
    "paternalName" : "А",
    "originalEntry" : "106. М. А. Сопоцько."
  } ],
  "date" : -2352135600000,
  "place" : "Я. П.",
  "content" : "106. М. А. Сопоцько.\nДорогой Михаил Аркадьевич.\nТаня писала вам, что мы затеряли адрес вашей матушки и потому не могли написать ей. Вы, вероятно, теперь уже сделали это сами. Разумеется, мы очень рады будем приютить ее в Ясн[ой] Пол[яне] до тех пор, пока ей это нужно будет для свиданий с вами.1 — С самого того времени, как я получил ваше письмо, я всё хвораю, так что по дождливой и холодной погоде не решаюсь ехать в Тулу и потому еще до сих пор не был у вас. При первой возможности приеду и постараюсь получить разрешение на свидание с вами.2 Хотелось бы многое услышать и много сказать вам. Пожалуйста, известите, не нужно ли чего вам. Для нас радость по мере сил служить вам. Вчера в наши края приехал Чертков с женою и очень был огорчен тем, что с вами случилось.\nПрощайте пока.\nЛюбящий вас Л. Толстой.\n19 июня 1895.\n",
  "notes" : [ "Впервые опубликовано в «Летописях», 2, стр. 139.", "О М. А. Сопоцько см. письмо № 100, прим. 1. Ответ на письмо Сопоцько из тульской пересыльной тюрьмы от 14 июня 1895 г., в котором он сообщал о предстоящей ему высылке.", "1 В письме от 14 июня Сопоцько писал: «Сообщите моей матери, с которой мне до отправки моей надо повидаться, позовите ее в Ясную, чтобы было ей, где побыть до этапа».", "2 О состоявшемся вскоре свидании Толстого с Сопоцько в тюрьме известно из письма Сопоцько от 4 июля." ],
  "source" : "Письма. 1895 г."
}