{
  "id" : "106",
  "to" : [ {
    "firstName" : "В",
    "lastName" : "Стасову",
    "paternalName" : "В",
    "originalEntry" : "106. В. В. Стасову."
  } ],
  "date" : -2073150000000,
  "place" : "Я. П.",
  "content" : "106. В. В. Стасову.\n22 апреля 1904.\nДорогой Владимир Васильевич,\nЧто от вас давно нет весточки. Здоровы ли вы? и успокоились ли о ваших страдающих близких?1 Напишите. Только и знаю про вас по вашим статьям в Новостях.2\nПосылаю с благодарностью обратно: Кавказский сборник,3 Ничше4 и собрание указов.5 У меня осталось много книг: Bernhardi,6 Gerlach,7 Custine8 и Русская старина.9 Желал бы подержать еще первые три, а Русск[ую] Стар[ину] на днях вышлю.\nБудьте так добры, если это нетрудно, верно ли я перечислил находящиеся у меня книги? Нет ли еще каких?\nХотелось бы получить некоторые записки Декабристов, изданные за границей, именно: Трубецкого,10 Оболенско[го],11 Якушкина12 и вообще таких, кот[орые] не изданы в России. Если хоть малейшее затруднение, не посылайте. Je crains d’abuser.13 Наши вам кланяются и вас помнят и любят.\nПрощайте пока. Лев Толстой.\n",
  "notes" : [ "Впервые опубликовано в ТС, № 207, стр. 337—338.", "1 См. прим. 1 к письму № 48.", "2 «Новости» — петербургская ежедневная газета (1872—1917). В. В. Стасов печатал в ней свои статьи об искусстве.", "3 «Кавказский сборник, издаваемый по указанию его императорского высочества главнокомандующего кавказской армиею». Всего вышло 22 тома. Первый том — Тифлис, 1876. В марте 1903 г. Стасов выслал Толстому десять первых томов «Кавказского сборника» для его работы над «Хаджи-Муратом».", "4 Стасов посылал в ответ на письмо Толстого от 31 июля 1902 г. (см. т. 73, стр. 273—274) «Антихриста» Ницше.", "5 По просьбе Толстого, Стасов в июне 1903 г. выслал ему свод законов за 1852 г., нужный Толстому в его работе над «Хаджи-Муратом».", "6 Вероятно, Bernhardi, «Unter Nicolaus I», 1899.", "7 «Denkwürdigkeiten aus dem Leben Leopold von Gerlachs», Berlin, 1891. См. т. 74, стр. 187.", "8 Custine, «La Russie en 1839», Paris, 1843. См. т. 74, стр. 187.", "9 «Русская старина» — ежемесячный исторический журнал, основанный М. И. Семевским, издавался в Петербурге в 1870—1917 гг.", "10 «Записки» С. П. Трубецкого впервые были напечатаны А. И. Герценом в Лондоне: Трубецкой князь, «Записки», Лондон, 1863, затем Каспровичем в Лейпциге, 1874. Второе издание «Записок» вышло там же в 1875 г. Возможно, Толстой пользовался и позднейшим изданием: Трубецкой князь, «Записки», Берлин, 1903.", "11 Воспоминания князя Е. П. Оболенского, написанные им в Ялуторовске в 1856 г., впервые были напечатаны за границей в издававшемся П. В. Долгоруковым журнале «L’Avenir» 1861 и в «Русском заграничном сборнике», 1861, т. V.", "12 «Записки» Якушкина (первые две части) впервые были изданы А. И. Герценом: И. Д. Якушкин, «Записки», Лондон, 1862. Затем перепечатаны в Лейпциге: И. Д. Якушкин, «Записки», Лейпциг, 1874. В 1875 г. там же вышло второе издание.", "13 [Боюсь злоупотреблять.]" ],
  "source" : "Полное собрание сочинений. Том 75"
}