{
  "id" : "106",
  "to" : [ {
    "firstName" : "Д",
    "lastName" : "Жбанкову",
    "paternalName" : "Н",
    "originalEntry" : "* 106. Д. Н. Жбанкову."
  } ],
  "date" : -2106586800000,
  "place" : "Я. П.",
  "content" : "* 106. Д. Н. Жбанкову.\nД. Жбанкову.\nПростите, не знаю вашего имени и отчества.\nБлагодарю вас за присылку книги. Не имел еще времени прочесть ее, но непременно прочту, п[отому] ч[то] уверен, что в ней много хорошего.1\n\nПростите, что не исполняю просьбы о сборнике. Это совершенно невозможно. И я истинно сожалею об этом, п[отому] ч[то], уважая вас, желал бы сделать вам приятное.\nЛев Толстой.\n1 апреля 1903.\n",
  "notes" : [ "Печатается по копировальной книге № 5, л. 149. Автограф сожжен адресатом перед обыском.", "О Дмитрии Николаевиче Жбанкове (1853—1932) см. т. 72, стр. 43.", "В письме от 21 марта Жбанков от имени «Общества взаимного вспомоществования учащим и учившим в начальных, низших и средних учебных заведениях Смоленской губернии» просил предоставить какой-нибудь «отрывок» для «Литературного сборника», намеченного к изданию в пользу Общества.", "1 Жбанков прислал свою книгу «О врачах», М. 1903, 181 стр. Имеющийся в яснополянской библиотеке экземпляр разрезан до восемнадцатой страницы." ],
  "source" : "Письма. 1903 г."
}