{
  "id" : "106",
  "to" : [ {
    "firstName" : "П",
    "lastName" : "Буланже",
    "paternalName" : "А",
    "originalEntry" : "* 106. П. А. Буланже."
  } ],
  "date" : -2290705200000,
  "place" : "Я. П.",
  "content" : "* 106. П. А. Буланже.\nДорогой друг Павел Александрович.\nСейчас получил ваше обстоятельное письмо и спешу вам ответить. От Олсуфьева я получил телеграмму 27: «Поручение ваше исполнено».1 Таню прошу списать вам копию и выслать.2 Суворин видно заробел. Очень интересно описание вашего свидания. Полицейское посещение вас меня смутило. Знаю, что всё делается к лучшему, но представляется страшноватым изменение вашего положения. Главное, по тому горю, кот[орое] оно может произвести в вашей семье. Ну, да будет что будет. Шидловский писал мне, что книги к нему арестованы.3 Посылаю полученное на ваше имя письмо.4 Целую вас. Привет вашей жене.\nЛюбящий вас Л. Толстой.\n30.\n\nНа конверте: Москва. Управление Курской жел. дор. Павлу Александровичу Буланже.\n",
  "notes" : [ "Впервые опубликовано в сборнике «Летописи», 2, стр. 206. Дата дополняется по почтовому штемпелю.", "Ответ на письмо Буланже от 20 мая с описанием его поездки в Петербург для передачи письма Толстого к царю об отнятии детей у молокан и передачи А. С. Суворину своей статьи о духоборах. Буланже подробно описал свое свидание с Суворииым и свой разговор с ним, в котором Суворин одобрительно отзывался о мероприятиях правительства по отношению к духоборам. Буланже также сообщал, что в его отсутствие о нем наводили справки из полиции.", "1 Имеется в виду просьба Толстого о передаче его письма к Николаю II.", "2 Копия письма Толстого к царю.", "3 Степан Васильевич Шидловский (р. 1876), крестьянин Уманского уезда Киевской губ., сектант-штундист. Буланже выслал ему сочинения Толстого.", "4 Толстой забыл вложить в конверт полученное им письмо для Буланже и переслал его на другой день. См. письмо № 107." ],
  "source" : "Письма. 1897 г."
}