{
  "id" : "106",
  "to" : [ {
    "firstName" : "Софье",
    "lastName" : "Толстой",
    "paternalName" : "Андреевне",
    "originalEntry" : null
  } ],
  "date" : -3024241200000,
  "place" : "Москва.",
  "content" : "106.\nНемного расклеился от безсонной ночи в дороге, но не нездоров. Был в школе; тамъ1 порядочно. Был в типографии,2 у племянниц.3 Отдал Нагорному деньги.4 — Завтра надеюсь все кончить, и приехал бы, если бы не школа завтра от 5 до 8 вечера, в к[оторой] хочу быть и нужно. У Соловьева денег нет. Был у Сушковыхъ5 вчера вечером, и, может быть, если привезу туда Самарина,6 буду читать у них. Я сказал на двое. Завтра утром покупки.\nСейчас кричит Дьяков, что, по всем вероятиям, Маша приедет крестить.7 А Маша говорит: наверно. Они здоровы и милы.\nТолько бы Бог дал, чтобы ты была здорова без меня и тебя бы не измучили какия-нибудь тревоги и болезнь Эмили.8 Обнимаю тебя, душенька, до вторника.\nГр. Л. Толстой.\n",
  "notes" : [ "Печатается по автографу, хранящемуся в АТБ. Впервые напечатано по копии, сделанной С. А. Толстой, в ІІЖ, стр. 102. Датируется на основании упоминания типографии и о школе, в которой производился опыт сравнительного обучения грамоте по звуковому методу и методу Толстого по постановлению Комитета грамотности от 17 января. Ученье продолжалось семь недель, т. е. до начала марта. В письме от конца февраля — начала марта (27 февраля — 2 марта) С. А. Толстая, сообщая в приписке от 2 марта о поездке Толстого в Москву, писала сестре Т. А. Кузминской: „В числе разных дел Левочка повез отдавать в печать свой новый роман, первую часть [«Анны Карениной»],“ на основании чего письмо Толстого можно приурочить к началу марта 1874 г. В ПЖ датировано январем, в один день с предшествующим письмом.", "1 В школе по звуковому методу преподавал М. А. Протопопов, по буквослагательному — учитель яснополянской школы 1860-х гг. П. В. Морозов.", "2 Вероятно по делам отдававшейся в печать первой части «Анны Карениной». Печатался роман в типографии Каткова.", "3 В. В. Нагорновой и Е. В. Оболенской.", "4 Вероятно для издательских дел.", "5 Н. В. Сушков и Д. И. Сушкова (рожд. Тютчева). У них предполагалось чтение отрывков из «Анны Карениной».", "6 Юрий Федорович Самарин.", "7 По-видимому, предполагали пригласить М. Д. Дьякову в крестные матери к ожидавшемуся ребенку С. А. Толстой. 22 апреля 1874 г. у Толстых родился сын Николай, скончавшийся в феврале 1875 г.", "8 Emily Tabor, англичанка, поступившая в дом Толстых в феврале 1873 г. Толстой писал о ней так 1 марта 1873 г. Т. А. Кузминской: «Она мне очень нравится — полнокровная, тихая, степенная, сметливая, добрая, твердая; но грубоватая не в смысле натуры, но в смысле воспитания и манер. Я надеюсь, что из нее выйдет прекрасная помощница Соне, особенно для маленьких детей»." ],
  "source" : "Письма к С. А. Толстой 1862-1910 гг."
}