{
  "id" : "106",
  "to" : [ {
    "firstName" : "Н",
    "lastName" : "Симоновичу",
    "paternalName" : "Я",
    "originalEntry" : "* 106. Н. Я. Симоновичу."
  } ],
  "date" : -2266772400000,
  "place" : "после Москва.",
  "content" : "* 106. Н. Я. Симоновичу.\nЯ рад был получить ваше письмо и согласен со всем тем, что вы там пишете. Если будете в Москве, заходите вечером и тогда переговорим о том, что нужно.\n",
  "notes" : [ "Печатается по машинописной копии из AЧ. Датируется на основании письма Симоновича, на которое отвечает Толстой.", "Ответ на письмо Симоновича от 2 марта, в котором Симонович писал о своих взглядах и о своем тяжелом душевном состоянии; просил разрешения приехать к Толстому." ],
  "source" : "Письма. 1898 г."
}