{
  "id" : "106",
  "to" : [ {
    "firstName" : "Н",
    "lastName" : "Страхову",
    "paternalName" : "Н",
    "originalEntry" : "106. H. Н. Страхову."
  } ],
  "date" : -3006270000000,
  "place" : "Я. П.",
  "content" : "106. H. Н. Страхову.\nОчень благодарен за оба письма ваши,1 дорогой Николай Николаевич. Я не успел ответить потому, что на неделю уезжал из дома.\nГлавное, благодарю, что вы так просто, как будто и не может быть иначе, беретесь помогать мне. Нынче пишу Михаилу Николаевичу Лаврову, чтобы он выслал вам первые 4 листа. А 5 экземпл[яров] не знаю когда придется послать вам.2 Я расстроен и хлопотами и детьми, при которых у меня нет теперь учителя, и здоровьем, что как на чужое чье-то дело смотрю на этот роман. Впрочем, себя не знаешь, да и погода очень хороша. Об Азбуке всё, что вы пишете,3 для меня поразительно и злит меня по утрам натощак. Разумеется, что я заниматься полемикой не буду и с бою класть голодным людям в рот корм, а буду ждать и злиться про себя. —\nВаш Л. Толстой.\n",
  "notes" : [ "Впервые опубликовано в книге «Лев Николаевич Толстой. Сборник статей и материалов», М. 1951, стр. 677. Датируется на основании пометки Страхова на автографе: «26 сентября 1874 г. Ясная».", "1 Одно из них неизвестно, другое — от 22 сентября 1874 г. (ПС, стр. 50—52).", "2 Страхов, согласившись держать корректуры «Анны Карениной», просил прислать ему по окончании печатания пять экземпляров романа.", "3 Страхов писал 22 сентября, что хотя статьи для чтения Ученый комитет при Министерстве народного просвещения признал «мастерскими и образцовыми», общее заключение об «Азбуке» неблагоприятно. См. прим. к письму № 65." ],
  "source" : "Письма. 1874 г."
}