{
  "id" : "106",
  "to" : [ {
    "firstName" : "Н",
    "lastName" : "Ге",
    "paternalName" : "Н",
    "originalEntry" : "* 106. H. Н. Ге (сыну)."
  } ],
  "date" : -2463850800000,
  "place" : "Москва.",
  "content" : "* 106. H. Н. Ге (сыну).\nКупите нам два вагона, т. е. 1200 п[удов] гороху. Как мне говорили — достоинство гороха, именно то, чтобы он был вполне зрелый, без мелких и черных зерен, очень изменяет цену. Если горох такой именно, ровный, без мелких и черных зерен и других недостатков, можно получить на ст[анции] железной дороги по 90, 95 коп., то ответьте и купите. Отвечайте в Москву — жене. Она и вышлет деньги и свидетельства Красного креста для провоза бесплатного до нашей ст[анции] Клекотки Сызрано-Вяземской дороги. Если же нам не удастся достать свидетельства Красн[ого] креста, то узнайте, что будет стоить провоз и не будет ли задержки.\nЛ. Толстой.\n",
  "notes" : [ "Печатается по копии рукой П. И. Бирюкова. Дата копии.", "Ответ на письмо Н. Н. Ге (сына) от 19 ноября (почт. шт.), в котором Ге сообщал о состоянии цен на зерновые культуры в Черниговской губ. и спрашивал, что следует закупить." ],
  "source" : "Письма. 1891 г."
}