{
  "id" : "106",
  "to" : [ {
    "firstName" : "С",
    "lastName" : "Чижову",
    "paternalName" : "П",
    "originalEntry" : "* 106. С. П. Чижову."
  } ],
  "date" : -1977850800000,
  "place" : "Я. П.",
  "content" : "* 106. С. П. Чижову.\nЛюбезный брат Софрон Павлович,\nПисьмо ваше и деньги 50 р. получил и тотчас же отправил по назначению. Очень рад был получить известие о вас и в особенности тому, что вы не изменились и держитесь тех же основ христ[ианского] учения, к[отор]ых держались. Братски приветствую вас. Посылаю вам несколько моих книжек,1 может быть, они пригодятся вам.\nЛюбящий вас брат Лев Толстой.\n30 апр. 1907.\n",
  "notes" : [ "Печатается по копировальной книге № 7, л. 329.", "О Софроне Павловиче Чижове (р. 1862) см. т. 72, стр. 273. Ответ на письмо Чижова от 14 марта 1907 г. с просьбой отправить в Канаду духобору Петру Федоровичу Салыкину приложенные к письму 50 рублей, которые он был ему должен. Он описывал также свое душевное состояние.", "1 В подлиннике: книгах," ],
  "source" : "Письма. 1907 г."
}