{
  "id" : "106",
  "to" : [ {
    "firstName" : "Н",
    "lastName" : "Некрасову",
    "paternalName" : "А",
    "originalEntry" : "106. Н. А. Некрасову."
  } ],
  "date" : -3528039600000,
  "place" : "Петербург.",
  "content" : "106. Н. А. Некрасову.\nДа будет по вашему, любезный Николай Алексеевич. Лучший резон есть то, что я вам не раз был обязан. Мне даже совестно, ужасно совестно; но что делать — принцип — драть сколько можно больше за свое писанье.1 Затем прощайте, пожалуйста поручите коректуры просмотреть повнимательнее.2\nВаш Гр. Л. Толстой.\n",
  "notes" : [ "Опубликовано впервые в АК, стр. 203. Датируется предположительно последними днями пребывания Толстого в Петербурге и словами из письма Е. Я. Колбасина к Тургеневу. См. «Тургенев и круг «Современника», «Academia», М.—Л. 1930, стр. 353.", "1 Речь идет о гонораре за повесть «Альберт».", "2 Корректура «Альберта» была послана Толстому Некрасовым 3 апреля 1858 г. См. письмо Некрасова к Толстому от этого числа в альманахе «Круг», книга шестая, М. 1927, стр. 218—219." ],
  "source" : "Письма. 1858 г."
}