{
  "id" : "106",
  "to" : [ {
    "firstName" : "Л",
    "lastName" : "Сулержицкому",
    "paternalName" : "А",
    "originalEntry" : "* 106. Л. А. Сулержицкому."
  } ],
  "date" : -2162055600000,
  "place" : "Я. П",
  "content" : "* 106. Л. А. Сулержицкому.\nЯ болен сейчас,1 милый Суллер, но все-таки не могу пропустить без приписки. Хорошо вы живете, как мне рассказал П[авел] А[лександрович]. Вы всегда найдете оригинальный образ жизни и хороший.2 А я, как ни слаб телом, духом очень спокоен и радостен. Целую вас.\nЛ. Толстой.\n",
  "notes" : [ "Приписка к коллективному письму М. Л. Оболенской, Н. Н. Ге (сына), H. Л. Оболенского, Ю. И. Игумновой и П. А. Буланже. Дата, проставленная рукой П. А. Буланже, не воспроизводится, но положена в основу редакторской даты.", "О Леопольде Антоновиче Сулержицком (1872—1916) см. т. 69.", "1 О болезни Толстого см. письмо № 115.", "2 В 1901 г. Сулержицкий на Днепре, переходя с места на место, помогал крестьянам в полевых и домашних работах, обучал грамоте, вместе с бурлаками тащил баржи." ],
  "source" : "Письма. 1901 г."
}