{
  "id" : "106",
  "to" : [ {
    "firstName" : "И",
    "lastName" : "Тургеневу",
    "paternalName" : "С",
    "originalEntry" : "106. И. С. Тургеневу."
  } ],
  "date" : -2766596400000,
  "place" : "Москва",
  "content" : "106. И. С. Тургеневу.\nДорогой Иван Сергеич!\nИзвестия о вашей болезни,1 о которой мне разсказывал Григоровичъ2 и про которую потом стали писать, ужасно огорчили меня, когда я поверил, что это серьезная болезнь. Я почувствовал, как я вас люблю. Я почувствовал, что если вы умрете прежде меня, мне будет очень больно. Последния газетныя известия утешительны. Может быть, еще и все это мнительность и вранье докторов и мы с вами опять увидимся в Ясной и в Спаском.3 Ах, дай Бог!\nВ первую минуту, когда я поверил — надеюсь напрасно — что вы опасно больны, мне даже пришло в голову ехать в Париж, чтоб повидаться с вами. Напишите или велите написать мне определительно и подробно о вашей болезни. Я буду очень благодарен. Хочется знать верно.\nОбнимаю Вас старый милый и очень дорогой мне человек и друг\nВаш Толстой.\n",
  "notes" : [ "Печатается по автографу, хранящемуся в ЛПБ. Впервые опубликовано в «Отчете Императорской публичной библиотеки за 1908 г.» Спб., 1908, стр. 224 (отр.); полностью в «Вестнике литературы» 1920, 8. Датируется на основании ответного письма И. С. Тургенева от 14/26 мая 1882 г. (АТБ).", "1 Вначале эта болезнь была определена как подагрическая грудная жаба; впоследствии оказалась раком позвоночника.", "2 Дмитрий Васильевич Григорович (1822—1899) — писатель.", "3 «Спасское-Лутовиново» — имение И. С. Тургенева в десяти верстах от Мценска, Орловской губернии.", "На это письмо Толстого И. С. Тургенев отвечал письмом от 14/26 мая 1882 г.: «Милый Толстой, не могу сказать, как меня тронуло Ваше письмо. Обнимаю Вас за каждое в нем слово. Болезнь моя (angine pectoraie goutteuse) — которой я почти готов быть благодарен за доставленные мне ею выражения сочувствия — вовсе не опасная, хоть и довольно мучительная; главная беда в том. что плохо поддаваясь лекарствам, она может долго продолжаться — и, лишив меня способности движения, она на неопределенное время отдаляет мою поездку в Спасское. А как я готовился к этой поездке, как заранее радовался! Но всякая надежда еще не потеряна. Что же касается до моей жизни — так я, вероятно, еще долго проживу, хотя моя песенка уже спета; — вот Вам надо еще долго жить — и не только для того, что жизнь всё-таки дело хорошее — а для того, чтобы окончить то дело, к которому Вы призваны и на которое кроме Вас, у нас мастера нет. Вспоминаю Ваши прошлогодние полуобещания и не хочу думать, чтобы Вы их не исполнили! Не могу много писать — но Вы меня понимаете. На днях меня перевозят в Буживаль — авось перемена воздуха подействует! Кланяюсь всем Вашим. Вторично Вас обнимаю и радуюсь, что нахожу в сердце своем самый горячий отзыв на Ваши добрые дружеские слова. Любящий Вас Ив. Тургенев» (см. «Толстой и Тургенев. Переписка». Редакция и примечания А. Е. Грузинского и М. А. Цявловского, изд. М. и С. Сабашниковых, 1928, стр. 102—103)." ],
  "source" : "Письма. 1882 г."
}