{
  "id" : "106",
  "to" : [ {
    "firstName" : "Эйльмеру",
    "lastName" : "Мооду",
    "paternalName" : null,
    "originalEntry" : "106. Эйльмеру Мооду (Aylmer Maude)."
  } ],
  "date" : -1948906800000,
  "place" : "Я. П.",
  "content" : "106. Эйльмеру Мооду (Aylmer Maude).\nПолучил ваше письмо, любезный Моод (извините, что не пишу Альмер — не знаю, как по батюшке) об юбилее. Я всеми силами старался, как вы верно предположили, прекратить эту не соответствующую ни моим вкусам, ни моему достоинству затею, и, кажется, к большому успокоению моему, достиг этого. Относясь отрицательно к этой странной выдумке, я с самого начала держался того правила, чтобы не выражать никакого своего мнения о том, что для меня по этому случаю желательно или нежелательно, и потому сожалею, что не могу иначе отнестись и к вашему вопросу, тем более, что уверен, что всё, что вы предложите, будет и разумно и согласно с моими взглядами. Благодарю за книги, я не знал, что они от вас.1 В чем их интерес для меня? Пожалуйста, извините меня за то, что не отвечал тогда на ваше письмо о Мередите и не исполнил вашего желания.2 Я давно читал кое-что Мер[едита] и совершенно забыл о вынесенном из этого чтения впечатлении. Здоровье мое вполне хорошо, работаю над новым Кругом Чтения (знаете ли вы старый?) и над статьей,3 к[отор]ая вам, к сожалению, вероятно, не понравится.\nДружески жму вам руку. Передайте мой привет вашей жене,4 свояченице5 и ее другу.6 Жалею, что давно уже ничего не слышу о них.\nЛев Толстой.\n30 марта 1908.\n",
  "notes" : [ "Печатается по копировальной книге № 8, лл. 170—171. Опубликовано почти полностью в ПТС, I, № 264.", "Об Эйльмере (Алексее Францевиче) Мооде (1858—1938) см. т. 71, стр. 133.", "Ответ на письмо Э. Моода от 1 апреля н. ст. 1908 г., написанное по поводу начавшихся в Англии подготовительных работ к чествованию 80-летия Толстого. Предполагая, что официальное торжество должно быть неприятно Толстому, Моод писал, что он находится в большом затруднении, не зная, что предложить в образовавшемся комитете. Спрашивал, будет ли Толстой иметь что-либо против раздачи некоторых брошюр — произведений Толстого, как, например, «Кавказский пленник» и др. Или Толстой предпочел бы, чтобы комитет выработал другие формы чествования. Празднество совершенно отменить невозможно, но пока легко направить дело по такому руслу, которое было бы Толстому менее неприятно.", "1 Моод прислал произведения Бернарда Шоу (Bernard G. Schaw): «The Impossibilities of Anarchism», London, The Fabian Society, 1906; «John Bull’s Other Island and Major Barbara: also How he lied to her husband», London, Archibald Constable and C°, 1907 (отметки Толстого на стр. 160, 161 и 185). Книги хранятся в яснополянской библиотеке. По поводу первой книги Толстой сказал 9 марта: «Я читал книжку Бернарда Шоу об анархизме. Очень интересно. Его все вещи — драмы — очень талантливы. А эта книга очень интересна тем, что он в ней ясно показывает, что социализм связан с государственностью, с насилием, что многие забывают» (Г, 2, стр. 108). См. письмо № 225.", "2 В письме от 16 января н. ст. 1908 г. Э. Моод просил дать подпись под адресом, который предположено было поднести английскому романисту Джорджу Мередиту (1828—1909) по случаю 80-летия со дня его рождения. К письму приложена факсимильно отпечатанная первая страница адреса и лист бумаги для подписи Толстого. Автограф Толстого, вероятно, послан не был. Под адресом, присланным из Англии к 80-летию Толстого, среди многих сотен подписей была подпись и Мередита.", "3 «Закон насилия и закон любви».", "4 Луиза Яковлевна Моод, переводчица произведений Толстого на английский язык.", "5 Мария Яковлевна Шанкс (р. 1866), художница.", "6 Наталия Александровна Иенкен (1863—1927), художница. В письме от 26 апреля н. ст. Моод благодарил за ответ и подробно писал о Бернарде Шоу и Джордже Мередите." ],
  "source" : "Письма. 1908 г."
}