{
  "id" : "106",
  "to" : [ {
    "firstName" : "Л",
    "lastName" : "Оболенскому",
    "paternalName" : "Е",
    "originalEntry" : "106. Л. Е. Оболенскому."
  } ],
  "date" : -2600535600000,
  "place" : "Я. П.",
  "content" : "106. Л. Е. Оболенскому.\nПростите, что доставляю вам хлопоты, дорогой Л[еонид] Е[горович], но перерыл все старые письма и не нашел ни адреса, ни фамилии даже авт[ора] статьи о дешевом хлебе,1 к[оторую] забыл, и пот[ому] вынужден послать ваше письмо ему обратно: у вас, верно, есть адрес. Я жалею, что она не напечатана — оригинально, самобытно. Еще просьбу: комедию2 (с мнением вашим о ней совершенно согласен) верните мне, пожалуйста. С разных сторон это очень замечательное явление. Интересна бы была критика о ней. Автор — молодой крестьянин, автор Раздела.\nЛ. Т.\n\nНа обратной стороне открытки:\nПетербург. Редакция Русского Богатства. Леониду Егоровичу Оболенскому.\n",
  "notes" : [ "Впервые опубликовано в «Биржевых ведомостях» (утр. вып.) 1908, № 10671 от 24 августа. Датируется на основании почтовых штемпелей.", "1 Толстой посылал Л. Е. Оболенскому для напечатания в «Русском богатстве» полученную в марте или апреле от автора, Константина Ивановича Шембеля, из местечка Усвят, Витебской губ., статью «О дешевом хлебе». Оболенский нашел ее непригодной для печати, о чем сообщил Толстому в письме без даты, очевидно приложив свое письмо к Шембелю с возражениями на статью (письмо это неизвестно). Толстой, вероятно, позабыл переслать письмо Оболенского по назначению, считая, однако, что поручение это он выполнил, как 3 мая он об этом сообщал П. И. Бирюкову. См. письмо № 77.", "2 См. прим. 1 к письму № 104." ],
  "source" : "Письма. 1887 г."
}