{
  "id" : "106",
  "to" : [ {
    "firstName" : "В",
    "lastName" : "Золотареву",
    "paternalName" : "П",
    "originalEntry" : "* 106. В. П. Золотареву."
  } ],
  "date" : -2508951600000,
  "place" : "Я. П.",
  "content" : "* 106. В. П. Золотареву.\nСпасибо за письмо, милый друг, Вас[илий] Петр[ович].\nЯ затерял его и отвечаю без него, отвечаю только с тем, чтобы сказать, что я его получил. Получил и статью.1 Она очень нравится. Тут был Ге (старший) и, читая ее, пришел в восхищение. Страхов, критик строгий, тоже одобрил. Это приятно, но не важно. Как вы живете? Какие отношения с людьми? Недавно думал: чем хуже условия жизни в мирском смысле, тем больше матерьяла для работ[ы] в духовном. Я совсем здоров, понемногу работаю.\nВсе мои вам кланяются и поминают добром.\nЛ. Толстой.\n",
  "notes" : [ "Дата машинописной копии из AЧ.", "1 Статья В. П. Золотарева о «Крейцеровой сонате». См. прим. к письму № 84." ],
  "source" : "Письма. 1890 г."
}