{
  "id" : "106",
  "to" : [ {
    "firstName" : "Т",
    "lastName" : "Берс",
    "paternalName" : "А",
    "originalEntry" : "* 106. Т. А. Берс."
  } ],
  "date" : -3305905200000,
  "place" : "Я. П.",
  "content" : "* 106. Т. А. Берс.\nСоня хотела отнять письмо, чтоб приписать мамаше, что она ее целует и любит, а я говорю, она это и без того знает. Я не верю, что ты была нездорова (это Анеточка1 писала), это к тебе нейдет. Я нынче ездил на пчельник, выставлять пчел и без собак скакал за лисицей и перескакал ее в двух шагах. Белогубка2 находится об тебе в меланхолии; а книги твои с подлыми (большей частью) романами для нас очень трогательны. Как только ты долго не пишешь, я не боюсь, что ты больна, а боюсь, что с тобой сделался какой-нибудь нравственный переворот, вследствие к[отор]ого ты уж не приедешь к нам, и для себя этого боюсь, а для тебя желаю. Что с нами в обществе поросят и ягнят и телят делать. Нам, старичкам конченным, это так.\n",
  "notes" : [ "Приписка к письму С. А. Толстой.", "Год определяется сопоставлением с письмом С. А. Толстой к Т. А. Берс от 24 марта 1865 г. Месяц и число поставлены С. А. Толстой на ее письме.", "1 Анна Карловна Юргенс, рожденная Зенгер, подруга С. А. Толстой.", "2 См. прим. 6 к письму № 61." ],
  "source" : "Письма. 1865 г."
}