{
  "id" : "107",
  "to" : [ {
    "firstName" : "С",
    "lastName" : "Толстому",
    "paternalName" : "Н",
    "originalEntry" : "* 107. С. Н. Толстому."
  } ],
  "date" : -2351876400000,
  "place" : "Я. П.",
  "content" : "* 107. С. Н. Толстому.\nПожалуйста, прости меня за то, что так долго не отвечал на твое — хоть совестно говорить, а скажу — доброе, тронувшее меня письмо. Хоть мы и стары и спорим, а все-таки никто нас так не понимает и не любит, как мы понимаем и любим друг друга. Я не болен, ничего особенно не болит — ни живот, ни пузырь, но и то и другое чувствую и не могу сказать, что здоров, и всё слаб. Это ничего, больше помнишь о путешествии дальше Пирогова и привыкаешь с меньшим страхом и большей надеждой, что и там будет хорошо, смотреть на это путешествие. А в Пирогово, жив буду, приеду.\nЛ. Т.\n\nНа обороте: Станция Лазарево Крапив. уезда Тульск. губ. Село Пирогово. Графу Сергею Николаевичу Толстому.\n",
  "notes" : [ "Дата определяется почтовым штемпелем: «Почтовый вагон, 23 июня 1895 г.».", "Сергей Николаевич Толстой (1826—1904) — второй брат Льва Николаевича. См. т. 83, стр. 30—31.", "Ответ на письмо С. Н. Толстого от 17 июня 1895 г., в котором он выражал беспокойство по поводу дошедших до него слухов о нездоровье Льва Николаевича." ],
  "source" : "Письма. 1895 г."
}