{
  "id" : "107",
  "to" : [ {
    "firstName" : "Полю",
    "lastName" : "де",
    "paternalName" : null,
    "originalEntry" : "*107. Полю де Кермариа (Paul de Kermaria)."
  } ],
  "date" : -1977764400000,
  "place" : "1/14. Я. П.",
  "content" : "*107. Полю де Кермариа (Paul de Kermaria). Черновое.\nMonsieur,\nJ’ai reçu votre manuscript et vous remercie de votre intention de me dédier votre traduction.\nJe suis parfaitement d’accord avec le principe de la paix universelle et j’approuve beaucoup l’idée qui y est exprimée.\nLéon Tolstoy.\n1/14 Mai 1907.\nToula. Russie.\n\n\nМилостивый государь,\nЛев Толстой.\n",
  "notes" : [ "Получил вашу рукопись и благодарю вас за ваше намерение посвятить мне свой перевод.", "Я вполне разделяю принцип всеобщего мира и очень одобряю мысль, которая выражена в вашей рукописи.", "1/14 мая 1907.", "Тула. Россия.", "Печатается по черновику. Написано и датировано рукой Т. Л. Сухотиной, подпись собственноручная. Этот текст был переделан Толстым на конспект ответа дочери («я» исправлено на «мой отец», внесены также стилистические изменения). Согласно Я3 Толстой вновь переделал письмо 4 мая и от своего имени отправил его. Текст отосланного письма редакции неизвестен.", "В письме из Франции от 2 февраля н. ст. 1907 г. (почт. шт. 3 мая н. ст.) Поль де Кермариа извещал об отправке Толстому своей работы, которую просил разрешения посвятить Толстому. Основная мысль статьи: всеобщий мир может быть установлен не дипломатами, а лишь путем создания такого общества (общественного строя?), которое бы нравственно содействовало ему. Рукопись адресата в архиве не сохранилась; неизвестно, была ли она напечатана. Приведенное содержание статьи записано в ЯЗ 4 мая 1907 г." ],
  "source" : "Письма. 1907 г."
}