{
  "id" : "107",
  "to" : [ {
    "firstName" : "М",
    "lastName" : "Паталаху",
    "paternalName" : "Н",
    "originalEntry" : "* 107. М. Н. Паталаху."
  } ],
  "date" : -1904238000000,
  "place" : "Я. П.",
  "content" : "* 107. М. Н. Паталаху.\n29 августа 09 г. Ясная Поляна.\nНе надо верить ни науке, ни библии1 в вопросах совершенно для нас неважных и не имеющих для нас никакого значения. Есть только один для нас важный вопрос: это вопрос о том, как человеку прожить наилучшим образом, не в смысле приятности для тела, для животного, а в смысле удовлетворения своих высших духовных потребностей, своей совести, как наилучшим образом прожить свою жизнь. И этому учит не наука и не церковь с своим признанием библии непререкаемым священным словом самого бога, а учат этому все великие, святые люди, жившие прежде нас и думавшие об этом вопросе. Все эти люди с самой глубокой древности и в Египте, и в Индии, и в Китае, и в Греции, и Риме решали этот вопрос одинаково. Так же решал его и близкий нам по нашей вере Христос — не бог, а человек. И решение это всё в двух заповедях: любить бога и ближнего. Для более ясного понимания вами моего взгляда на этот предмет посылаю вам некоторые из моих книг. Желаю вам того, что нужнее всего на свете: ясного понимания своего назначения и радостного следования ему: «Иго мое благо, и бремя мое легко», Матфей XI, ст. 30.\n",
  "notes" : [ "Печатается по дубликату подлинника.", "Модест Николаевич Паталах (р. 1892) — окончил пятиклассное заводское училище, с 1907 г. долгие годы работал конторщиком на заводе Никополь-Мариупольского общества (ныне завод им. Ильича) в Сартане (Украина).", "Ответ на письмо М. Н. Паталаха от 26 августа 1909 г. с вопросом: «Кому верить: науке или библии и евангелию?»", "1 В черновике далее зачеркнуто: а только своему разуму" ],
  "source" : "Письма 1909 г."
}