{
  "id" : "107",
  "to" : [ {
    "firstName" : "И",
    "lastName" : "Трегубову",
    "paternalName" : "М",
    "originalEntry" : "* 107. И. М. Трегубову."
  } ],
  "date" : -2162055600000,
  "place" : "Я. П.",
  "content" : "* 107. И. М. Трегубову.\nНынче мне немного лучше, но я все-таки очень слаб. Есть ли начало путешествия большого или временное — не знаю. Но путешествие большое очень влечет меня.\nЦелую вас.\nЛев Толстой.\n",
  "notes" : [ "Приписка к письму П. А. Буланже. Датируется, как и предыдущие два письма.", "Ответ на письмо Трегубова от 6 июня н. ст. 1901 г." ],
  "source" : "Письма. 1901 г."
}