{
  "id" : "107",
  "to" : [ {
    "firstName" : "И",
    "lastName" : "Трегубову",
    "paternalName" : "М",
    "originalEntry" : "107. И. М. Трегубову."
  } ],
  "date" : -1948906800000,
  "place" : "Я. П.",
  "content" : "107. И. М. Трегубову.\nМилый Иван Михайлович, хотя совет ваш и ваших друзей очень хорош, я никак не могу им воспользоваться, так как, с самого начала относясь совершенно отрицательно к странной затее моего юбилея, столь несвойственного и моим взглядам и моим достоинствам, я за правило поставил себе не выражать никаких желаний по случаю этой затеи. Кроме того, я уверен, что если бы я и заявил то желание, о к[отор]ом вы пишете, то нет никаких вероятий, чтобы оно было исполнено. Дружески жму вам руку и прошу передать привет всем общим друзьям нашим.\nЛев Толстой.\n30 марта 1908.\n",
  "notes" : [ "Впервые опубликовано без указания фамилии адресата, с пропуском обращения, в «Биржевых ведомостях» 1908, № 102 от 1 мая, вечерний выпуск.", "В письме от 23 марта 1908 г. И. М. Трегубов и другие члены общины свободных христиан советовали Толстому обратиться к влиятельным лицам, намеревавшимся принять участие в чествовании его 80-летнего юбилея с пожеланием отметить эту дату не шумным торжеством, а провозглашением полной свободы совести, возвращением в Россию эмигрировавших сектантов и т. п. По поводу письма Трегубова Толстой сказал H. Н. Гусеву, что не будет никому об этом писать. «Если бы я и просил амнистию, это были бы пустые слова. Я держусь того: меньше вступаться» (ЯЗ, запись 28 марта 1908 г.)." ],
  "source" : "Письма. 1908 г."
}