{
  "id" : "107",
  "to" : [ {
    "firstName" : "Ф",
    "lastName" : "Королеву",
    "paternalName" : "Н",
    "originalEntry" : "107. Ф. Н. Королеву."
  } ],
  "date" : -3006097200000,
  "place" : "Я. П.",
  "content" : "107. Ф. Н. Королеву.\nМилостивый государь\nФилип Николаевич!\nНе получая еще оттисков статьи своей, я еще раз перечел протокол и стал добираться и добрался, насколько мог, смысла в своей речи и поправил ее. Не пугайтесь, что так много измарано и приписано. Это произошло от того, что очень многое пропущено, переиначено, и цитаты поставлены не те и не на месте. Я старался быть вполне добросовестен и не прибавлял ничего, хотя во многих местах и знаю, что выпущено то, что было сказано, и хотя хотелось бы прибавить. Надеюсь, что почерк мой разберут наборщики и что коректуры продержутся хорошим коректором. Остальных речей я и не пытался поправлять и не могу догадаться, что значит многое. —\nС совершенным уважением и преданностью имею честь быть\nВаш покорный слуга\nгр. Л. Толстой.\n28 сентября.\nP. S. Будьте так добры, уведомьте мне, чтó Вы решите и когда можно ожидать выхода из печати протокола.1\n",
  "notes" : [ "Впервые опубликовано в «Летописях Государственного Литературного музея», кн. 2, М. 1938, стр. 47.", "1 Эта часть протокола заседания 13 апреля (исправленная Толстым) вышла 10 ноября приложением к № 46 «Московских епархиальных ведомостей». См. письмо № 70, прим. 3." ],
  "source" : "Письма. 1874 г."
}