{
  "id" : "107",
  "to" : [ {
    "firstName" : "И",
    "lastName" : "Панаеву",
    "paternalName" : "И",
    "originalEntry" : "107. И. И. Панаеву."
  } ],
  "date" : -3610119600000,
  "place" : "Бахчисарай.",
  "content" : "107. И. И. Панаеву.\nМилостивый Государь\nИван Ивановичь.\nПисьма1 я Ваши получил и спешу ответить особенно на последнее.2 Очень благодарю Вас за старание защитить Ночь весною от цензуры, пожалуйста вымарывайте, даже смягчайте, но ради Бога не прибавляйте ничего; это бы очень меня огорчило. Л. Н. Т.3 не имеет, могу Вас уверить, ни на волос авторскаго самолюбия, но ему бы хотелось оставаться верным всегда одному направлению и взгляду в литературе. — За Бакунина я обещал вам кажется неосторожно, он все это время был слишком занят службой, а теперь ранен. Ростовцев все обещает и ленится. Передайте пожалуйста Н. А. Некрасову, что я получил деньги за Св. Д.4 и письмо, на которое прошу извинения, что не успел еще ответить. Для Юности, он пишет, Вы приготовили местечко в Сентябре.5 К несчастию, я не ранее могу прислать Вам ее, как в половине Сентября, но наверно, ежели только буду здоров и жив, пришлю к этому времени. Столыпии уже начал разсказ бывшаго дела,6 я тоже его может быть. —\nЗатем с совершенным уважением имею честь быть Ваш покорный\nГр. Л. Толстой.\n8 Августа 1855.\nБахчисарай.\nНе будете ли Вы так добры принять на себя труд нескольких денежных комиссий в Петербурге. Вы бы меня чрезвычайно обязали.\n",
  "notes" : [ "Печатается по автографу, хранящемуся в ИРЛИ. Впервые опубликовано М. А. Цявловским в «Красной нови», 1928, 9, стр. 222.", "Письмо является ответом на письмо И. И. Панаева от 18 июля, которое приводим полностью:", "«Благодарю вас несказанно, Лев Николаевич, за ваш рассказ Ночь весною в Севастополе. Я сейчас получил его и прочел. Вы правы: рассказ этот несравненно лучше первого, но он меньше понравится, по той причине, что героем его — правда, а правда колет глаза, голой правды не любят, к правде без украшений не привыкли. Сделаю всё, что могу, дабы защитить его от ценсуры. Впечатление рассказа тяжело (ах, как мы не привыкли к правде!) — и надобно бы было кое-что прибавить в конце, что дескать всё-таки Севастополь и русский народ и проч. для ценсуры, хотя это было бы пошловато; но я кое-что посмягчил и посгладил, не портя сущности рассказа и предвидя за него борьбу с ценсурою. Это было необходимо. Пишу к вам через Столыпина. Я удивляюсь, как вы не получили мое письмо по почте, — в ответ на присланный вами рассказ «Рубка лесу» — прелестный рассказ, который будет в сентябрьской книжке. Что Ростовцев и Бакунин? Поощряйте их и присылайте рассказ к следующим книжкам. Вы не можете себе представить, с какою жадностию читает их вся Россия. Тургенев Вам кланяется. Он пишет мне, что Ваше посвящение ему и приятно и лестно. Пишите ко мне, — я на вас возлагаю все мои надежды и уверен, что вы будете присылать и собственные рассказы и станете поощрять ваших сотрудников. Буквы Л. Н. Т. ждут все в журнале с страшным нетерпением — это не комплимент — а та же голая правда, которая героем в вашем рассказе, хотя эта правда не нуждается ни в малейшем украшении. Она приятна и голая. Посылаю вам при сем объявление Современника, из которого вы усмотрите, что теперь вам нечего стесняться в своих рассказах, ибо Совр. получил дозволение печатать даже военные известия. Да поощрит это вас и ваших сотрудников! Я аккуратно отвечал и буду отвечать на ваши письма. Жаль, если они пропадают на почте. Ваш искренне преданный Ив. Панаев.", "Извините меня, что я так намарал. — Спешу, ибо нужно сию секунду отправиться по делу». («Красная новь» 1928, 9, стр. 220—221.)", "Правда — «Севастополь в мае» в тексте Толстого кончается словами: «Герой же моей повести, которого я люблю всеми силами души, которого старался воспроизвести во всей красоте его, который всегда был, есть и будет прекрасен, — правда». В «Современнике» (сентябрьская книжка за 1855 г.) рассказ «Севастополь в мае» кончается словами, прибавленными Панаевым: «Но не мы начали эту войну, не мы вызвали это страшное кровопролитие. Мы защищаем только родной кров, родную землю и будем защищать ее до последней капли крови...». Арк. Дм. Столыпин 7 июля был послан командующим войсками кн. М. Д. Горчаковым в Петербург с письмом к Александру II. Письмо Панаева, служащее ответом на присланный рассказ «Рубка леса», не сохранилось. О просьбе Толстого посвятить Тургеневу рассказ «Рубка леса» см. п. № 101. Некрасов писал об этом Тургеневу в его Спасское (в письме от 30 июня — 1 июля): «Толстой посвятил тебе повесть «Юнкер», которую прислал в «Современник» (Пыпин, «Некрасов», Спб., 1905, стр. 130), на что Иван Сергеевич отвечал 10 июля Панаеву: «Мне очень лестно желание его посвятить мне свой новый рассказ» (Панаев «Литературные воспоминания», 1883, стр. 401).", "1 Об одном письме Панаева, не дошедшем до нас, и полученном Толстым 20 июля, у него записано в дневнике: «Сегодня получил письмо от Панаева. Записками юнкера доволен, напечатают в VIII книжке».", "2 Это приводимое выше письмо от 18 июля.", "3 Напечатанные в «Современнике» «Детство» (1852, № 9) и «Набег» (1853, № 3) были подписаны: «Л. H.»; «Отрочество» (1854, № 10), «Записки маркера» (1855, № 1) и «Севастополь в декабре» (1855, № 6) — «Л. Н. Т.»", "4 «Севастополь в декабре».", "5 Толстой имеет в виду письмо к нему Н. А. Некрасова из Москвы от 15 июня, при котором он посылал гонорар в 50 р. за «Севастополь в декабре», и в котором писал: «Для «Юности» также уже определено место в 9 № «Современника», уведомьте меня или Панаева, можете ли доставить ее к этому времени, т. е. к половине августа». (Альманах «Круг», кн. шестая, М. 1927, стр. 197).", "6 Арк. Дм. Столыпин. «Бывшее дело» — сражение на Черной речке 4 августа. Статья Столыпина вероятно не была написана; по крайней мере в «Современнике» не появлялась. Не описал и Толстой этого сражения.", "На это письмо Толстого И. И. Панаев отвечал 28 августа. Приводим это письмо полностью.", "«Милостивый государь граф Лев Николаевич, в письме моем к вам, через Столыпина доставленном, я писал к вам, что статья ваша пропущена ценсурой с незначительными изменениями, и просил вас не сердиться на меня за то, что надо было прибавить несколько слов в конце для смягчения выражения... Статья «Ночь в Севастополе» была уже совсем отпечатана в числе 3000 экземпляров, как вдруг ценсор потребовал ее из типографии, остановил выход № (августовская книжка явилась поэтому в Петербурге 18 августа) и в отсутствии моем из Петербурга (я на несколько дней ездил в Москву) представил ее на прочтение председателю ценсурного комитета — известному вам по Казани — Пушкину. Если вы знаете Пушкина, вы можете отчасти вообразить, что последовало. Пушкин пришел в ярость, напал не только на ценсора, но и на меня — за то, что я представляю в ценсуру такие статьи, и собственноручно переделал ее. Я между тем вернулся в Петербург и, увидев эту переделку, пришел в ужас — и статью вовсе не хотел печатать, — но Пушкин в объяснении со мной сказал, что я обязан напечатать так, как она им переделана. — Делать было нечего — и статья ваша изуродованная явится в сентябрьской книжке, но без букв Л. Н. Т., которые я уже не мог видеть под ней после этого... Но статья эта была так хороша, что даже после совершенного уничтожения ее колорита, я давал ее читать Милютину, Краснокутскому и другим, всем она нравится очень — и Милютин пишет мне, что грех, если я лишу читателей этой статьи и не напечатаю ее даже в таком виде. Не вините же меня во всяком случае за то, что статья ваша напечатана в таком виде. — Я вынужден был это сделать. Если бог приведет нас когда-нибудь свидеться (чего я очень желаю), я объясню вам эту историю яснее. — Теперь я скажу вам два слова — о впечатлении, которое ваш рассказ (Ночь) производит вообще в его первобытном виде — на нас, на всех, которым я читал его. О ценсуре уж тут речи нет. Все находят этот рассказ действительно выше первого по тонкому и глубокому анализу внутренних движений и ощущений в людях, у которых беспрестанно смерть на носу; по той верности, с которою схвачены типы армейских офицеров, столкновения их с аристократами и взаимные их отношения друг к другу, — словом, всё превосходно, всё очерчено мастерски; но всё до такой степени облито горечью и злостью, всё так резко и ядовито, беспощадно и безотрадно, что в настоящую минуту, когда место действия рассказа — чуть не святыня, особенно для людей, которые в отдалении от этого места, — рассказ мог бы произвести даже весьма неприятное впечатление. Рубка лесу, с посвящением Тургеневу, — появится также в сентябре (Тургенев просил меня очень, очень благодарить вас за память о нем и внимание к нему). И в этом рассказе, прошедшем сквозь три ценсуры: кавказскую (ценсор статс-секретарь Бутков), военную (генер.-майор Стефан) и гражданскую, нашу (мой ценсор и Пушкин), тронуты типы офицеров, и кое-что повыкинуто к сожалению. Всё это для вас должно быть неприятно, но я не могу не утешить вас несколькими строчками. Скорбя и терзаясь за искажения, которым подверглись ваши статьи только потому, что мой ценсор обратился к Пушкину, — я принял следующие меры в отношении к будущим вашим статьям, за которые я буду драться до истощения сил, как у вас в Севастополе. Я показывал все места, выкинутые Пушкиным из ваших рассказов, князю Вяземскому, товарищу министра просвещения и самому министру, которые были приведены по поводу некоторых вымарок в совершенное удивление — и теперь я буду представлять все ваши рассказы министру и печатать с его разрешения. Норов — человек образованный и горячий. Он любит литературу, не бойтесь же за следующие ваши труды и не охлаждайтесь некоторыми цензурными неудачами, особенно с рассказом «Ночи». Ко всему этому я должен прибавить, что в цензуре вообще готовятся великие изменения — к облегчению. Буду ждать с нетерпением к 1/2 сентября вашей Юности. Если бы к октябрю вы прислали военный рассказ свой, или Ростовцева — обязали бы крайне. За цензуру теперь, повторяю вам, не бойтесь. — Денежные комиссии ваши в Петербурге готов принять с удовольствием — и прошу вас без церемонии все покупки всё нужное поручать мне. — Кланяйтесь Столыпину. Я писал ему с этой же почтой. — Не забывайте «Современника» и вашего преданного И. Панаева. («Красная новь» 1928, 9, стр. 223—224.)", "Письмо мое к вам — Имеется в виду вышенапечатанное письмо от 18 июля. Цензор «Современника» — Бекетов Владимир Николаевич. Ездил в Москву — И. И. Панаев приехал в Москву к Боткину, где гостил Некрасов, 4 августа, а числа 8-го выехал обратно в Петербург. Пушкин — Мих. Ник. Мусин-Пушкин. О нем см. прим. 8 к п. № 12. Милютин — Дмитрий Алексеевич (1816—1912), известный государственный деятель, военный министр в 1861—1881 гг., в 1848—1856 гг. состоял по особым поручениям при военном министре, в 1845—1848 гг. был профессором военной академии по кафедре военной географии. Лев Николаевич был с ним знаком. Краснокутский — Николай Александрович (1819—1891) в 1852—1856 гг. адъютант сына Николая I, в. к. Николая Николаевича, в 1856—1863 гг. командир л.-гв. Гродненского гусарского полка. Толстой был с ним знаком... на нас, на всех, которым он читал его. — Панаев возил рассказ «Севастополь в мае» в неискаженном цензурой виде в Москву, где его читали Некрасов и Боткин. Бутков — Владимир Петрович (ум. в 1881 г.), с 1845 г. управляющий делами Кавказского комитета. Стефан — Густав Федорович, член военно-цензурного комитета. Кн. Вяземский — Петр Андреевич (1792—1878), известный писатель, приятель Пушкина, в 1855—1858 гг. товарищ министра народного просвещения. Норов — Абрам Сергеевич. См. о нем заключ. прим. к п. № 98. Ночь — «Ночь в Севастополе».", "На это же письмо Толстого отвечал приехавший в Петербург Н. А. Некрасов от 2 сентября 1855 г. Приводим его письмо полностью.", "«Милостивый государь Лев Николаевич!", "Я прибыл в Петербург в половине августа, на самые плачевные для «Современника» обстоятельства. Возмутительное безобразие, в которое приведена ваша статья, испортило во мне последнюю кровь. До сей поры не могу думать об этом без тоски и бешенства. Труд-то ваш, конечно, не пропадет, он всегда будет свидетельствовать о силе, сохранившей способность к такой глубокой и трезвой правде среди обстоятельств, в которых не всякий бы сохранил ее. Не хочу говорить, как высоко я ставлю эту статью и вообще направление вашего таланта, и то, чем он вообще силен и нов. Это именно то, что нужно теперь русскому обществу: правда, правда, которой со смертию Гоголя так мало осталось в русской литературе. Вы правы, дорожа всего более этою стороною в вашем даровании. Эта правда в том виде, в каком вносите вы ее в нашу литературу, есть нечто у нас совершенно новое. Я не знаю писателя теперь, который бы так заставлял любить себя и так горячо себя чувствовать, как тот, к которому пишу, и боюсь одного, чтобы время и гадость действительности, глухота и немота окружающего не сделали с вами того, что большею частью из нас: не убили в вас энергии, без которой нет писателя, по крайней мере такого, какие теперь нужны России. Вы молоды; идут какие-то перемены, которые — будем надеяться — кончатся добром, и, может- быть, вам предстоит широкое поприще. Вы начинаете так, что заставляете — самых осмотрительных людей заноситься в надеждах очень далеко. Однако я отвлекся от цели письма. Не буду вас утешать тем, что и напечатанные обрывки вашей статьи многие находят превосходными; для людей, знающих статью в настоящем виде, — это не более, как набор слов без смысла и внутреннего значения. Но нечего делать. Скажу одно, что статья не была бы напечатана, если бы это не было необходимо. Но имени вашего под нею нет. «Рубка леса» прошла порядочно, хотя и из нее вылетело несколько драгоценных черт. Мое мнение об этой вещи такое: формою она точно напоминает Тургенева, но этим и оканчивается сходство: всё остальное принадлежит вам и никем, кроме вас, не могло бы быть написано. В этом очерке множество удивительно метких заметок, и весь он нов, интересен и делен. Не пренебрегайте подобными очерками: о солдате, ведь, и наша литература доныне ничего не сказала, кроме пошлости. Вы только начинаете и в какой бы форме ни высказали вы всё, что знаете об этом предмете, — всё это будет в высшей степени интересно и полезно. Панаев передал мне ваше письмо, где вы обещаете нам скоро прислать «Юность», пожалуйста, присылайте. Независимо от журнала, я лично интересуюсь продолжением вашего первого труда. Мы приготовим для юности в X или XI кн., смотря по времени, как она получится. Деньги вам будут на днях посланы. Я поселился на зиму в Петербурге и буду рад, если вы напишёте мне несколько строк при случае. Примите уверения в моем искреннем уважении. Н. Некрасов. Мой адрес: в Малой Конюшенной, дом Имзена, или в контору «Современника» («Литературные приложения к «Ниве», 1898, № 2).", "Донесение о последней бомбардировке и взятии Севастополя союзными войсками. См. т. 4." ],
  "source" : "Письма. 1855 г."
}