{
  "id" : "107",
  "to" : [ {
    "firstName" : null,
    "lastName" : null,
    "paternalName" : null,
    "originalEntry" : "* 107. А. Кашперову."
  } ],
  "date" : -2106586800000,
  "place" : "Я. П.",
  "content" : "* 107. А. Кашперову.\nГ-ну Кашперову.\nМое письмо о Карме было написано лет 10 тому назад моему знакомому, которому я высказывал фантастическое представление о том, как может быть понимаема жизнь.\nК сожалению, письмо это напечатано в нынешнем году, как бы мое серьезное сочинение, и вызвало обращения ко мне такие же, как и ваше.\nВсё, что я могу ответить на такие обращения, это то, что мысли мои о значении жизни я высказал как умел в своих книгах: О жизни и Христиаиское учение. Ответы на ваши прекрасно поставленные вопросы находятся в этих книгах, и вновь излагать их в письме было бы неудобно.\nЖелаю вам всего хорошего.\nЛев Толстой.\n1 апреля 1903.\n",
  "notes" : [ "Печатается по копировальной книге № 5; лл. 155—156.", "Ответ на письмо А. Кашперова, подпоручика Гренадерского саперного батальона (Москва), от 23 марта 1903 г." ],
  "source" : "Письма. 1903 г."
}