{
  "id" : "107",
  "to" : [ {
    "firstName" : "Т",
    "lastName" : "Ергольской",
    "paternalName" : "А",
    "originalEntry" : "* 107. Т. А. Ергольской."
  } ],
  "date" : -3305732400000,
  "place" : "Я. П.",
  "content" : "* 107. Т. А. Ергольской.\nКак ни совестно, chère tante, а опять поступаю регулярно, как тот раз; сосчитав деньги, оказалось, что всех у меня 30 с чем-то, и потому посылаю вам половину. Как это люди делают, что имеют деньги, а я ничего не проживаю, и никогда нет. Ежели бы прежде не нездоровье Сони и детей, а потом распутица, то я бы приехал давно к вам. Теперь, как только выставлю пчел, так приеду к вам, хоть верхом, а то мы скоро совсем забудем друг друга. Прощайте, целую у кого какие следует части тела. —\n[Далее письмо С. А. Толстой, к нему приписка рукой Толстого:]\nНадпись самонужнейшее на письме заставило меня распечатать его с тем, чтобы решить, стоит ли того, чтобы посылать нарочного. Смотри же, дай рабе Филарете шкафчик и суднушко пожертвуй. —\n",
  "notes" : [ "Письмо написано, как видно из письма С. А. Толстой, в среду на страстной неделе, которая приходилась в 1865 г. на 31 марта." ],
  "source" : "Письма. 1865 г."
}