{
  "id" : "107",
  "to" : [ {
    "firstName" : "А",
    "lastName" : "Козыреву",
    "paternalName" : "И",
    "originalEntry" : "* 107. А. И. Козыреву."
  } ],
  "date" : -1890327600000,
  "place" : "Я. П.",
  "content" : "* 107. А. И. Козыреву.\n6 февраля 10 г. Ясная Поляна.\nНикогда не надо себя оправдывать. А когда попал в беду, то искать причину только в себе. Если будешь винить себя, то всякая беда будет на пользу для души. А если оправдываться и винить других или обстоятельства, то всякая беда будет во вред и для души и для тела.\nИ потому думаю, что деньги не надо было брать и не надо было уезжать, а если взял деньги, то надо покаяться и постараться их отдать.\nЛев Толстой.\n",
  "notes" : [ "Ответ на письмо Александра Ивановича Козырева от 2 февраля 1910 г. из Костромы.", "А. И. Козырев сообщал, что в последнее время своего пребывания в Саратове жил у пьяниц мастеровых — мужа и жены и, чтобы избавиться от них, присвоил данные хозяйкой ему на сохранение 20 р., без которых не мог бы уехать, «а им их хватит на 2—3 дня пьянства», но так как отдать эти деньги он не в состоянии, то просил Толстого уплатить эти деньги его бывшим хозяевам." ],
  "source" : "Письма 1910 гг."
}