{
  "id" : "107",
  "to" : [ {
    "firstName" : "Н",
    "lastName" : "Гроту",
    "paternalName" : "Я",
    "originalEntry" : "107. Н. Я. Гроту."
  } ],
  "date" : -2388164400000,
  "place" : "Москва.",
  "content" : "107. Н. Я. Гроту.\nОчень рад был получить ваше доброе письмо, дорогой Николай Яковлевич; я рад был почувствовать, что vous me manquez1 в Москве, и действительно с самыми хорошими чувствами вспоминал о вас. Как интересно и справедливо всё, что вы пишете об отношении народностей в том краю, где вы живете. Как вы знаете, этот вопрос патриотизма много занимал меня в последнее время. Он, как и все вопросы самые важные, кот[орые] неизбежно требуют от людей известного отношения к ним, представляется как будто старым и давно решенным, а между тем — есть вопрос самый новый и допускающий самые неожиданные соображения. Так, например, одни люди считают несомненным необходимость признания патриотизма и с презрением относятся ко всем не признающим этого, а между тем доводы против патриотизма до такой степени ясны и очевидны, что их невозможно опровергнуть и можно только обойти умалчиваньем и показываньем вида, что в пользу патриотизма существуют всеми признанные, неопровержимые аргументы, а их-то и нет.2\nПрочел я внимательно ваши лекции о Платоне,3 на мой взгляд они очень интересны, прямо поучительны для того круга людей, для которых назначаются наши издания.4 Я по себе проверил это, узнав из них многое, чего не знал, и изложение, как и всегда у вас, очень хорошо. Но есть кое-что, по-моему, для нашей цели излишнее: вступление, общий взгляд на задачи философии вообще и Платона в особенности. Излишни тоже подробности об источниках и критика их и, само собой, некоторые формы обращения к аудитории. Если бы оставить биографию и изложение сущности философии Платона, как она у вас есть, то это вышла бы превосходная книга, за которую не только издатели Посредника, но и все ее будущие читатели будут вам очень благодарны.5\nЕсли бы вы сделали это приспособление для издания сами, это было бы лучше всего. Если же нет, то сделают это, разумеется, хуже, чем вы, издатели. Очень радуюсь тем нормальным, дружеским отношениям, которые восстановились между нами.\nДружеский привет Наталье Николаевне.6 Нынче еду в деревню.\nЛюбящий вас Лев Толстой.\n",
  "notes" : [ "Печатается до подлиннику, написанному рукою П. И. Бирюкова, без даты, с собственноручной подписью Л. Толстого. Опубликовано впервые в книге «Н. Я. Грот в очерках, воспоминаниях и письмах», СПб. 1911, стр. 291—292. Датируется на основании письма адресата от 16 апреля 1894 г., на которое Толстой отвечает, и слов текста: «Нынче еду в деревню» — в Ясную Поляну, куда Толстой выехал 28 апреля.", "Николай Яковлевич Грот (1852—1899) — философ-идеалист, профессор, редактор журнала «Вопросы философии и психологии». Об отношении Толстого к Н. Я. Гроту см. «Воспоминания о Гроте» Л. Н. Толстого, написанные в 1910 г., т. 38, стр. 421 и 589—590.", "1 [мне вас недостает]", "2 Об отношении Толстого к патриотизму см. предисловие.", "3 Литографированное издание курса лекций о Платоне, прочитанных Н. Я. Гротом в Московском университете осенью 1891 г.", "4 Имеется в виду издание «Посредник».", "5 Книга была издана «Посредником» в 1896 г. под заглавием «Очерк философии Платона» и является сокращенной переработкой упомянутого выше литографированного курса лекций.", "6 Наталья Николаевна, рожд. Лавровская, жена Н. Я. Грота." ],
  "source" : "Письма. 1894 г."
}