{
  "id" : "107",
  "to" : [ {
    "firstName" : "А",
    "lastName" : "Кони",
    "paternalName" : "Ф",
    "originalEntry" : "* 107. А. Ф. Кони."
  } ],
  "date" : -2303578800000,
  "place" : "Москва.",
  "content" : "* 107. А. Ф. Кони.\nДорогой Анатолий Федорович,\nПисьмо это вам передаст муж внучки моей сестры.1 Он очень порядочный молодой человек, живет трудом. Он теперь нотариусом в Верее и желал бы получить место нотариуса в Ташкенте. Моей племяннице сказали, что вы можете содействовать этому. Если это так, то я очень прошу вас об этом. Если же почему-нибудь неудобно, то простите.\nНадеюсь увидать вас в Москве, а если нет, то я собираюсь пойти к горе, — хотел побывать в Петербурге,2 и тогда увижу вас.\nВаш Л. Толстой.\n",
  "notes" : [ "Датируется предположительно, на основании упоминания о «муже внучки» М. Н. Толстой (см. прим. 1) и желании Толстого побывать в Петербурге (см. прим. 2).", "1 Лев Николаевич Краснокутский (р. 1875), с января 1897 г. муж внучатной племянницы Толстого E. Н. Нагорновой (р. 1875); по профессии нотариус, работал в Верее, Московской губ., позднее в Нижием Новгороде", "2 Толстой был в Петербурге с 7 по 12 февраля, где провожал высылавшегося за границу В. Г. Черткова (см. т. 53)." ],
  "source" : "Письма 1840—1910 гг."
}