{
  "id" : "107",
  "to" : [ {
    "firstName" : "Альберту",
    "lastName" : "Шкарвану",
    "paternalName" : null,
    "originalEntry" : "107. Альберту Шкарвану (Albert Skarvan)."
  } ],
  "date" : -2019668400000,
  "place" : "Я П.",
  "content" : "107. Альберту Шкарвану (Albert Skarvan).\nПисьмо ваше, милый Шкарван, очень огорчило меня. Я вполне понимаю, как вам неприятно и тяжело, живя своим трудом, лишиться заработка, главное же, я уверен, что вам так же, как и мне, больно лишиться добрых отношений вам1 с Чертковым. Я решительно не понимаю, почему вам нельзя печатать днем после Гейнема[на],2 как это условлено, но не могу исполнить вашего желания дать вам какое-либо исключительное разрешение. Я раз навсегда отдал всё дело Черткову с тем, чтобы он издавал без авторского права, но как он этого желал, чтобы не было изуродованных переводов.3 Дело это, как я думаю, очень сложное и трудное, и я думаю, что мне, особенно зная и заботливость Ч[ерткова], и правильность изданий, и его отрицание прав собственности на сочинение и перевод, я считаю невозможным вмешиваться в это дело. Простите меня, если я этим огорчаю вас, и верьте, что я не могу поступить иначе. Я пишу с этой же почтой Черткову,4 прося его уладить это дело с вами так, чтобы вы не теряли своей дружбы.\nТак вот, милый Шкарван, пожалуйста, не5 осудите меня.\nЯ очень рад был из конца вашего письма увидать, что вы всё так же радикальны в своих христианских взглядах и в применении их к жизни. Пожалуйста, пришлите мне ваши заметки о податях.6 Мне это очень интересно.\nНеужели же ваш труд перевода Круга чтения пропадет даром? Неужели нельзя так устроить, чтоб этого не было. Прощайте. Целую вас, вашу жену и детей.\nЛев Толстой.\n1 янв. 1906.\n",
  "notes" : [ "Печатается по копировальной книге № 6, лл. 457—458. Впервые опубликовано в «Летописях», 2, стр. 194—195.", "Об Альберте Альбертовиче Шкарване (Albert Skarvan, 1870—1926) см. т. 67.", "Ответ на письмо от 9 января н. с. 1906 г., в котором Шкарван просил прислать ему разрешение на издание отдельной книгой переведенных им рассказов из «Круга чтения». См. прим. 2.", "1 Так в подлиннике.", "2 Вильям Гейнеман (William Heinemann, p. 1863), английский издатель. См. т. 67. В октябре 1905 г. Чертков, с целью получить средства на печатание произведений Толстого на иностранных языках и продажу их по самым минимальным ценам, продал Гейнеману право первого издания произведений Толстого за границей, но без права литературной собственности. Право перепечатки осталось свободным. См. письма к Черткову 1905 г., т. 89. Гейнеман, однако, требовал от Шкарвана плату за право напечатать его перевод рассказов Толстого.", "3 В феврале 1898 г. Толстой официально уполномочил Черткова вести все дела по печатанию своих произведений за границей. См. письма к Черткову 1898 г., т. 88.", "4 См. т. 89, письмо к Черткову от 1 января 1906 г.", "5 Слово: не в подлиннике повторено два раза.", "6 В письме от 22 января н. с. 1906 г. Шкарван прислал Толстому выписку из своего дневника от 19 декабря 1905 г. об отказе платить подати на том основании, что правительство собирает налоги для поддержания своего господства." ],
  "source" : "Письма. 1906 г."
}