{
  "id" : "107",
  "to" : [ {
    "firstName" : "Н",
    "lastName" : "Зиновьеву",
    "paternalName" : "А",
    "originalEntry" : "* 107. Н. А. Зиновьеву"
  } ],
  "date" : -2463850800000,
  "place" : "Москва.",
  "content" : "* 107. Н. А. Зиновьеву\nЕдва ли я буду в состоянии исполнить ваше желание, уважаемый Николай Алексеевич, присутствовать на заседании Красн[ого] Кр[еста] 9-го. Мы намереваемся проехать раньше; а времени нам терять никак нельзя. Да и кроме того, я всю жизнь свою всегда отклонялся от публичных чтений и т. п. и даже не умею этого. Очень бы желал сделать вам приятное, но лучше будет, если мы это оставим.\nСвидетельства мои Кр[асного] Креста уже все вышли: 8 я отдал Писареву для доставки ржи и пшеницы, одно вчера отдал Мартынову для льна1 и нынче надо посылать два в Киев на два вагона гороха.2 Так что одного у меня уже недостает. Если можно, то дайте мне еще десять свидетельств. Если вам почему-либо неудобно, то я постараюсь достать здесь.\nПожалуйста, простите, что отказываюсь и утруждаю вас. — Передайте, пожалуйста, мой привет Марье Ивановне3 и мои настояния следовать моему лечению. Надеюсь проездом быть у вас.\nС истинным уважением ваш\nЛев Толстой.\n1891. 4 декабря.\n",
  "notes" : [ "Николай Алексеевич Зиновьев (1839—1917) — в 1887—1893 гг. тульский губернатор, знакомый семьи Толстых.", "Письмо Зиновьева, на которое отвечает Толстой, неизвестно.", "1 Николай Авенирович Мартынов (ум. 1913), художник, работавший на голоде вместе с H. Н. Философовой. Толстому он взялся заказать вагон льна (см. H. A. Мартынов, «Поездка по Тульской и Рязанской губерниям» — «Русские ведомости» 1891, № 309 от 9 ноября).", "2 См. письмо № 106.", "3 Мария (или Матрена) Ивановна Зиновьева, рожд. Скворцова, жена Н. А. Зиновьева." ],
  "source" : "Письма. 1891 г."
}