{
  "id" : "107",
  "to" : [ {
    "firstName" : "М",
    "lastName" : "Каткову",
    "paternalName" : "Н",
    "originalEntry" : "107. М. Н. Каткову."
  } ],
  "date" : -3527780400000,
  "place" : "Москва.",
  "content" : "107. М. Н. Каткову.\n18 Марта.\nМ. Г. Михаил Никифорович!\nПо поручению М. Е. Салтыкова,1 спешу доставить вам прилагаемую рукопись. Он очень просит напечатать ее в Марте.2 В противном случае просит возвратить ее ему в Петербург или мне в Москву, на Пятницкой в доме Варгина. —\nС совершенным почтением остаюсь Ваш покорный слуга Гр. Л. Толстой.\n",
  "notes" : [ "Печатается по рукописной копии писарской рукой из архива М. Н. Каткова (тетрадь № 21). Впервые опубликовано в «Литературном наследстве», № 37—38, М. 1939, стр. 191. Месяц и число проставлены на копии, год определяется содержанием.", "1 Очевидно, Толстой в Петербурге виделся с Салтыковым (Щедриным), о чем до сих пор сведений не имелось. О взаимоотношениях Толстого с М. Е. Салтыковым см. статью М. М. Чистяковой «Л. Н. Толстой и Салтыков» в № 13—14 «Литературного наследства», 1933.", "2 В № 3 «Русского вестника» за 1858 г. появились «Два отрывка из книги об умирающих» Салтыкова." ],
  "source" : "Письма. 1858 г."
}