{
  "id" : "107",
  "to" : [ {
    "firstName" : "А",
    "lastName" : "Гаибову",
    "paternalName" : "А",
    "originalEntry" : "* 107. А. А. Гаибову."
  } ],
  "date" : -1919617200000,
  "place" : "Я. П.",
  "content" : "* 107. А. А. Гаибову.\nЯсная Поляна.\n4 марта 1909.\nЯ уже около 20 лет предоставил всем желающим право переиздания и переводов на все языки всех моих писаний, написанных после 1881 года, так что могу только благодарить Вас за принятый на себя труд.\nЛев Толстой.\n",
  "notes" : [ "Печатается по подлиннику (написано H. Н. Гусевым, подпись Толстого).", "Аббас-Ага Гаибов — секретарь Закавказского мусульманского духовного правления. В письме от 24 февраля из Тифлиса просил разрешить напечатать перевод сказки Толстого «Много ли человеку земли нужно».", "На конверте письма Гаибова Толстой пометил: Ответить от меня." ],
  "source" : "Письма 1909 г."
}