{
  "id" : "107",
  "to" : [ {
    "firstName" : "П",
    "lastName" : "Буланже",
    "paternalName" : "А",
    "originalEntry" : "* 107. П. А. Буланже."
  } ],
  "date" : -2290618800000,
  "place" : "Я. П.",
  "content" : "* 107. П. А. Буланже.\nВот письмо,1 которое я забыл вам вложить вчера. Будьте благополучны и всё такой же, как теперь.\nЛ. Т.\n",
  "notes" : [ "Печатается по копии. Датируется по содержанию (см. письмо № 106).", "1 Письмо это неизвестно." ],
  "source" : "Письма. 1897 г."
}