{
  "id" : "108",
  "to" : [ {
    "firstName" : "А",
    "lastName" : "Толстой",
    "paternalName" : "А",
    "originalEntry" : "* 108. А. А. Толстой."
  } ],
  "date" : -3304695600000,
  "place" : "Я. П.",
  "content" : "* 108. А. А. Толстой. Неотправленное.\nКак ни долго оставил я ваше славное, сильно обрадовавшее меня письмо1 без ответа, я все-таки отвечаю. И знаете ли, почему я так долго не писал вам? Из ложного стыда. Мне очень интересно было знать ваше мнение о начале моего романа,2 и мне казалось, что ежели вы молчите, то, значит, вам не понравилось; а ежели я напишу вам, — то как будто на[вя]зываюсь на из милости сказанное одобрение. И полагал, что (как кто-то сказал), что напечатанное сочинение есть письмо ко всем друзьям, и потому письмо за вами. Но это всё вздор, а жалко то, что я опять два месяца ничего о вас не знаю. — Когда вы писали ваше приглашение мне приехать, вы в душе знали, что это невозможно. Оно так и вышло, но все-таки я был рад: кроме того, что я был очень занят, что дети малы, и всякий переезд страшен, мы перед весной все переболели, начиная с меня и кончая грудной Таней. Теперь мы не только ожили, но задумали большую поездку заграницу в конце мая.3 — Увидимся ли мы с вами? будете ли вы в Петербурге или на даче около этого времени? — Как бы было досадно, ежели бы как-нибудь разъехались. Где будет Прасковья Васильевна и ваши сестры и брат?4\nХотя я не читал еще сам в газетах, но все говорят, что наследник умер. Ежели это правда, то я воображаю, как это несчастье больно отразилось на вас, тогда как на меня, столь далекого от придворного политического мира, это известие очень тяжело подействовало. —\n",
  "notes" : [ "Печатается по копии. Местонахождение подлинника неизвестно. Датируется содержанием: наследник Николай Александрович, старший сын Александра II, о смерти которого пишет Толстой, умер 12 апреля 1865 г.", "1 Письмо А. А. Толстой от 29 января 1865 г. (ПТ, № 55).", "2 «1805 год».", "3 Поездка эта не состоялась.", "4 П. В. Толстая — мать А. А. Толстой, сестры — Елизавета, Софья, брат — Илья." ],
  "source" : "Письма. 1865 г."
}