{
  "id" : "108",
  "to" : [ {
    "firstName" : "В",
    "lastName" : "Давыдову",
    "paternalName" : "Н",
    "originalEntry" : "* 108. В. Н. Давыдову."
  } ],
  "date" : -2227892400000,
  "place" : "Я.",
  "content" : "* 108. В. Н. Давыдову.\nМая 1899.\nМногоуважаемый Владимир Николаевич,\nСочинение ваше я не скажу, что прочел, но просмотрел настолько, что составил себе понятие о нем. С основными мыслями, выраженными там, в особенности с указаниями недостатков существующаго строя, я вполне согласен. Меры же исправления этого порядка мне не ясны. Кроме того, язык сочинения очень тяжелый и не простой. О напечатании сочинения в России нечего и думать. За границей же, разумеется, на свои средства можно напечатать. Для этого я советовал бы вам обратиться к моему другу Черткову в Англию. Адрес: V. Tchertkoff, Maldon, Essex. Рукопись вашу возвращаю, благодарю за доброе мнение обо мне и присылку портрета.\nИскренно уважающий вас Лев Толстой.\n",
  "notes" : [ "Печатается по листу копировальной книги, хранящемуся в AЧ. Местонахождение автографа неизвестно. Публикуется впервые.", "Владимир Николаевич Давыдов, своеобразный философ-социолог, родился в 1820 г. в с. Сотницком Суджанского у. Курской губ. В 1838 г. кончил курс в Морском корпусе и поступил мичманом в Балтийский флот. В 1845 г. вышел в отставку, отдавшись изучению социологии. Жил в молодости на родине, в двадцати верстах от Щербачевки, имения брата Толстого, Дмитрия Николаевича, который с 1850 г. до кончины часто бывал у Давыдова. В марте 1883 г. было напечатано сочинение Давыдова «Опыт Социологии: Науки устройства человечно Счастливого Сообщежития», соч. О. Че-ка (т. е. «Одного Человека»). Осенью 1883 г. напечатан в Париже перевод на французский язык «Essai de Sociologie: Science de l’organisation de la Société Humanitairement Heureuse. En souvenir du premier essai de l’organisation humanitaire en 1783 an». Par. O. Tche-k, Paris, Auguste Guio, éditeur. В 1893 г. им была закончена работа, являющаяся «полным синтезом [его] слишком полувековых трудов»: «Нравственность и значение индивидов бытию человечества сквозь призму научно-социологическую». Он предлагал Толстому его «художеским пером» пробудить интерес к организации «Федерального факультета социологов» в Швейцарии, Франции или других странах. Идея Давыдова сводится к учреждению «органического круговорота обмена трудов и кредита», посредством которого «есть возможность без физических насилий, в каких-нибудь десять-пятнадцать лет совершить ликвидацию государственного хищничества приличным выкупом решительно всех существенных источников фарисейски легального Бесчеловечья, которое совершается теперь не только одними бесшабашными хищниками, но фатально и самыми искренними человечниками». Толстой писал Давыдову в 1886 г. по поводу его философских занятий. См. т. 63.", "Напоминая о переписке, бывшей тринадцать лет назад, Давыдов прислал Толстому извлечение из своего основного труда с просьбой ознакомиться с ним и оказать содействие его опубликованию. Давыдов писал 15 мая 1899 г.: «Так как Вы своего духа человечного социологирования и теперь имеете возможность печатать не только за границей, но и у нас, то, вероятно, Вы везде имеете хорошо знакомых издателей. А потому, пожалуйста, простите, и решился убедительнейше Вас просить мне оказать любезное содействие в напечатании посылаемого при этом «Очерка». Если Вы найдете, что и после каких бы то ни было из него урезков, всё-таки цензура напечатать не разрешит, то его перевести на французский язык и напечатать за границей. В том или другом случае следуемую за всякие работы и комиссии сумму предварительно и немедленно я вышлю Вам. Если предварительно Вы пожелаете ознакомиться с «Очерком» более основательно, т. е. на бесцензурную чистоту, то я Вам немедленно вышлю его № 1. Если же по каким бы то ни было обстоятельствам Вы и читать не пожелаете, то на всякий случай прилагаю на возвращение мне рукописи почтовые марки».", "В ответном письме от 3 июня 1899 г. Давыдов объяснил совет Толстого обратиться к В. Г. Черткову за «нейтралитет в [его] убедительной просьбе. Верность этого моего мнения, — писал Давыдов, — подтвердилась полученной через пять дней после письма посылкой, в которой с «Очерком» я нашел не только дополнение моего к Вам письма, но и мою визитную на фотографии карточку, которую я почтительнейше Вам послал собственно только на основании везде принятого правила, по которому обращающийся с убедительнейшей своей просьбой человек неизвестный приличием обязывается вместе с тем представить хотя бы какой-нибудь выраженный признак своей личности. Пожалуйста, простите, что мое задушевно Человечно выраженное к Вам обращение по какой-то совершенно мне непонятной причине Вы были вынуждены так пренебрежительно и резко оттолкнуть». См. письмо № 132." ],
  "source" : "Письма 1899 г."
}