{
  "id" : "108",
  "to" : [ {
    "firstName" : null,
    "lastName" : null,
    "paternalName" : null,
    "originalEntry" : "* 108. С. Савочкину."
  } ],
  "date" : -1904238000000,
  "place" : "Я. П.",
  "content" : "* 108. С. Савочкину.\n29 августа 09 г. Ясная Поляна,\nПисьмо ваше мне было очень приятно. Посылаю вам некоторые мои книги.\n\n",
  "notes" : [ "Печатается по дубликату подлинника.", "Ответ на письмо Сильвестра Савочкина (р. 1888), крестьянина с. Сабуровщина Калужской губ., от 23 августа 1909 г. с выражением сочувствия и благодарности." ],
  "source" : "Письма 1909 г."
}