{
  "id" : "108",
  "to" : [ {
    "firstName" : "В",
    "lastName" : "Булгакову",
    "paternalName" : "Ф",
    "originalEntry" : "108. В. Ф. Булгакову."
  } ],
  "date" : -1875639600000,
  "place" : "Я. П.",
  "content" : "108. В. Ф. Булгакову.\nБлатову — вполне хорошо.\nТучаку — тоже.\nТрушову — тоже.\nКабанову — тоже.\n",
  "notes" : [ "В подлиннике под автографом Толстого надпись В. Ф. Булгакова: «Аттестат, выданный Л[ьвом] Н[иколаевичем] за написанные мною по его поручению письма 26 июля 1910 г. В. Б.». Впервые опубликовано В. Ф. Булгаковым в его Дневнике, стр. 251. Кроме того, см. В. Ф. Булгаков, «Трагедия Льва Толстого», изд. «Прибой», Л. 1928, стр. 63 и 64. См. «Список писем по поручению», 192, 196, 199, 200." ],
  "source" : "Письма 1910 гг."
}