{
  "id" : "108",
  "to" : [ {
    "firstName" : "М",
    "lastName" : "Новикову",
    "paternalName" : "П",
    "originalEntry" : "* 108. М. П. Новикову."
  } ],
  "date" : -2072804400000,
  "place" : "Я. П.",
  "content" : "* 108. М. П. Новикову.\nБлизкий сердцу моему брат Михаил Петрович.\nПолучил ваше письмо и без слез не мог читать его и теперь не могу думать о вас.\nВсё, что возможно, сделаем для семьи вашей1 и на днях посетим ее. В матерьяльном отношении наверное всё нужное будет сделано, в духовном будем стараться.\nБратски целую вас. Помогай вам тот бог, к[оторый] в вас, всё больше и больше расширяясь и разгораясь в душе ваш[ей].\nЛев Толстой.\n1904. 26 апр.\n",
  "notes" : [ "Михаил Петрович Новиков (р. 1871?) — крестьянин д. Боровкова Крапивенского уезда Тульской губ., единомышленник Толстого. См. т. 73, стр. 312. Свои впечатления от военной службы Новиков описал в статье «На войну! (Записки призывного)», напечатанной в «Свободном слове» 1905, №№ 15, 16, 17.", "Ответ на письмо Новикова от 24 апреля 1904 г., в котором он писал о том, что его призвали на воинскую службу и посылают на фронт, просил позаботиться о его семье.", "1 Семья М. П. Новикова состояла из его жены Макрины Ивановны Новиковой и четверых детей." ],
  "source" : "Полное собрание сочинений. Том 75"
}