{
  "id" : "108",
  "to" : [ {
    "firstName" : "А",
    "lastName" : "Александрову",
    "paternalName" : "А",
    "originalEntry" : "108. А. А. Александрову."
  } ],
  "date" : -2351358000000,
  "place" : "Я. П.",
  "content" : "108. А. А. Александрову.\nМилостивый государь\nАнатолий Александрович,\nМой знакомый г-н Евдокимов1 желает поместить в вашем журнале2 свое сочинение. Я рукописи не читал, но знаю г-на Евдокимова за человека с самым хорошим направлением.\nЕсли найдете рукопись удобною для напечатания и стоящею вознаграждения, то поощрите3 г-на Евдокимова к литературной работе, к которой он чувствует призвание и на которую хочет посвятить свои силы.\nГотовый к услугам\nЛев Толстой.\n",
  "notes" : [ "Печатается по тексту, опубликованному в «Красной ниве» 1924, № 2, стр. 43, с автографа, с датой Толстого: «28 июня 95 г.».", "Анатолий Александрович Александров (1861—1930) — приват-доцент Московского университета по кафедре русской литературы. С 1892 г. состоял редактором-издателем журнала «Русское обозрение». См. т. 66, стр. 289.", "1 Алексей Андреевич Евдокимов, сочувствовал взглядам Толстого.", "2 Ежемесячный литературный журнал «Русское обозрение» выходил в Москве в 1890—1898 гг.", "3 «К сожалению моему, ни напечатать в «Русском обозрении» рукописи г-на Евдокимова, ни вообще устроить его сотрудничества в этом журнале не пришлось». Примечание А. А. Александрова к опубликованному письму в «Красной ниве»." ],
  "source" : "Письма. 1895 г."
}