{
  "id" : "108",
  "to" : [ {
    "firstName" : "Гр",
    "lastName" : "А",
    "paternalName" : "А",
    "originalEntry" : "108. Гр. А. А. Толстой."
  } ],
  "date" : -3527262000000,
  "place" : "Москва.",
  "content" : "108. Гр. А. А. Толстой.\nХристос воскрес! милый друг бабушка! Хотя я и не говел, и хотя я с Петербурга всё болен,1 мне так что-то хорошо на душе, что не могу не поговорить с вами. — Когда у меня в душе беспорядок, я при вас и заочно стыжусь вас, когда же, как теперь, — не слишком дурно, чувствую в себе храбрость смотреть вам прямо в лицо и спешу воспользоваться этим. Мы сейчас с тетинькой говорили о вас. Она мне рассказала ваши слова Машиньке о ее муже. Эти слова тронули глубоко и М[ашеньку], и тетиньку, и меня. Мы даже разнюнились с тетинькой, вспоминая их. Откуда у вас берется эта теплота сердечная, которая другим дает счастье и поднимает их выше? Какой вы счастливый человек, что можете так легко и свободно давать другим счастие. — Затем и пишу вам, что мне завидно и хочется подышать немножко вашим воздухом. Как ни смотришь на себя — всё мечтательный эгоист, который и не может быть ничем другим. Где ее взять — любви и самопожертвования, когда нет в душе ничего, кроме себялюбия и гордости? Как ни подделывайся под самоотвержение, всё та же холодность и рассчет на дне. И выходит еще хуже, чем ежели бы дал полный простор всем своим гадким стремленьям. Вот и теперь пишу вам о себе и готов писать сто листов, как будто это может быть интересно кому-нибудь. Ежели бы мне кто-нибудь написал то об себе, что я пишу вам, мне бы стало гадко, а вам, я знаю, будет жалко, что вот как глуп человек. — Ах! плохо жить нашему брату — младшим. — Не можем мы ни любить, ни быть любимы, а так кружимся, как будто дело делаем, то притворяемся, что любим, то притворяемся, что нас любить можно, — и всё неправда. Мы только на то и годимся, чтобы, глядя на нас, больше бы ценили вас, старших. — Но всё ничего; ежели вы, старшие, будете помогать немного, жить можно. — Не могу сыскать Сна,2 чтобы прислать вам. Другую же вещицу отдал переписывать и пришлю на днях.3 — Пожалуйста не покупайте Андерсена,4 пришлю вам его и еще божественную книгу (dans mon genre),5 которой, надеюсь, вы останетесь довольны. Ежели вам лень, то не отвечайте мне теперь, я воображу себе ответ — (и всегда отличный), но, пожалуйста, о дальнейших ваших планах известите. Я бы ужасно желал видеть вас до отъезда нашего за границу. А теперь в Петербурге я как-то не воспользовался и сотой долью того бальзама, которым вы меня всегда угащиваете. Затем прощайте, очень кланяйтесь всем вашим и жалейте, презирайте меня, но, пожалуйста, никогда не махайте на меня рукой. Моя амбиция состоит в том, чтобы всю жизнь быть исправляемым и обращаемым вами, но никогда не исправленным и обращенным.\n",
  "notes" : [ "Впервые опубликовано в ПТ, стр. 94—95, с датой «Март 1858 г.». Год определяется содержанием в записью в Дневнике под 24 марта.", "1 Толстой был в Петербурге с 11 по 17 марта 1858 г.", "2 О «Сне» см. прим. 4 к п. 102.", "3 Подразумевается рассказ Толстого «Три смерти».", "4 Ганс-Христиан Андерсен (1805—1875) — датский писатель. Всемирную известность приобрел своими сказками.", "В Дневнике Толстого под 1 января 1857 г. отмечено: «Перевел сказочку Андерсена». Известен перевод Толстого сказки Андерсена «Новое платье короля». См. т. 47, стр. 539—540, и т. 37 настоящего издания.", "5 [в моем духе]", "На это письмо А. А. Толстая ответила 30 марта. См. ТП, стр. 96—98." ],
  "source" : "Письма. 1858 г."
}