{
  "id" : "108",
  "to" : [ {
    "firstName" : "П",
    "lastName" : "Голохвастову",
    "paternalName" : "Д",
    "originalEntry" : "108. П. Д. Голохвастову."
  } ],
  "date" : -3005751600000,
  "place" : "Я. П.",
  "content" : "108. П. Д. Голохвастову.\nПосылаю вам, любезный Павел Дмитриевич, то, что мне написал Мяснов, на ваши вопросы; он не бывал там и не знает более. Мое мнение, все-таки покупайте.\nВаш Л. Толстой.\n2 октября.\n",
  "notes" : [ "О первой публикации см. стр. 3. Год определяется содержанием (ср. письмо № 105)." ],
  "source" : "Письма. 1874 г."
}