{
  "id" : "108",
  "to" : [ {
    "firstName" : "Г",
    "lastName" : "Русанову",
    "paternalName" : "А",
    "originalEntry" : "108. Г. А. Русанову."
  } ],
  "date" : -2508951600000,
  "place" : "Я. П.",
  "content" : "108. Г. А. Русанову.\nДорогой Гаврило Андреевич. Спасибо за ваше письмо. Мне всегда радостно получать известия от вас, хотя бы и такие, как последнее — о вашей болезни. Нет ничего худого и в болезни, если мы сами не вносим это худое в нашем взгляде на нее. И как вижу из письма, она не нарушает вашей жизни, как не нарушит ее и смерть тела. Помогай вам бог. —\nЯ теперь совсем здоров и с умилением вспоминаю о том хорошем состоянии, в к[отором] был во время болезни: чувствую, как с тех пор опять далеко отошел от духовного состояния, в к[отором] был — оскотинился. —\nПлоды просвещ[ения] у меня есть коректурный оттиск и посылаю его вам. Послесловие прошу Машу списать и прислать вам, но если вы прежде получите от Бул[анже], то напишите. А то лучше я вам пришлю статейку, предисловие к новой книге доктора Алексеева о пьянстве «Для чего люди одурманиваются», кот[орая] может быть вам интересна.\nЖена хочет напечатать в 13-м томе и Крейц[ерову] Сон[ату], и Пл[оды] Пр[освещения].1\nЯ теперь пью кумыс и ничего почти не делаю.\nТретьего дня получил из Парижа перевод Бондарева статьи с моим предисловием и предисловием переводчика под заглавием Le Travail2. Очень хорошая вышла книга и, думается, может быть на пользу людям. Вспомнил я о ней по случаю ваших мальчиков, про кот[орых] вы пишете, что они хотят работать в поле. Поцелуйте их за меня и посоветуйте от меня не ленясь, с некоторым даже усилием работать полевую работу. Они увидят, какие радостные останутся воспоминания.\nЖене вашей душевный привет, и Пастухову, и Бул[анже], и Алмазову. Любящий вас Л. Толстой.\n\nНа конверте: В город Землянск, Воронежск[ой] губ. Гавриилу Андреевичу Русанову. До востребования.\n",
  "notes" : [ "Впервые опубликовано в «Вестнике Европы» 1915, 3, стр. 18—19. Дата определяется сопоставлением слов письма о получении «третьего дня» книги «Le Travail» с записью в Дневнике Толстого 28 июня (т. 51, стр. 56) о получении в этот день упомянутой книги и подтверждается упоминанием этого письма под датой «30 июня» в Списке В. Г. Черткова.", "Ответ на письмо Русанова от 10 июня 1890 г., в котором Русанов писал о своей болезни и просил Толстого прислать ему копии «Плодов просвещения» и послесловия к «Крейцеровой сонате».", "1 См. прим. 7 к письму № 69.", "2 Статья крестьянина Тимофея Михайловича Бондарева (см. т. 63, стр. 277—278) «Торжество земледельца или трудолюбие и тунеядство» с предисловием к ней Толстого, написанным в 1886 г., была напечатана в Париже в 1890 г. в книге: Leon Tolstoï et Timothée Bondareff, «Le travail». Traduit du russe par B. Tseytline et A. Pagès, Paris (Лев Толстой и Тимофей Бондарев, «Труд». Перевод с русского Б. Цейтлина и А. Пажеса, Париж)." ],
  "source" : "Письма. 1890 г."
}