{
  "id" : "108",
  "to" : [ {
    "firstName" : "Е",
    "lastName" : "Молоствовой",
    "paternalName" : "В",
    "originalEntry" : "* 108. Е. В. Молоствовой."
  } ],
  "date" : -1977678000000,
  "place" : "Я. П.",
  "content" : "* 108. Е. В. Молоствовой.\nМилости просим.\nТолстой.\n",
  "notes" : [ "Печатается по телеграфному бланку. Основание датировки ― дата подачи телеграммы: «Тула 2 мая 1907».", "Ответ на несохранившуюся телеграмму Е. В. Молоствовой по поводу предполагавшегося ее приезда в Ясную Поляну. См. письмо № 103." ],
  "source" : "Письма. 1907 г."
}