{
  "id" : "108",
  "to" : [ {
    "firstName" : "Софье",
    "lastName" : "Толстой",
    "paternalName" : "Андреевне",
    "originalEntry" : null
  } ],
  "date" : -3011108400000,
  "place" : "Пароход на Волге.",
  "content" : "108.\nНу вот, он все написал.1\nЕхать нам хорошо и общество простое и не неприятное.\nГлавное хорошо то, что пароход ходит всю ночь, и мы в суботу утром будем в Самару. Это сократит путешествие, но все таки не жди меня раньше 15-го. Может быть, дольше придется пробыть на хуторе. — Я, было, очень устал, но на пароходе уже успел отдохнуть.\nСережа очень мил, и это путешествие нас сблизит. Я все время на него смотрю с умилением. Я говорил, что скучно на пароходе; но теперь отрекаюсь; сижу на балконе, смотрю и радуюсь, и думаю о том, как на будущий год мы все поедем. Только бы у тебя было все благополучно. Господин сходит в ВасильСурске2 и обещался отдать на почту письмо. Прощай, душенька, до свиданья. С Сережей тоски у меня не будет.3 И все время я, как в семье.\nЛ.\n",
  "notes" : [ "Приписка к письму С. Л. Толстого. Печатается по автографу, хранящемуся в АТБ. Впервые опубликовано по копии, сделанной С. А. Толстой, в ПЖ, стр. 103. Датируется на основании: 1) письма С. А. Толстой от 2 августа, в котором читаем: «Теперь вы на пароходе, ночь чудесная, тихая и теплая, и, верно, ты тоже думаешь о нас так же, как и я о тебе», 2) слов письма Толстого «в субботу утром [3 августа] будем в Самаре» и 3) «господин сходит в Васильсурске и обещает отдать на почту письмо». Путь от Нижнего Новгорода до Самары занимал двое суток.", "1 В первой части письма С. Л. Толстой писал С. А. Толстой: «Милая мама, мы теперь на пароходе, и мой почерк оттого дурен, потому что пароход очень шатается. Мы попали прямо на нижегородский поезд; нам было довольно просторно, потому что в нашем отделении сидел немец и жид. Я спал на полу, но я выспался лучше чем на диване. Утром мы приехали в Нижний. Там была ужасная теснота, потому что там ярмарка. Мы попали на пароход Александр II, который очень велик и он двухэтажный. Мы теперь между Нижним и Казанью и должно быть приедем после завтра утром в Самару. В этом пароходе очень большая рубка и каюты не внизу, а наровне с рубкой. Мы сейчас чуть не сели на мель. Человек, который меряет, даже сказал, что там четыре с половиной фута. Прощайте, милая мама, целую вас и всех. Ваш сын Сережа».", "2 Васильсурск — уездный город Нижегородской губернии, первая большая пристань по Волге от Нижнего Новгорода.", "3 Толстой, возможно, имел в виду свое тоскливое состояние в начале своей поездки на кумыс 1871 г." ],
  "source" : "Письма к С. А. Толстой 1862-1910 гг."
}