{
  "id" : "108",
  "to" : [ {
    "firstName" : "Н",
    "lastName" : "Давыдову",
    "paternalName" : "В",
    "originalEntry" : "* 108. Н. В. Давыдову."
  } ],
  "date" : -2298826800000,
  "place" : "1880—1897 гг. Я. П.",
  "content" : "* 108. Н. В. Давыдову.\nНиколай Васильевич,\nПожалели мы, что дурная погода помешала вам приехать. Теперь уж, вероятно, не увидимся здесь.\nПишу эту записку с женщиной, за которую очень прошу вас. Ее мужа приговорили на 3 месяца в тюрьму, как она говорит, за оскорбление сторожей, искавших в его доме лес, в покраже кот[орого] его подозревали и кот[орого] у него не нашли. Он никогда не судился и мужик хороший — мой бывший ученик Иван Морозов. 1 Приговорил его земский начальник Тульск[ого] уезда. Она, его жена, не успела взять копию при мне, так что я не мог видеть решения и написать ей прошение и потому уже вас прошу помочь ей. Она остается одна с 4 малыми детьми, и весенняя пахота пропала. А они бедны и только что погорели.\nЖелаю вам всего лучшего и вперед сердечно благодарю за помощь.\nВаш Л. Толстой.\n25 февраля.\n",
  "notes" : [ "Датируется по почерку и временем пребывания Н. В. Давыдова в Туле.", "1 Иван Степанович Морозов (ум. 1930), яснополянский крестьянин. О его деле, упоминаемом в письме, сведений не имеется." ],
  "source" : "Письма 1840—1910 гг."
}