{
  "id" : "108",
  "to" : [ {
    "firstName" : "Ф",
    "lastName" : "Желтову",
    "paternalName" : "А",
    "originalEntry" : "* 108. Ф. А. Желтову."
  } ],
  "date" : -2388164400000,
  "place" : "Москва.",
  "content" : "* 108. Ф. А. Желтову.\n29 апреля. Москва 1894 г.\nДорогой Ф[едор] Алекс[еевич],\nС высказанными вами в вашем письме мыслями о воспитании я вполне согласен. Слово есть одно из самых естественных, распространенных и легчайших способов передачи мысли. К сожалению, оно же и самое обманчивое, и потому-то в воспитании, при котором опаснее всего обман, и обман, всегда легко раскрываемый детьми, самым действительным и лучшим и исключающим возможность обмана, часто невольного, средством — всегда было и будет личный пример жизни воспитателя. Только в этом смысле я и писал в письме, про которое вы говорите, о примере из своей жизни, как главном средстве воспитания. Пример и своя жизнь включает в себя и слово. Пример учит жить и говорить. Слово же не включает в себя примера. Только это я хотел сказать в том письме.\nПрощайте, желаю вам всего хорошего.\nЛюбящий вас Лев Толстой.\n",
  "notes" : [ "Печатается по подлиннику, написанному П. И. Бирюковым под диктовку Толстого, как это видно из приписки Бирюкова на третьей (чистой) странице письма: «Дорогой Ф. Ал., письмо это я писал под диктовку Льва Николаевича, с которого в это время писал портрет художник Ярошенко. Сегодня Лев Николаевич уехал в Ясную Поляну...» Подпись рукой Толстого. Дату Бирюкова на письме «29 апр. Москва, 1894 г.» исправляем на «28 апреля» на основании записи в «Ежедневнике» С. А. Толстой, в котором отъезд Толстого в Ясную Поляну отнесен на 28-е число.", "Федор Алексеевич Желтов (р. 1859) — сын крестьянина-шорника села Богородского Нижегородской губ., сектант-молоканин, автор нескольких очерков и рассказов, знаком с Толстым с 1888 г.", "Ответ на письмо Желтова от 21 апреля 1894 г." ],
  "source" : "Письма. 1894 г."
}