{
  "id" : "108",
  "to" : [ {
    "firstName" : "М",
    "lastName" : "Толстой",
    "paternalName" : "Л",
    "originalEntry" : "108. М. Л. Толстой."
  } ],
  "date" : -2293210800000,
  "place" : "конец. Я. П.",
  "content" : "108. М. Л. Толстой.\nХотелось бы тебе писать такое, чтобы тебе было приятно и удерживало тебя со мною, т. е. поддерживало бы нашу связь, а приходится писать то, что тебе может быть неприятно и оттолкнет тебя, как я видел подействовало на тебя в Пирогове, именно: Ты пишешь, что священник отказывается венчать и за 150 р. Не говоря о том, что венчаться, не веря в таинство брака, так же дурно, как говеть не веря, не говоря о том, что для того, чтобы себя избавить от лжи, надо заставить лгать, да еще с подкупом, другого человека — священника, не говоря об этом, швырянье 150 р, для подкупа и для избавления себя от неприятной процедуры очень нехорошо. Ведь можно не говеть, когда это нужно сделать только п[отому], ч[то] не можешь. А если можешь и венчаться и даже подкупать, то нет причины но говеть. Знаю, что ты в такие минуты как те, к[оторые] ты переживаешь, просто не обдумала этого и согласишься со мною, надеюсь, и, главное, не разлюбишь меня за это.1\n2 У нас всё хорошо. Я спокоен, но не совсем здоров — слаб и грустен.\nРешай, как лучше, и не забывай, что во всякое время и при всяких обстоятельствах — и в важных еще нужнее, чем в обыкновенных — не должно забывать требований совести и правдивости.\nЛ. Т.\n",
  "notes" : [ "Впервые опубликовано в журнале «Современные записки», Париж 1926, XXVII, стр. 244. Датируется на основании ответного письма М. Л. Толстой от 31 мая.", "1 М. Л. Толстая обвенчалась с H. Л. Оболенским 2 июня 1897 г. в Москве.", "2 Абзац редактора." ],
  "source" : "Письма. 1897 г."
}