{
  "id" : "108",
  "to" : [ {
    "firstName" : "И",
    "lastName" : "Клёклер",
    "paternalName" : "В",
    "originalEntry" : "* 108. И. В. Клёклер (I. W. Klökler)."
  } ],
  "date" : -2106586800000,
  "place" : "1/14. Я. П.",
  "content" : "* 108. И. В. Клёклер (I. W. Klökler).\nGnädige Frau,\nIch habe längst meine folle Authorisation gegeben einem jedem alle meine Schriften zu drucken, übersetzen oder bearbeiten so dass eine speziale Authorisation überflüssig ist.\nWünschend guten Erfolg in Ihrem Unternehmen, verbleibe ich mit Hochachtung\nLeo Tolstoy.\n14 April 1903.\n\nМилостивая государыня,\nЛев Толстой.\n",
  "notes" : [ "Я давно уже дал всем и каждому полное разрешение печатать мои произведения, переводить и перерабатывать их, так что специальное разрешение совершенно излишне.", "Желая полного успеха вашему начинанию, остаюсь с полным уважением", "14 апреля 1903.", "Печатается по копировальной книге № 5, л. 147. Дата Толстого нового стиля. Датируется по отметке на письме Клёклер.", "В письме из Дрездена от 2 апреля н. ст. 1903 г. И. В. Клёклер, «ревностная почитательница идей и стремлений» Толстого, просила разрешения опубликовать в одном из журналов переведенную ею на немецкий язык легенду «Разрушение ада и восстановление его»." ],
  "source" : "Письма. 1903 г."
}