{
  "id" : "109",
  "to" : [ {
    "firstName" : "В",
    "lastName" : "Мак",
    "paternalName" : "И",
    "originalEntry" : "* 109. В. И. Мак-Гахан."
  } ],
  "date" : -2388164400000,
  "place" : "Москва.",
  "content" : "* 109. В. И. Мак-Гахан.\nОчень благодарен вам, многоуважаемая Варвара Николаевна, за чрезвычайно приятное мне принятое вами поручение Генри Джорджа и любезное письмо ваше.\nЯ только на днях написал в Берлин распространителю идей Г. Джорджа в Германии Эйленштейну письмо о деятельности Генри Джорджа, выражая в нем мое глубокое сочувствие к его личности и работам.\nЯ очень рад был узнать из вашего письма, что вы будете проездом в вашей и моей родине — Туле; надеюсь, что, если вам будет время, вы доставите нам удовольствие, заехав к нам в Ясную Поляну.1\nЕсли я не ошибаюсь, мне кажется, что мы знакомы, и что видались еще при жизни вашего батюшки.2\nИз Москвы я уезжаю — нынче, и потому надеюсь увидаться с вами летом.\nС совершенным уважением Л. Т.\n",
  "notes" : [ "Печатается по копии, написанной рукою М. А. Шмидт. Датируется на основании слов в тексте: «Из Москвы я уезжаю — нынче», то есть 28 апреля.", "Варвара Николаевна Мак-Гахан (Mac-Gahan, 1850—1904), рожд. Елагина — замужем за американским журналистом. Сотрудничала в американской печати.", "Толстой отвечает на письмо В. Н. Мак-Гахан от 20 апреля 1894 г., в котором она сообщала о полученном ею при отъезде из Нью-Йорка поручении от Генри Джорджа передать Толстому его сочинения и просила известить, когда она сможет лично повидать Толстого.", "1 Мак-Гахан была у Толстого в Ясной Поляне 2 августа. См. письмо № 183.", "2 Николай Павлович Елагин (1801—1863), тульский помещик, в 40-х годах товарищ председателя Тульской палаты гражданского суда." ],
  "source" : "Письма. 1894 г."
}