{
  "id" : "109",
  "to" : [ {
    "firstName" : "Н",
    "lastName" : "Давыдову",
    "paternalName" : "В",
    "originalEntry" : "* 109. Н. В. Давыдову."
  } ],
  "date" : -2288199600000,
  "place" : "1885—1897 гг. Я. П.",
  "content" : "* 109. Н. В. Давыдову.\nДорогой Николай Васильевич,\nПодатель сего крестьянин, мой сосед,1 очень хороший человек, отыскивает свою землю, которою завладел другой крестьянин. У него есть ввод во владение 1882 года, но он никогда не пользовался ею. Дело его вполне правое, но он не знает, как взяться, а я не знаю, как научить. Пожалуйста, помогите нам.\nВаш Л. Толстой.\n28 июня.\n",
  "notes" : [ "Датируется по содержанию и временем пребывания Н. В. Давыдова в Туле.", "1 О ком здесь идет речь, не установлено." ],
  "source" : "Письма 1840—1910 гг."
}