{
  "id" : "109",
  "to" : [ {
    "firstName" : "Б",
    "lastName" : "Чичерину",
    "paternalName" : "Н",
    "originalEntry" : "109. Б. Н. Чичерину."
  } ],
  "date" : -3525534000000,
  "place" : "Я. П.",
  "content" : "109. Б. Н. Чичерину.\nПишу тебе несколько строк, любезный друг, только затем, чтобы сдержать слово. Сейчас едут на почту. Все те мысли, которые я хотел сообщить при нашем прощаньи,1 разлетелись, оселись, и из них осталось то, что ты, я думаю, знаешь, то, что в последнее время я тебя искренно полюбил и что этим обязан тебе. — Деревня, как природа, еще плоха, холод, сырость, пятна снега и т. д., но как уединение с ранне-весенним воздухом — прелесть. Я с утра до вечера занят делами, которые люблю и которые подвигаются, и так доволен своей участью, что, ежели бы на свете не было бы ни молодости, ни женщин, или воспоминаний не было бы, я бы сказал, что я счастлив. — Однако и без этих двух вещей можно эпикурействовать нашему брату. По твоему это всё ничего, ты свой термометр завесил до того высшего пункта, до которого раз доходила температура жизни, и ниже этого не хочешь его изменений. — Как ни широк твой взгляд в мире действительном, здесь, в душевном, он ужасно узок; а мой термометр попрыгивает себе то вверх, то вниз, и я радуюсь, глядя на него. Прощай, пожалуйста, уведомь меня подробно о своем отъезде, когда и куда первый адрес.\nТвой Гр. Л. Толстой.\n13 Апреля.\nКоршу кланяйся. Славный и редкой он человек, но, подумав хорошенько о нем, я решил, что он не про меня. Мы не можем с ним не быть чужие.2\n",
  "notes" : [ "Впервые опубликовано в ПТТ, стр. 15—16. Год определяется записью в Дневнике Толстого под 13 апреля 1858 г.", "Борис Николаевич Чичерин (1828—1904) — профессор Московского университета, юрист и философ, публицист, принадлежавший к правому крылу западников, консерватор. В конце 1850-х и в начале 1860-х гг. был в близких, дружественных отношениях с Толстым. Подробнее о нем см. т. 47, стр. 410—411, прим. 1472.", "1 Судя по записям в Дневнике, Толстой перед отъездом в Ясную Поляну виделся с Чичериным почти ежедневно; два последние свидания были 7 и 8 апреля. 9 апреля Толстой выехал в Ясную Поляну, а Чичерин в апреле же этого года уехал почти на два года за границу.", "2 Об Евгении Федоровиче Корше см. прим. к п. № 116.", "Ответ Чичерина от 18 апреля 1858 г. опубликован в сборнике ПТТ, стр. 264—265." ],
  "source" : "Письма. 1858 г."
}