{
  "id" : "109",
  "to" : [ {
    "firstName" : "А",
    "lastName" : "Толстой",
    "paternalName" : "А",
    "originalEntry" : "109. А. А. Толстой."
  } ],
  "date" : -2463505200000,
  "place" : "Москва.",
  "content" : "109. А. А. Толстой.\nБлагодарю вас очень, дорогой друг, за последнее письмо ваше: не столько за ваше ходатайство у Кауфмана,* сколько за те сердечные, добрые слова, кот[орые] вы мне в нем говорите о смерти Раевского. Я начал читать вслух Соне и не мог от слез. Так верно вы сердцем поняли мое чувство и выразили его. Утешительно то, что мы с ним провели месяц, к[оторый] наверно и в моей и его жизни будет один из самых счастливых — не счастливых веселых, а счастливых значительных и удовлетворяющих. —\nМилая Таня, моя свояченица,1 вам сказала бог знает что, если вы послали вещи2 в Сызранский уезд. Мы живем в Данковск[ом] уезде, и посылают нам в станц[ию] Чернаву, Скопинского уезда. Поэтому вещей мы не получили еще. Я думаю, что это дело поправимое. Надо написать на почту в Сызрань (Симбир. губ.). Очень жаль, что случилась эта ошибка и ваше доброе желание до сих пор не принесло своих плодов. Завтра, 9-го, мы уезжаем. Соня очень тревожна, но отпускает меня, и мы с ней дружны и любовны, как давно не были. Мне ее очень жаль, и я постараюсь поскорее вернуться, чтобы успокоить ее. Дело наше идет так хорошо, как я не мечтал, и всё дальше и дальше затягивает. Бедствие велико, но радостно видеть, что и сочувствие велико. Я это теперь увидал в Москве, не по московск[им] жителям, но по тем жителям губ[ерний], кот[орые] имеют связи с Москвою. Страшно подумать, что бы было, если бы вдруг прекратилась деятельность общества. — Говорят, что в Петерб[урге] не верят серьезности положения. Это грех. Я встретил у Раевского моряка Протопо[по]ва, с к[оторым] мы вместе были 35 лет тому назад на Язоновск[ом] редуте в Севастополе. Он очень милый чел[овек], теперь председат[ель] Управы, хлопочет, покупает хлеб. Он очень верно сказал мне, что испытывает чувство, подобное тому, к[оторое] б[ыло] в Севастополе. «Спокоен, т. е. перестаешь быть беспокоен, только тогда, когда что-нибудь делаешь для борьбы с бедой». Будет ли успех, — не знаешь, а надо работать, иначе нельзя жить.\nОтчего не сделать перепись всему хлебу в России? —\nПростите, не забывайте меня. Очень люблю вас.\nЛ. Толстой.\nАдрес Репина: Калинкина площадь 3/5.3\n* Кауфман ответил не хорошо: нужны были не деньги, а общее распоряжение о бесплатном провозе лошадей.4\n",
  "notes" : [ "Впервые опубликовано в ПТ, стр. 370—371. Дата определяется словами: «Завтра, 9-го, мы уезжаем».", "Ответ на несохранившееся письмо А. А. Толстой.", "1 Татьяна Андреевна Кузминская, жившая с семьей в Петербурге.", "2 Вещи, пожертвованные в пользу голодающих.", "3 И. Е. Репин жил в то время в Петербурге.", "4 М. П. Кауфман в официальной бумаге от 4 декабря сообщил, что «право бесплатного провоза по железным дорогам» грузов предоставлено Обществу Красного креста в адрес учреждений этого общества, а не частных лиц. Признавая, однако, что отправка лошадей на прокорм в урожайные губернии может иметь «благодетельное значение», он направил в распоряжение Епифанского уездного попечительства Красного креста 367 рублей на провоз ста лошадей в Калужскую губернию." ],
  "source" : "Письма. 1891 г."
}