{
  "id" : "109",
  "to" : [ {
    "firstName" : "Эрнесту",
    "lastName" : "Кросби",
    "paternalName" : null,
    "originalEntry" : "* 109. Эрнесту Кросби (Ernest Crosby)."
  } ],
  "date" : -2314119600000,
  "place" : "Начало Я. П.",
  "content" : "* 109. Эрнесту Кросби (Ernest Crosby).\nКак всегда был очень рад получить ваше письмо, дорогой друг. Ваша деятельность меня очень радует не столько за успех дела, сколько за вас. Нет больше счастья, как отдать свои силы служению делу божью, которое, хоть не при мне, но, рано или поздно, неизбежно восторжествует.\nВы пишете, что встречаете иногда аргумент о том, that, there is no difference in principle between physical and other force. The force of public opinion for instance,1 и что вам трудно на это ответить. Я же не только не нахожу трудным возражать на такое понимание слов Христа, но считаю возражение совершенно излишним, так как такое понимание не имеет никакого основания. В евангелии сказано: «Вам сказано зуб за зуб, — а я говорю вам: не противься злу», и если тебя ударят, и если возьмут кафтан и все примеры насилия, на кот[орые] не надо отвечать насилием. Но нигде не сказано о непротивлении какими либо невещественными силами. Приписывать Христу запрещение всякого сопротивления злу есть ни на чем не основанный софизм, нужный тем, которые как-нибудь хотят защищать физически насилие.\nДо следующего письма. Всегда рад знать про вас. Пожалуйста, пишите мне.\nВаш друг\nЛ. Т.\n",
  "notes" : [ "Печатается по машинописной копии. Датируется на основании почтового штемпеля получения на письме адресата: «Тула 4/ІХ 1896».", "1 Что нет принципиального различия между физической и другими силами, силой общественного мнения, например." ],
  "source" : "Письма. 1896 г."
}