{
  "id" : "109",
  "to" : [ {
    "firstName" : "Г",
    "lastName" : "Русанову",
    "paternalName" : "А",
    "originalEntry" : "109. Г. А. Русанову."
  } ],
  "date" : -2599671600000,
  "place" : "Я. П.",
  "content" : "109. Г. А. Русанову.\nПишу пока только расписку в получении радостного вашего письма,1 дорогой Гаврило Андреевич. Я жив и здоров. Надеюсь скоро получить коректуры статьи о жизни;2 как только будет возможно, вышлю вам. Мой привет вашей семье.\nЛ. Толстой.\n15 августа.\n\nНа обратной стороне открытки:\nВоронеж. Воскресенская улица, д. Пожидаева. Гаврилу Андреевичу Русанову.\n",
  "notes" : [ "Впервые опубликовано в «Вестнике Европы» 1915, 3, стр. 13. Датируется на основании почтовых штемпелей.", "1 Письмо Г. А. Русанова от 13 апреля — 30 июля 1887 г.", "2 Статья «О жизни» была отправлена в типографию для набора 3 августа 1887 г. См. «Дневники С. А. Толстой. 1860—1891», М. 1928, стр. 145, а также т. 26." ],
  "source" : "Письма. 1887 г."
}