{
  "id" : "109",
  "to" : [ {
    "firstName" : "Евгению",
    "lastName" : "Шмиту",
    "paternalName" : null,
    "originalEntry" : "109. Евгению Шмиту (Eugen Schmitt)."
  } ],
  "date" : -1905793200000,
  "place" : "29/сентября Я. П.",
  "content" : "109. Евгению Шмиту (Eugen Schmitt).\nLieber Freund!\nIch bin Ihnen sehr dankbar für Ihre Bereitwilligkeit und erkläre hiermit, dass ich Sie bitte meinen Bericht, der für den Friedenskongress von Stockholm bestimmt war, in Berlin vorzulesen.\nIm vorigen Briefe schrieb ich Ihnen deshalb nicht darüber, da ich früher Ihre Antwort an Skarvan erfahren wollte.\nIhr Freund Leo Tolstoy.\n11. Sept. 1909\nJasnaja Poliana.\n\nДорогой друг!\nВаш друг Лев Толстой.\n",
  "notes" : [ "Я вам очень благодарен за готовность и настоящим прошу вас прочесть в Берлине мой доклад, предназначенный для Стокгольмской мирной конференции.", "Я не писал вам об этом в предыдущем письме потому, что хотел раньше узнать ваш ответ Шкарвану.", "11 сент. 1909", "Ясная Поляна.", "Перепечатывается из книги: «Die Rettung wird kommen...», стр. 63, где впервые опубликовано. Дата Толстого нового стиля. Основание датировки: пометка об ответе на конверте письма адресата.", "По поводу сделанного ему через Альберта Шкарвана предложения прочесть в Берлине доклад Толстого, приготовленный для мирного конгресса, Евгений Шмит в письме от 6 сентября н. ст. 1909 г. выражал свое согласие и благодарил за оказанную честь. «Был бы рад получить письмо от Вас непосредственно», — писал он.", "См. письма №№ 101, 102 и 104." ],
  "source" : "Письма 1909 г."
}