{
  "id" : "109",
  "to" : [ {
    "firstName" : "Софье",
    "lastName" : "Толстой",
    "paternalName" : "Андреевне",
    "originalEntry" : null
  } ],
  "date" : -3010935600000,
  "place" : "Самара.",
  "content" : "109.\nНочь плохо спал и потому проспал в Самаре, да и пароход опоздал,1 так что в Самаре очень торопился и не успел послать тебе это письмо. Дописываю его теперь, в субботу в 2 часа в Дубовом.2 Не знаю, как оно дойдет, но я принял все меры. Заходил в Самаре в дом Тимрота, и там ключница мне сказала, что она слышала, что у нас на участке хлеб особенно в сравнении с другими дурен. Очень обидно, если это правда. Мы до сих пор живы, здоровы и веселы. —\n",
  "notes" : [ "Печатается по автографу, хранящемуся в ГТМ. Впервые опубликовано по копии, сделанной С. А. Толстой, в ПЖ, стр. 133. Датируется на основании слов предшествующего письма: «в субботу утром будем в Самаре» Суббота падала на 3 августа. В ПЖ отнесено к июлю 1881 г. Текст Толстого является припиской к письму С. Л. Толстого к С. А. Толстой.", "1 С. Л. Толстой писал матери: «Наш пароход сегодня ночью столкнулся с другим пароходом и сломал нашему колесо, а сам сел на мель. Я и папа ничего не видали и не слыхали, потому что мы спали..... Наш пароход опоздал, потому что ему надо было чинить колесо и потому, что в некоторых местах очень мелко».", "2 Вернее — «Дубовый умет», село в 25 верстах от Самары." ],
  "source" : "Письма к С. А. Толстой 1862-1910 гг."
}