{
  "id" : "109",
  "to" : [ {
    "firstName" : "А",
    "lastName" : "Фету",
    "paternalName" : "А",
    "originalEntry" : "* 109. А. А. Фету."
  } ],
  "date" : -3004023600000,
  "place" : "Я. П.",
  "content" : "* 109. А. А. Фету.\n22 октября.\nДорогой Афанасий Афанасьевич! У меня затеялась необходимая покупка земли в Никольском, для которой мне нужно на год занять 10 тысяч под залог земли. Может случиться, что у вас есть деньги, которые вам нужно поместить (эту мысль подал Нестор Лаврентьич). Если так, то напишите Ивану Ивановичу Орлову1 в Чернь, в с[ело] Никольское, и он приедет к вам для переговоров о подробностях и будет вести это дело с вами, независимо от наших отношений.2 —\nЯ еще не отвечал вам на ваше последнее письмо,3 хотя очень благодарен вам за него. Оно успокоило нас об вас. Как бы я охотно приехал к вам, но завален так делами школьными, семейными и хозяйственными, что даже на охоту не успеваю ездить. Надеюсь быть свободнее, как зима станет, и на то, что вы по прежней привычке не проедете в Москву, не подарив нам денек. Наши поклоны Марье Петровне.\nВаш Л. Толстой.\n",
  "notes" : [ "Впервые опубликовано, с пропуском трех фраз, в «Русском обозрении», 1890, № 8, стр. 460—461. Год определяется по письму Т. А. Кузминской к А. М. Кузминскому от 24 августа 1874 г.", "1 Иван Иванович Орлов — управляющий Никольским-Вяземским. См. о нем т. 8, стр. 511.", "2 Фет в займе отказал. См. письмо № 114", "3 Письмо неизвестно." ],
  "source" : "Письма. 1874 г."
}