{
  "id" : "109",
  "to" : [ {
    "firstName" : "А",
    "lastName" : "Пругавину",
    "paternalName" : "С",
    "originalEntry" : "* 109. А. С. Пругавину."
  } ],
  "date" : -2227892400000,
  "place" : "Я. П.",
  "content" : "* 109. А. С. Пругавину.\nВ напечатанном в 139 № Русских Ведомостей сделана ошибка: послано вам не 438, а 338 р. Я написал в Р[усския] В[едомости], прося их исправить ошибку.\nНа днях пришлю вам еще собравшияся пожертвов[ания].\nЛ. Толстой.\n\nНа обороте: Самара. Александру Степановичу Пругавину.\n",
  "notes" : [ "Печатается по автографу, хранящемуся в ИЛ. Открытка. Датируется по почтовому штемпелю: «Почтовый вагон, 27 мая 1899». Публикуется впервые.", "В газете «Русские ведомости» 1899, № 139 от 22 мая напечатан отчет о пожертвованиях в пользу голодающих без обращения и подписи Толстого. См. письмо № 134." ],
  "source" : "Письма 1899 г."
}