{
  "id" : "109",
  "to" : [ {
    "firstName" : null,
    "lastName" : null,
    "paternalName" : null,
    "originalEntry" : "109. Е. Копылу."
  } ],
  "date" : -1948820400000,
  "place" : "Я. П.",
  "content" : "109. Е. Копылу.\nЯ внимательно прочел ваше замечательно умное письмо, но не мог понять из него ни вашего мировоззрения, ни того, чем я могу служить вам, а это одно мне было интересно.\nДумаю, что свидание наше совершенно излишне, т[ак] к[ак] всё, что я имел сказать, я сказал, как умел, в своих книгах и в разговоре только хуже мог бы высказать. Кроме того, я и слаб и очень занят. Как старый человек молодому я позволю себе посоветовать вам как можно меньше отдаваться вашей замечательной способности критики, а, напротив, стараться с самой высокой или глубокой стороны понимать чужие мысли.\nЗнаете ли вы составленную мною книгу Круг Чтения? Я думаю, что чтение этой книги без критического задора, а с желанием соединиться душою с излагавшим находящиеся там мысли было бы вам и полезно и радостно.\nДружески жму вам руку.\nЛев Толстой.\n31 марта 1908.\n",
  "notes" : [ "Печатается по копировальной книге № 8, лл. 177—178. Впервые опубликовано адресатом в его книге (см. ниже), стр. 14.", "Евмений Копыл — крестьянин с. Новая Басань Черниговской губ. Впервые писал Толстому в 1900 г. по поводу «Войны и мира» (ответила O. K. Толстая). Вторично написал 29 декабря 1907 г. (ответил 4 февраля 1908 г. H. H. Гусев). Переписку с Толстым Копыл издал брошюрой под названием «Переписка крестьянина К. с гр. Л. Н. Толстым», Киев, 1910.", "Ответ на письмо Е. Копыла от начала (середины?) марта 1908 г. (письмо не датировано). Не удовлетворившись ответом H. H. Гусева на предыдущее письмо, Копыл пространно писал о недостатках и противоречиях, которые он заметил в произведениях Толстого. Это письмо, а также и ответное опубликованы в указанной выше книге Е. Копыла. 18 июня Копыл приезжал в Ясную Поляну. Личное знакомство не удовлетворило его. Его воспоминания о встрече с Толстым (см. в его книге) носят крайне тенденциозный характер." ],
  "source" : "Письма. 1908 г."
}