{
  "id" : "109",
  "to" : [ {
    "firstName" : "Александру",
    "lastName" : "Мере",
    "paternalName" : null,
    "originalEntry" : "* 109. Александру Мере (Alexandre Mairet)."
  } ],
  "date" : -2106586800000,
  "place" : "1/14. Я. П.",
  "content" : "* 109. Александру Мере (Alexandre Mairet).\nCher Monsieur,\nJ’ai lu avec plaisir et intérêt votre lettre, mais il m’est parfaitement impossible de répondre à toutes les questions que v[ou]s y posez.\nLes principes qui nous guident dans notre activité sont ceux qu’on trouve soi-même. Cherchez et vous trouverez. Le seul conseil que je me permets de vous donner est de v[ou]s affranchir autant que possible de ce que les religieux apellent respect humain, de l’opinion des hommes sur vos actions. Si v[ou]s n’avez en vue que le contentement de votre conscience, c. à d. l' accomplissement de la volonté de Dieu, v[ou]s trouverez sans le moindre doute votre ligne de conduite. De sorte que pour résoudre les questions les plus compliquées la principale chose est de se défaire du souci de l'орипиоп des hommes.\nJe vous remercie pour l'епѵои du livre de Toepfer. 1 Je connais depuis longtemps et j’aime beaucoup cet auteur, mais son livre sur l’art que j’ai feuilleté me paraît ne rien contenir d’original. Le fond de son système me paraît être l’ancienne superstition du beau absolu.\nJe vous souhaite tout le bien possible et surtout un grand succès, non pas dans l’opinion des hommes, mais dans votre vie, dans la conviction de remplire ce que veut de vous Celui qui vous l’a donné. Ce dernier succès est plus facile à obtenir et plus sûr que le premier.\nLéon Tolstoy.\n1903. 14 avril.\n\nМилостивый государь,\nЛев Толстой.\n",
  "notes" : [ "С удовольствием и интересом прочел паше письмо, но совершенно не в состоянии ответить на все вопросы, которые вы в нем ставите.", "Принципы, руководящие нами в нашей деятельности, это те, которые мы находим самостоятельно. Ищите и найдете. Единственный совет, который я позволю себе вам дать, это по возможности освобождаться от того, что монахи называют людским уважением, от заботы о человеческом мнении относительно ваших поступков. Если вы имеете в виду удовлетворение только вашей совести, т. е. исполнение воли божьей, то, без сомнения, найдете свою линию поведения. Таким образом, чтобы разрешить самые сложные вопросы, единственно, что нужно, это освободиться от заботы о мнении людском.", "Благодарю вас за присылку книги Тёпфера.1 Я давно знаю и очень люблю этого автора. Но его книга об искусстве, которую я перелистал, по-моему, не содержит ничего оригинального. В основе его теории, повидимому, лежит старое суеверие об абсолютной красоте.", "Желаю вам всего лучшего и в особенности большого успеха не во мнении людей, а в вашей жизни, в убеждении, что вы исполняете волю того, кто ее вам дал. Этого последнего успеха легче достичь, и он вернее первого.", "1903. 14 апреля.", "Печатается по копировальной книге № 5, лл. 153—154. Дата Толстого нового стиля: в копировальной книге письмо отпечатано среди русских писем от 1 апреля.", "В обширном письме от 10 марта н. ст. 1903 г. (из Женевы) художник Александр Мере писал, что его давно волновал вопрос о совместимости искусства с христианским учением. Поэтому он особенно высоко ценит произведение Толстого «Что такое искусство?». В своем письме Мере поставил ряд вопросов о профессии художника и физическом труде, о необходимости долголетней подготовки к деятельности художника, о темах изобразительного искусства.", "1 Александр Мере прислал книгу: Rodolphe Töpffer, «Réflexions et Menus Propos d’un Peintre Genèvois ou Essai sur le Beau dans les Arts». Nouvelle édition, Paris, 1901 (книга сохранилась в яснополянской библиотеке). Русский перевод: Родольф Тёпфер, «О прекрасном в искусстве. Размышления и заметки женевского художника», СПб. 1913." ],
  "source" : "Письма. 1903 г."
}