{
  "id" : "109",
  "to" : [ {
    "firstName" : "В",
    "lastName" : "Стасову",
    "paternalName" : "В",
    "originalEntry" : "109. В. В. Стасову."
  } ],
  "date" : -2290100400000,
  "place" : "Я. П.",
  "content" : "109. В. В. Стасову.\nАдрес Черткова: Broomfield Duppas Hill, Croydon, London.1 С письмами моими к Ге, в кот[орых], сколько мне помнится, ничего интересного нет, поступайте как найдете хорошим. Что по этому делу учините, спорить и прекословить не буду, но желал бы, чтобы как можно меньше, до бесконечно малой величины, из них бы было напечатано. Книги, — кот[орых] у меня осталось очень мало — еще могут мне понадобиться и потому, если позволите, продержу их до совершенного окончания моей работы, кот[орое], надеюсь, наступит очень скоро.2 План вашей задуманной работы огромен и очень интересен. Желаю вам досуга и успеха.\nЖена зовет вас приехать к нам. Я, само собой разумеется, очень желал бы этого. У нас много места, и после Петерб[урга] вам бы хорошо отдохнуть у нас. Лето очень красиво. До свиданья.\nЛ. Толстой.\n6 июня.\n\nНа конверте: Петербург. Публичная библиотека. Владимиру Васильевичу Стасову.\n",
  "notes" : [ "Впервые опубликовано в ТС, стр. 188.", "Ответ на письмо Стасова от 2 июня, в котором Стасов писал по поводу составляемой им биографии художника Н. Н. Ге и, в связи с этим, об использовании писем Толстого к Н. Н. Ге и о трудностях отбора их. Кроме того, Стасов сообщал свои мысли о новой работе во вопросам искусства (неоконченной) под заглавием «Paзrpoм. Carnage general» («Всеобщее побоище»). См. письмо № 157.", "1 Стасов предполагал послать В. Г. Черткову печатавшуюся в то время биографию H. Н. Ге («Книжки Недели» 1897, № № 1—5, 6, 7 и 8).", "2 Речь идет о книгах, которые Толстой получил из Публичной библиотеки в Петербурге для его работы над трактатом «Что такое искусство?»." ],
  "source" : "Письма. 1897 г."
}