{
  "id" : "109",
  "to" : [ {
    "firstName" : "В",
    "lastName" : "Поссе",
    "paternalName" : "А",
    "originalEntry" : "* 109. В. А. Поссе."
  } ],
  "date" : -1919530800000,
  "place" : "Черновое",
  "content" : "* 109. В. А. Поссе.\nРад был получить ваше письмо и еще более был бы рад, если бы удалось написать то, что думаю о Гоголе.1 Боюсь только, что то, что думаю, и неюбилейно и нецензурно.\nЛев Толстой.\n5 марта 1909.\n\n[Черновое]\nЯ очень занят и стар и не совсем здоров. Рад был получить его доброе письмо, но о Гоголе писать пошлости не хочется, а мысли мои совершенно направлены в другую область, поэтому серьезно о нем написать не буду в состоянии. Не могу ли быть вам полезен помещением статейки, которая у меня есть о близком моему сердцу предмете — об освобождении от рабства земельной собственности?2 Тогда я прислал бы вам ее.\n",
  "notes" : [ "Печатается по копии; черновое — по стенографической записи H. Н. Гусева на конверте письма адресата.", "Владимир Александрович Поссе (1864—1940) — литератор, автор нескольких статей о Толстом. В 1909—1918 гг. издавал журнал «Жизнь для всех». С Толстым был знаком с 1895 г.", "В письме от 22 февраля Поссе просил Толстого написать «небольшое письмо для опубликования» о Гоголе по случаю исполнявшегося 19 марта 1909 г. столетия со дня его рождения.", "1 7 марта Толстой продиктовал H. Н. Гусеву статью о Гоголе. Однако написанная статейка была передана не Поссе, a С. П. Спиро для «Русского слова», где она и была напечатана в № 68 от 24 марта 1909 г. под заглавием: «Толстой о Гоголе». См. т. 38.", "2 Имеется в виду обращение к английской Джорджевской лиге. См. письмо № 152." ],
  "source" : "Письма 1909 г."
}