{
  "id" : "109",
  "to" : [ {
    "firstName" : "Камиллу",
    "lastName" : "Одижье",
    "paternalName" : null,
    "originalEntry" : "* 109. Камиллу Одижье (Camille Audigier)."
  } ],
  "date" : -2161623600000,
  "place" : "Я. П.",
  "content" : "* 109. Камиллу Одижье (Camille Audigier).\nMonsieur, j’ai pour principe de ne donner aucune authorisation spéciale pour les traductions ainsi que pour les adaptions pour la scène de mes ouvrages. De sorte que je regrette beaucoup de ne pouvoir concéder à votre désir. Dans tous les cas ne vous donnez pas la peine de m’envoyer votre manuscrit. Si même je le reçois, je ne le lirai pas et ainsi ne serai pas en état de formuler mon opinion sur le mérite de votre travail.\nL. Tolstoy.\n\nМилостивый государь,\nЛeв Толстой.\n",
  "notes" : [ "Мой принцип не давать никакого особого разрешения на перевод или обработку для сцены моих сочинений. Таким образом, к большому моему сожалению, я лишен возможности исполнить ваше желание. Во всяком случае не трудитесь присылать мне свою рукопись. Если даже я получу ее, то не прочту и, следовательно, не буду в состоянии изложить свое мнение о достоинствах вашего труда.", "Печатается по копировальной книге № 4, л. 90. Датируется по пометке на письме Одижье.", "В письме от 8 июня н. ст. 1901 г. Камилл Одижье просил авторизовать его инсценировку «Воскресения». См. прим. к письму № 77.", "В яснополянской библиотеке сохранилась рукопись переделки «Воскресения» Камиллом Одижье. Была ли она поставлена на сцене, неизвестно. В 1900—1903 гг. большим успехом на европейских сценах пользовалась инсценировка «Воскресения», сделанная Анри Батайлем. Русская периодическая печать того времени отнеслась отрицательно к переделке Батайля, считая ее искажением романа. См. «Русское слово» 1902, 308 и 324; 1903, № 9; «Русские ведомости» 1903, №№ 45 и 79." ],
  "source" : "Письма. 1901 г."
}