{
  "id" : "109",
  "to" : [ {
    "firstName" : "Т",
    "lastName" : "Ергольской",
    "paternalName" : "А",
    "originalEntry" : "* 109. Т. А. Ергольской."
  } ],
  "date" : -3607786800000,
  "place" : "Севастополь.",
  "content" : "* 109. Т. А. Ергольской.\nChère et excellente tante!\nLe 27 il y a eu une grande et glorieuse affaire à Sebastopol.1 J’ai eu le bonheur ou le malheur de venir juste le jour de l’assaut en ville; en sorte que j’ai assisté à l’affaire, et que j’y ai même pris un peu part comme volontaire.2 Ne vous effrayez pas, je n’ai presque pas couru de danger. Le 28, mon jour de naissance, a été pour la seconde fois de ma vie une journée mémorable et triste pour moi: pour la première fois, il y a 18 ans de cela, c’était la mort de la Tante Alexandrine,3 à présent la perte de Sebastopol. J’ai pleuré quand j’ai vu la ville en flammes et les drapeaux français sur nos bastions et en général, c’était sous plusieurs rapports une journée bien triste. Valentin Calochine, que j’ai beaucoup aimé ici, est perdu, sans qu’on sache ce qu’il est devenu.4 Je n’écris pas à ses parents, parce que j’espère encore qu’il a été fait prisonnier. La note que j’ai envoyée au camp ennemi, n’a pas encore eu de reponse. Je ne puis m’expliquer, chère Tante, le silence de tous ceux auxquels je ne cesse d’écrire: Vous, Valérien, Marie, Nicolas, Serge. Depuis ces derniers jours l’idée de quitter l’armée me vient de plus en plus. Je vois que cela me serait facile; mais pour faire ce pas, je voudrais avoir votre approbation. Et voilà, excepté le désir de vous faire plaisir en vous tranquillisant sur mon comte, le principal but de cette courte et несообразная lettre.5 Adieu, chère Tante, bonne et excellente Tante, mille et mille fois je baise vos mains et je vous jure que je ne cesse jamais de penser à Vous.\nVotre Léon Tolstoi.\n4 Septembre 1855.\n\nДорогая и чудесная тетенька!\nВаш Лев Толстой.\n",
  "notes" : [ "27-го в Севастополе произошло большое и главное дело. Я имел счастье и несчастье прибыть в город как раз в день штурма; так что я присутствовал при этом и даже принял некоторое участие, как доброволец. Не пугайтесь: я почти не подвергался никакой опасности. 28-е, день моего рождения, второй раз в моей жизни было для меня памятным и печальным днем: в первый раз, 18 лет тому назад, это была смерть тетушки Александры Ильиничны; теперь — потеря Севастополя. Я плакал, когда увидел город объятым пламенем и французские знамена на наших бастионах; и вообще во многих отношениях это был день очень печальный. Валентин Колошин, которого я здесь очень полюбил, пропал. Я не писал его родителям, потому что я надеюсь еще, что он взят в плен. На запрос, который я послал в неприятельский лагерь, не пришло еще ответа. Я не могу объяснить себе, дорогая тетенька, молчания всех, кому я пишу постоянно: вас, Валерьяна, Маши, Николеньки, Сережи. В эти последние дни мысль бросить армию совсем приходит мне в голову всё чаще и настойчивее. Я вижу, что сделать это мне будет легко, но, чтобы решиться на этот шаг, я хотел бы иметь ваше одобрение. И вот, кроме желания сделать Вам удовольствие, успокоив вас на мой счет, главная цель этого короткого и *несообразнаго* письма.5 До свидания, дорогая тетенька, добрая и бесценная тетенька! Тысячу и тысячу раз целую ваши руки, — верьте мне, что я не перестаю о вас думать.", "4 Сентября 1855 г.", "Печатается по автографу, хранящемуся в АТБ. Впервые опубликовано Н. Г. Молоствовым и П. А. Сергеенко в их книге: «Л. Толстой. Биографический очерк», Спб. 1911, вып. 3, стр. 142.", "Почтовые штемпеля: «Получено 1855 сент. 21 Бахчисарай» и «Тула окт. 1 1855». На конверте рукою неизвестного слово Тулу зачеркнуто и написано: «Чернь» и «Письмо гр. Льва Ник. Толстого из Севастополя с войны».", "1 27 августа 1855 г. произошел последний штурм Севастополя союзниками, после которого русские войска покинули все укрепления и отступили на северную сторону, куда переправились последние части войск 28 августа, затопив черноморский флот.", "2 Толстой 25 августа выехал из Севастополя в Симферополь, откуда вернулся 27-го. Об его участии в сражении так писал полковник П. Н. Глебов: «... граф Толстой, поручик артиллерийский; он командует двумя горными орудиями, но сам таскается везде, где ему заблагорассудится.", "4 августа примкнул он ко мне, но я не мог употребить его пистолетиков к делу, так как занимал позицию батарейными орудиями; 27 августа опять пристал он ко мне, но уж без своих горных орудий, поэтому я и мог, за недостатком офицеров, поручить ему в командование пять батарейных орудий. По крайней мере из этого видно, что Толстой порывается понюхать пороха, но только налетом, партизаном, устраняя от себя трудности и лишения, сопряженные с войною. Он разъезжает по разным местам туристом, но как только заслышит где выстрел, тотчас же явится на поле брани; кончилось сражение, — он снова уезжает по своему произволу, куда глаза глядят». «Записки П. Н. Глебова» — «Русская старина» 1905, № 3, стр. 528—529.", "3 Тут у Толстого две странные ошибки. Тетка Толстого гр. Александра Ильинична Остен-Сакен, рожд. гр. Толстая, умерла 30 августа 1841 г., т. е. не 18 лет тому назад, а 14, и не в день рождения Толстого.", "4 Валентин Павлович Колошин (р. 183. г., ум. 27 августа 1855 г.), младший брат Дмитрия и Сергея Колошиных, о которых см. прим. 10 и 15 к п. № 31. Он служил вместе с Толстым в Севастополе, и Лев Николаевич был очень с ним дружен.", "5 Это письмо Толстого, надо думать, прочел Тургенев, написавший 9 октября из имения гр. М. Н. Толстой Покровского письмо Толстому." ],
  "source" : "Письма. 1855 г."
}