{
  "id" : "109",
  "to" : [ {
    "firstName" : "П",
    "lastName" : "Третьякову",
    "paternalName" : "М",
    "originalEntry" : "109. П. М. Третьякову."
  } ],
  "date" : -2508951600000,
  "place" : "Пока до свиданья. Любящий вас",
  "content" : "109. П. М. Третьякову.\nСпасибо за доброе письмо ваше, почтенный Павел Михайлович.\nЧто я разумею под словами: «Картина Ге составит эпоху в истории христианского искусства»? Следующее: Католическое искусство изображало преимущественно святых, мадону и Христа, как бога. Так это шло до последнего времени, когда начались попытки изображать его, как историческое лицо.\nНо изображать, как историческое лицо, то лицо, которое признавалось веками и признается теперь миллионами людей богом, неудобно: неудобно потому, что такое изображение вызывает спор. А спор нарушает художественное впечатление. И вот я вижу много всяких попыток выдти из этого затруднения. Одни прямо с задором спорили, таковы у нас картины Верещагина,1 даже и Ге Воскресенье.2 Другие хотели третировать эти сюжеты, как исторические, у нас Иванов,3 Крамской,4 опять Ге Тайная вечеря.5 Третьи хотели игнорировать всякий спор, а просто брали сюжет, как всем знакомый, и заботились только о красоте (Доре,6 Поленов7). И всё не выходило дело.\nПотом еще были попытки свести Христа с неба, как бога, и с пьедестала исторического лица на почву простой обыденной жизни, придавая этой обыденной жизни религиозное освещение, несколько мистическое. Такова Ге Милосердие8 и франц[узского] художника: Христос в виде священника босой, среди детей9 и др. И всё не выходило. И вот Ге взял самый простой и теперь понятный, после того как он его взял, мотив: Христос и его учение не на одних словах, а и на словах, и на деле в столкновении с учением мира, т. е. тот мотив, к[оторый] составлял тогда и теперь составляет главное значение явления Христа, и значение не спорное, а такое, с к[оторым] не могут не быть согласны и церковники, признающие его богом, и историки, признающие его важным лицом в истории, и христиане, признающие главным в нем его практическое учение.\nНа картине изображен с совершенной исторической верностью тот момент, когда Христа водили, мучали, били, таскали из одной кутузки в другую, от одного начальства к другому и привели к губернатору, добрейшему малому, к[оторому] дела нет ни до Хр[иста], ни до евр[еев], но еще менее до какой-то истины, о кот[орой] ему, знакомому со всеми учеными и философами Рима, толкует этот оборванец; ему дело только до высшего начальства, чтоб не ошибиться перед ним. Христос видит, что перед ним заблудший человек, заплывший жиром, но он не решается отвергнуть его по одному виду и потому начинает высказывать ему сущность своего учения. Но губернатору не до этого, он говорит: Какая такая истина? и уходит. И Хр[истос] смотрит с грустью на этого непронизываемого человека.\nТаково было положение тогда, таково положение тысячи, миллионы раз повторяется везде, всегда между учением истины и представителями сего мира. И это выражено на картине. И это верно исторически, и верно современно, и потому хватает за сердце всякого, того, у кого есть сердце. — Ну вот, такое-то отношение к христианству и составляет эпоху в искусстве, п[отому] ч[то] такого рода картин может быть бездна. И будет.\nПока до свиданья. Любящий вас\nЛ. Толстой.\n",
  "notes" : [ "Впервые опубликовано без даты в «Сочинениях графа Л. Н. Толстого», М. 1911, XX, стр. 352—353. Датируется на основании записи в Дневнике Толстого 30 июня (см. т. 51, стр. 56).", "Ответ на письмо Третьякова от 18 июня 1890 г. См. прим. к письму № 95.", "1 Василий Васильевич Верещагин (1842—1904), знаменитый русский батальный живописец; написал также ряд картин из жизни Востока на евангельские темы. В майской книжке парижского журнала «Nouvelle revue» за 1866 г. поместил статью «О прогрессе в искусстве», где укорял художников в подражании старым мастерам и в повторении старых способов (см. В. В. Стасов, «Верещагин об искусстве» — Собрание сочинений В. В. Стасова, М. 1894, II, столб. 967. Статья впервые опубликована в газете «Новости» 1886, № 134 от 17 мая).", "2 «Вестники воскресения» (1867).", "3 Александр Андреевич Иванов (1806—1858). Толстой имеет в виду его картину «Явление Христа народу» (1836—1857).", "4 Иван Николаевич Крамской (1837—1887). Толстой имеет в виду его картину «Христос в пустыне» (1872).", "5 Написана в 1863 г. Далее в тексте зачеркнуто: Поленов Грешница.", "6 Гюстав Доре (Louis Christophe Paul Gustave Doré, 1833—1883), французский иллюстратор, художник, скульптор и гравер. Иллюстрировал Библию (1864) и написал несколько картин на библейские темы.", "7 Василий Дмитриевич Поленов (1844—1927), исторический живописец и пейзажист; написал ряд картин из жизни Христа.", "8 Написана зимой 1879—1880 г. и уничтожена автором.", "9 Вероятно, картина французского художника Жана Беро (Jean Béraud, род. в Петербурге в 1849 г.)." ],
  "source" : "Письма. 1890 г."
}