{
  "id" : "109",
  "to" : [ {
    "firstName" : "Н",
    "lastName" : "Сутковому",
    "paternalName" : "Г",
    "originalEntry" : "* 109. Н. Г. Сутковому."
  } ],
  "date" : -1977332400000,
  "place" : "Я. П.",
  "content" : "* 109. Н. Г. Сутковому.\nМилый, дорогой Николай Григорьевич,\nПолучил ваше второе письмо и спешу ответить: помогать деньгами — (чужими трудами) — людям, хотящим жить христианской жизнью, думаю, ч[то] нехорошо, нехорошо не для нас, а для них.1 Не думаю, чтобы жизнь этих милых людей была бы лучше — угоднее богу — т. е. более согласна с высшим законом, если они будут жить своим отдельным кружком, чем если они будут жить, как теперь, среди несогласных с ними людей. Милый друг, для меня такая ясная, несомненная истина, что царство божие внутри вас есть, что все усилия человека для его блага и для исполнения воли бога должны быть направлены на работу над собой, на подавление в себе похоти, гордости, себялюбия, главное, выработки привычки любви ко всем и всему, что всякая деятельность, имеющая целью служение богу не внутренним, а внешним путем, только отвлекает от настоящей, одной нужной. И это неразумно особенно п[отому], ч[то] внутренняя работа естественно устанавливает и внешнее устройство, хотя и не такое, какое мы себе представляем, какого желаем (в этом представлении и лежит ошибка), а наверное наилучшее. Хотя вы и знаете эти мои взгляды, мне все-таки захотелось их вам высказать в связи с вашим предложением. Я не говорю, что я безусловно прав, но говорю то, что думаю и… чувствую. — Деньги, как вы знаете, отвратительная и развратительная вещь. Если, допустим, теперь нужно таким людям 1000 р., то также нужно другим 500 или 2000. А если и употреблены эти деньги наилучшим образом, то почему не понадобятся еще и еще. Мне, к несчастию, получившему в распоряжение деньги, представляется, что всякая раздача их по своему усмотрению неправильна, а кроме того вредна, вроде как угощение водкой. Вы взяли на себя это тяжелое дело, за кот[орое] я вам очень, очень, не могу выразить как, благодарен, и мне кажется, что одно средство исполнить это трудное и тяжелое дело, это строго держаться указания жертвователей. Мы можем изменить форму помощи, как вы и писали мне в первом письме,2 но все-таки направлять помощь, я думаю, мы обязаны если не кормлением, то деньгами на наиболее нуждающихся. Добра от денег, в какой бы форме они ни выдавались, нельзя предвидеть. Всё, что мы можем и должны сделать, это то, чтобы строго исполнить желание жертвователей. Адрес духоб[оров] пошлет вам Душ[ан] Пет[рович]. Я ничего не имею против того, чтобы вы написали им, и даже против того, чтобы они прислали вам денег или разрешили употребить часть присланных на дело братьев. Но я братьям не советую брать этих денег и тратить свои силы на внешнее устройство. Так важно и так радостно внутреннее устройство любовного мира, свободы и бесстрашия в своей душе, что надо бояться всего того, что может помешать этому. Интересные и хорошие письма ваши буду хранить, продолжайте писать. Зная, как страшно трудно взять вам на себя дело, ни в чем, что вы сделаете, спорить не буду. И, зная вас, уверен, что сделаете всё, что можно.\nБратски целую вас.\nЛ. Толстой.\n6 мая.\n",
  "notes" : [ "Печатается по копировальной книге № 7, лл. 330 и 331.", "По поручению Толстого, Н. Г. Сутковой отправился в Самарскую губ., чтобы организовать там помощь голодающим на средства, полученные от канадских духоборов (см. письмо № 85). По приезде в Самару Сутковой в письмах от 28 и 30 апреля сообщал Толстому о положении дела. Комментируемое письмо является ответом на оба письма.", "1 Во втором письме Н. Г. Сутковой писал о своем знакомстве с последователями А. М. Добролюбова и о том, что он предпочел бы оказать им помощь в устройстве общины, нежели употребить пожертвованные деньги на простую благотворительность.", "2 В письме от 28 апреля Н. Г. Сутковой сообщил о совете губернатора оказывать помощь не продовольствием, а в первую очередь удовлетворить нужду в лошадях и корме для скота." ],
  "source" : "Письма. 1907 г."
}