{
  "id" : "109",
  "to" : [ {
    "firstName" : "В",
    "lastName" : "Дунину",
    "paternalName" : "Н",
    "originalEntry" : "* 109. В. Н. Дунину-Барковскому."
  } ],
  "date" : -2351012400000,
  "place" : "",
  "content" : "* 109. В. Н. Дунину-Барковскому.\n1\nВалерьян Николаевич,\n1Я прочел вашу драму.2 Суждение мое о ней то, что она написана человеком очень молодым, мало знающим жизнь.\n2\nВалерьян Николаевич.\nЯ прочел вашу драму и, к сожалению, должен сказать вам неприятное, а именно, что драма написана дурно: характеры не выдержаны, положения неестественны и\n",
  "notes" : [ "Два перечеркнутых начала письма, которое было, однако, закончено и отослано адресату, что видно из письма Дунина-Барковского от 26 марта 1896 г., см. т. 69. Датируется на основании письма адресата от 15 июня из Тифлиса (штемпель получения «Тула 22 июня 1895»), на которое Толстой отвечает, и записи в Дневнике от 4 июля (т. 53, стр. 45).", "Валерьян Николаевич Дунин-Барковский — агроном, в 1895 г. подпоручик Тифлисского полка.", "1 Зачеркнуто: Я получил ваше письмо и рукопись.", "2 Драма «Новая жизнь», первое произведение Дунина-Барковского, присланное им Толстому при письме от 15 июня 1896 г. с просьбой об отзыве." ],
  "source" : "Письма. 1895 г."
}