{
  "id" : "11",
  "to" : [ {
    "firstName" : "П",
    "lastName" : "Бирюкову",
    "paternalName" : "И",
    "originalEntry" : "* 11. П. И. Бирюкову."
  } ],
  "date" : -2397322800000,
  "place" : "Москва.",
  "content" : "* 11. П. И. Бирюкову.\nСпасибо, милый друг Поша, за то, что извещали меня. Всё, что от вас зависело, сделано прекрасно, а что выйдет, будет зависеть от читающего письмо и от писавшего.1 У нас всё по-старому. Только я нездоров, то была боль в груди, а теперь сильный кашель и насморк. Жена хочет ехать в пятницу дня на три в Ясную, а как скоро она вернется, уедем мы в Ясную или к Илюше. Уж очень суетно. Тратится даром остаток этой жизни. Что Ц[ецилия] В[ладимировна]? Переделали ли ей прошение? Нехорошо, что она допускает возможность отнять детей и мирится на том, чтоб их отдали тетке.2\nЧто вы? Целую вас, дорогой друг.\nЛ. Т.\nАдрес:\nПетербург.\nЦентральная гостиница Невский проспект\nПавлу Ивановичу Бирюкову.\n",
  "notes" : [ "Отрывок впервые опубликован в Б, III, стр. 368. Почтовый штемпель: «Москва, 13 янв. 1894».", "Павел Иванович Бирюков (1860—1931) — первый биограф Л. Н. Толстого. См. т. 63, стр. 227—230.", "1 Речь идет о передаче письма Толстого к Александру III. См. письмо № 4.", "2 Елизавете Владимировне Джунковской, рожд. Винер — сестре Цецилии Владимировны." ],
  "source" : "Письма. 1894 г."
}