{
  "id" : "11",
  "to" : [ {
    "firstName" : "Софье",
    "lastName" : "Толстой",
    "paternalName" : "Андреевне",
    "originalEntry" : null
  } ],
  "date" : -3328110000000,
  "place" : "— Я. П.",
  "content" : "11.\n3 отроилось. Рамок нужно чем больше, тем лучше. Посылаю рамки неподклеенныя. — Пришли мне струбцинки (это винты, чтоб вынимать ульи). Две были у садовника, у меня есть 4 пустых рамки, а стекла ни однаго. У меня голова болит. Пришли лошадь или заезжайте за мной перед обедом.\nВсе-таки Левендупуло.1\n",
  "notes" : [ "Печатается по автографу, хранящемуся в АТВ. Впервые опубликовано по копии, сделанной С. А. Толстой, в ПЖ, стр. 7. Датируется на основании позднейшей пометы С. А. Толстой: июнь 1864 г., а также на основании ее же дневниковых записей от 8 апреля, 8 мая и 9 мая 1863 г. При этом надо принять во внимание, что пчелы в Тульской губернии роятся приблизительно в промежутке между 15 мая и 15 июля: Писано на неровной оторванной четвертушке писчего листа с разными рисунками (деревья на полугоре, рамки для сот и т. п.) на обороте. «С пчельника, версты полторы от дома» (н. п. С. А.). С. А. Толстая писала сестре в начале 1863 г.: «Мы совсем делаемся помещиками: скотину закупаем, птиц, поросят, телят..... Пчел покупаем у Исленьевых. Меду — ешь — не хочу». В апреле 1863 г. Толстой писал Фету: «У меня и пчелы и овцы» (т. 61), а в середине мая того же года А. М. Исленьев запрашивает Льва Николаевича: «а что пчелы?»", "1 «Так одно время прозвал себя Лев Николаевич, а мне это не нравилось» (п. С. А.). «Так Л. Н. звали мальчики Берсы» (н. п. С. А.)." ],
  "source" : "Письма к С. А. Толстой 1862-1910 гг."
}