{
  "id" : "11",
  "to" : [ {
    "firstName" : "Полю",
    "lastName" : "Гиацинту",
    "paternalName" : null,
    "originalEntry" : "11. Полю Гиацинту Луазону (Paul-Hyacinthe Loyson)."
  } ],
  "date" : -2113066800000,
  "place" : "Я. П.",
  "content" : "11. Полю Гиацинту Луазону (Paul-Hyacinthe Loyson).\n16 Janvier 1903.\nIasnaya Poliana.\nCher Monsieur,\nJ’ai reçu votre lettre, ainsi que votre article que j’ai lu avec grande attention.\nJe regrette de ne pouvoir vous dire que le jugement que vous portez sur mes écrits soit parfaitement juste.\nVous me comblez d’éloges et en même temps vous me reprochez des lacunes singulières dans mes raisonnements et même l’absence d’une base.\nTous mes critiques, et c’est avec regret que je dois dire, — vous n’y faites pas exception, — me reprochent mes attaques ou bien contre les églises, ou bien contre la science, ou l’art et surtout contre toute espèce de violence employée par les gouvernements. Et les uns qualifient cela tout simplement de bêtise ou de folie, les autres — d’inconséquence ou d’extravagance.\nOn me donne toute espèce de titre flatteurs: de génie, de réformateur, de grand homme, etc. et en même temps on ne m’accorde pas le plus simple bon sens, celui de voir que les églises, la science, l’art, les gouvernements sont des choses indispensables pour les société dans leur état actuel.\nCette étrange contradiction provient de ce que mes critiques ne veulent pas pour me juger quitter leur point de vue et se mettre au mien qui est cependant bien simple.\nJe ne suis ni un réformateur, ni un philosophe, ni encore moins un apôtre. Je ne suis qu’un homme qui, après avoir vécu une très mauvaise vie, a compris que la véritable vie ne consiste que dans l’accomplissеment de la volonté de Celui qui m’a mis dans ce monde et qui, après avoir trouvé dans les Evangiles les principes do la vraie vie, a abandonné la vie illusoire et n’a vécu et ne vit que d’après ces principes.\nDe ce point de vue il est clair que quand je combats les églises, les gouvernements, la science, l’art, — ce n’est pas pour le plaisir de combattre, ni à cause de ce que je ne comprends pas l’importance qu’y attachent les hommes, mais uniquement parce que, trouvant ces choses le plus souvent contraires à l’accomplissement de la volonté de Dieu qui est l’établissement du royaume de Dieu sur la terre, je ne puis ne pas les rejetter.\nPour ceux qui ne jugent les choses qu’objectivement, d’après les observations et les raisonnements, l’existence des églises, de la science, de l’art, surtout des gouvernements doit leur paraître indispensable et même inévitable. Mais pour celui qui comme moi connait la certitude intérieure, dérivée de la conscience religieuse, tous ces raisonnements et toutes ces observations n’ont pas le moindre poids quand elles sont en contradiction avec la certitude de la conscience religieuse.\nJe ne suis ni réformateur, ni philosophe, ni apôtre, — mais le moindre des mérites que je puis m’attribuer et que je m’attribue, — c’est d’être logique et conséquent.\nLes reproches qu’on me fait en envisageant mes idées du point de vue objectif, c’est-à-dire de leur application à la vie du monde, ressemblent aux reproches qu’on aurait faits à un agriculteur qui, ayant labouré et ensemencé son blé sur un endroit où il y avait des arbrisseaux, de l’herbe, des fleurs et de jolis sentiers, n’aurait pris garde à toutes ces choses. Ces reproches sont justes du point de vue de ceux qui aiment les arbres, la verdure, les fleurs, les jolis sentiers, — mais ils sont tout à fait faux du point de vue de l’agriculteur qui laboure et ensemence son champ pour se nourrir.\nL’agriculteur est parfaitement conséquent et logique et ne peut pas ne pas l’être, parce qu’en faisant ce qu’il fait, il le fait en vue d’un but bien précis et clair, — celui de nourrir son corps. Ne faisant pas ce qu’il fait, il s’exposerait à mourir de faim.\nDe même pour moi. Je ne puis ne pas être conséquent et logique, parce qu’en faisant ce que je fais, je poursuis un but précis et clair, — celui de me nourrir spirituellement. Ne faisant pas ce que je fais, je m’exposerais à mourir spirituellement.\nLéon Tolstoy.\n\n16 января 1903.\nЯсная Поляна.\nМилостивый государь,\nЛ. Толстой.\n",
  "notes" : [ "Я получил ваше письмо, так же как и вашу статью, которую прочел с большим вниманием.", "Я сожалею, что не могу вам сказать, чтобы суждение наше о моих писаниях было бы вполне правильно. Вы осыпаете меня восхвалениями и в то же время упрекаете в странных пробелах в моих рассуждениях и даже в отсутствии какой-либо основы.", "Все мои критики, с сожалением должен сказать, что вы не составляете исключения, упрекают меня за мои нападки либо против церкви, либо против науки или искусства и в особенности против всякого рода насилия, применяемого правительствами. Одни называют это просто глупостью или безумием, другие — непоследовательностью и эксцентричностью.", "Мне дают всякого рода лестные эпитеты: гения, реформатора, великого человека и т. д. и в то же время не признают за мной самого простого здравого смысла, чтобы видеть, что церкви, наука и искусство, правительства необходимы для общества в его современном состоянии.", "Это странное противоречие проистекает из того, что мои критики не хотят, при суждении обо мне, отказаться от своей точки зрения и стать на мою, которая, однако, чрезвычайно проста.", "Я не реформатор, не философ, еще менее того апостол. Я только человек, который, прожив очень дурную жизнь, понял, что истинная жизнь заключается лишь в исполнении воли того, кто послал меня в этот мир и который, найдя в евангелии основы истинной жизни, отбросил призрачную жизнь и стал жить и может жить лишь согласно этим основам.", "С этой точки зрения ясно, что, когда я нападаю на церковь, правительства, науку, искусство, то делаю это не из удовольствия нападать и не потому, чтобы я не понимал значения, которое им придают люди, но единственно потому, что, находя их большей частью противными исполнению воли бога, состоящей в установлении царства божия на земле, я не могу их откинуть.", "Для тех, кто только объективно судит о вещах, на основании наблюдений и рассуждений, для тех существование церквей, науки, искусства и особенно правительства должно казаться необходимым и даже неизбежным. Но для того, кто, как я, познал внутреннюю уверенность, вытекающую из религиозного сознания, все эти рассуждения и все эти наблюдения не имеют ни малейшего веса, когда они стоят в противоречии с уверенностью религиозного сознания.", "Я не реформатор, не философ, не апостол, но самое меньшее из достоинств, которое я могу себе приписать и приписываю, это — логичность и последовательность.", "Упреки, которые мне делают, рассматривая мои идеи с объективной точки зрения, т. е. со стороны их применимости к мирской жизни, подобны упрекам, которые сделали бы земледельцу, вспахавшему и засеявшему зерном местность, за неосторожное отношение к прежде покрывавшим ее кустарникам, траве, цветам и красивым дорожкам. Эти упреки справедливы с точки зрения тех, кто любит деревья, зелень, цветы и красивые дорожки, но упреки эти совершенно ошибочны с точки зрения земледельца, который обрабатывает и засеивает свое поле для того, чтобы себя прокормить.", "Земледелец вполне последователен и логичен и не может не быть таковым, потому что, делая то, что он делает, он это делает, имея в виду определенную и ясную цель — насытить свое тело. Не делая того, что он делает, он обрекал бы себя на голодную смерть.", "Так же и со мной. Я не могу не быть последовательным и логичным, так как, делая то, что я делаю, я преследую определенную и ясную цель — питаться духовно. Не делая того, что я делаю, я обрекал бы себя на духовную смерть.", "Печатается по копировальной книге N° 5, лл. 102—105. Подлинник. написан и датирован рукой М. Л. Оболенской, подпись собственноручная. Впервые опубликовано в Б, IV, стр. 75—76. В ГМТ хранятся три черновика, написанные рукой М. Л. Оболенской. Во втором имеются значительные исправления Толстого.", "Поль Гиацинт Луазон (р. 1873) — французский поэт и публицист. В яснополянской библиотеке сохранились некоторые из его драматических (произведении, а также оттиск из журнала с его статьей «L’investiture de Tolstoï» [«Влияние Толстого»].", "При письме от 9 января н. ст. 1903 г. Луазон прислал драму «L’Evangile du Sang», Paris, 1900, и упомянутую выше статью." ],
  "source" : "Письма. 1903 г."
}