{
  "id" : "11",
  "to" : [ {
    "firstName" : "М",
    "lastName" : "Каткову",
    "paternalName" : "Н",
    "originalEntry" : "11. М. Н. Каткову."
  } ],
  "date" : -3368977200000,
  "place" : "Я. П.",
  "content" : "11. М. Н. Каткову.\nЯ получил вчера, многоуважаемый М[ихаил] Н[икифорович], отчет из вашей редакции,1 которым я — откровенно говоря — не доволен. За взятые мною у вас [1000]2 рублей3 я считаю справедливым зачесть 7 листов с чем-нибудь, по условленной тогда цене. За остальные же листы я бы мог получить без сравнения больше и потому считаю справедливым получить за них по 200 рублей. Ежели вы со мной согласны, то прошу вас передать А. Е. Берс остальные деньги.\nГотовый к услугам гр. Л. Толстой.\n",
  "notes" : [ "Печатается по рукописной копии, хранящейся в БЛ (архив Каткова, тетрадь № 21). Впервые опубликовано в «Литературном наследстве», № 37-38, изд. Академии наук СССР, стр. 200. На копии дата: «30 марта»; подтверждается письмом А. Е. Берса от 21 марта 1863 г. (см. прим. 1) и ответным письмом Каткова от 3 апреля.", "1 Отчет редакции «Русского вестника» Толстому прислал А. Е. Берс при письме от 21 марта.", "2 Здесь в копии оставлено пустое место.", "3 1000 рублей Толстой взял у Каткова в начале 1862 г., обещая ему за это отдать в «Русский вестник» повесть «Казаки». См. т. 60, письмо № 238.", "Катков отвечал письмом от 3 апреля, в котором, оправдываясь, выражал согласие на условия Толстого." ],
  "source" : "Письма. 1863 г."
}