{
  "id" : "11",
  "to" : [ {
    "firstName" : "Ионасу",
    "lastName" : "Стадлингу",
    "paternalName" : null,
    "originalEntry" : "* 11. Ионасу Стадлингу (Jonas Stadling)."
  } ],
  "date" : -2365614000000,
  "place" : "Никольское-Горушки.",
  "content" : "* 11. Ионасу Стадлингу (Jonas Stadling).\nDear Mr. Stadling,\nI was very glad to have news from you and such good news: you are in London, you are well, are energetic as always and in relation with my friend and coworker Mr. Kenworthy. I was ashamed to read your description of our work in Riazan, but I knew it was due only to your friendship, and [I am] very glad of it.\nMy wife and daughters and my son Lioff send you their hearty greetings.\nYours truly\n\nДорогой господин Стадлинг,\nИскренно ваш\n",
  "notes" : [ "Очень был рад получить от вас известия и притом такие хорошие: вы в Лондоне, здоровы, энергичны, как всегда, и поддерживаете отношения с моим другом и единомышленником Кенворти. Мне было совестно читать ваше описание нашей работы в Рязани, но я понимаю, что эта объяснялось только вашим дружественным отношением к нам, и очень, этому рад.", "Моя жена и дочери и сын Лев шлют вам сердечные приветы.", "Печатается по машинописной копии. Дата копии.", "Ионас Стадлинг (Jonas Stadling, 1847—1935) — шведский путешественник. В 1892 г. приезжал в Россию и был у Толстого в Бегичевке Данковского у. Рязанской губ. См. т. 84, стр. 129.", "Ответ на письмо Стадлинга от 8 января н. ст. 1895 г., в котором он писал Толстому о своем докладе в Лондоне, на митинге рабочих, о работе Толстого на голоде и посылал ему вырезку из газеты «Daily chronicle» с отчетом об этом докладе." ],
  "source" : "Письма. 1895 г."
}