{
  "id" : "11",
  "to" : [ {
    "firstName" : "Н",
    "lastName" : "Страхову",
    "paternalName" : "Н",
    "originalEntry" : "11. Н. Н. Страхову."
  } ],
  "date" : -2835025200000,
  "place" : "Я. П",
  "content" : "11. Н. Н. Страхову.\nДорогой Николай Николаич.\nКаждый день собираюсь писать вам и каждый день так устану от работы, что тяжело взяться за перо. Нынче, думаю, так всегда будет, если с утра не напишу хоть словечко. Главное не думайте и не позволяйте хоть на минуту входить вам в голову сомненью в моей любви к вам. —\nВесна подходит. И я думая о лете, только тем утешаюсь, что авось вы проведете его у нас. Пожалуйста, если вы не сделали планов, проживите со мной ваши каникулы. Проживем ли еще лето, а это проживемте вместе — пожалуйста, пожалуйста. Я очень много работаю. Бумаги измарал много с большим напряжением и не скажу радостью, но с уверенностью, что это так нужно. Особенно тяжело мне было то, что, начав все перерабатывать сначала, я отдел обзора православнаго богословия должен был расширить. И я изучил хорошо богословие и теперь вот кончаю разбор его.1 Если бы мне разсказывали то, чтò я там нашел, я бы не поверил. И все это очень важно.\nУ нас все здоровы.\nЧто вы? Работаете ли и как? Вам должно быть очень трудно воздерживаться от вихря политической жизни к[оторый] дует около вас. Я сидя в деревне и то не удерживаюсь и делаю величайшия усилия чтоб он меня [не] сдул и чтоб я не сбивался с дороги.\nОбнимаю вас от души.\nВаш Л. Толстой.\nКланяйтесь Стасову2 и спросите у него получил ли он мое письмо,3 вскоре после моего отъезда из Петерб[урга]. Мне ответа не нужно, а я подозреваю, что оно пропало.\n",
  "notes" : [ "Печатается по автографу, хранящемуся в ИЛ. Впервые опубликовано Б. Л. Модзалевским в СМ 1913, 8, стр. 247—248. Датируется на основании пометки Н. Н. Страхова: «2 марта 1880» (дата получения письма).", "1 Результатом этой работы явилось его сочинение: «Исследование догматического богословия».", "2 Владимир Васильевич Стасов.", "3 См. письмо № 8.", "На это письмо Толстого Н. Н. Страхов отвечал письмом от 9 марта 1880 г. (см. ПС, № 135)." ],
  "source" : "Письма. 1880 г."
}