{
  "id" : "11",
  "to" : [ {
    "firstName" : "П",
    "lastName" : "Веригину",
    "paternalName" : "В",
    "originalEntry" : "11. П. В. Веригину."
  } ],
  "date" : -2175793200000,
  "place" : "Москва.",
  "content" : "11. П. В. Веригину.\n20 января 1901. Москва.\nДорогой брат Петр Васильевич,\nПересылаю вам по желанию Бодянского письмо его к вам, касающееся вас и братьев, живущих в Канаде. Я совершенно согласен с ним, что если и существует среди духоборов такое дикое суеверие, по которому они приписывают вашей личности сверхъестественное значение, то даже и в виду пользы, кот[орую] можно извлечь из такого суеверия, благотворно влияя на слабых людей, не следует поддерживать его, в чем я вперед уверен, вы тоже совершенно согласны, и что если такое суеверие существует, то оно существует помимо вашей воли. Не согласен я только с Бод[янским] в том, что он допускает исключительное по оказываемому ими влиянию некоторых лиц. Я думаю, что это не так, и в христианском обществе все равны и все поучаются друг у друга: старый у молодого, образованный у неученого и умный у недалекого умом, и даже добродетельный у распутного. Все поуча[ю]тся друг у друга, смотря по тому, через кого в данное время говорит дух божий. Особенных людей нет: все грешны и все могут быть святы. Сведения, кот[орые] он (Бодянский) сообщает о жизни братьев в Канаде, судя по тому, что я слышу от приехавших оттуда, справедливы, но я думаю, что он слишком строг к ним и что в них не угасает огонь религиозного служения богу жизнью. Если же когда и затемняется, то наверное разгорится с новою силою. Прилагаю вам еще письмо ко мне Поном[арева] и Потап[ова],1 из кот[орого] вы увидите, чем они озабочены.\nЯ очень сожалею о том, что давно не имею от вас известий. Я писал,2 но, видно, путь, по кот[орому] я писал, не верен. Я и друзья наши помним о вас, и я, по крайней мере, не перестаю пытаться уговорить правительство, чтобы оно отпустило вас и других сосланных. На днях сделал новую попытку, написав об этом письмо государю.3 И не знаю, что из этого выйдет. Думаю, что ничего. Буду пытаться еще. Прощайте, братски приветствую вас.\nЛев Толстой.\n\nПрилагаю письмо к вам братьев.4\n",
  "notes" : [ "Печатается по листам копировальной книги. Впервые опубликовано в Б, IV, стр. 19—20.", "О Петре Васильевиче Веригине (1862—1924) см. т. 68.", "1 Очевидно, копия письма к Толстому В. Потапова и И. Пономарева от 31 декабря н. ст. 1900 г. См. письмо № 7.", "2 Это письмо Толстого к П. В. Веригину неизвестно.", "3 См. прим. 4 к письму № 7.", "4 В копировальном листе два последние слова плохо отпечатались. В «Биографии» П. И. Бирюкова и в машинописной копии напечатано: «квакерам». Очевидная ошибка: вероятно, имелось в виду письмо канадских духоборов на имя Веригина." ],
  "source" : "Письма. 1901 г."
}