{
  "id" : "11",
  "to" : [ {
    "firstName" : "Г",
    "lastName" : "Келеру",
    "paternalName" : "Ф",
    "originalEntry" : "* 11. Г. Ф. Келеру."
  } ],
  "date" : -3313422000000,
  "place" : "1865—1870 гг. Я. П.",
  "content" : "* 11. Г. Ф. Келеру.\nЛюбезный Густав Федорович!\nПопросите, пожалуйста, Якова Ивановича1 приехать к нам нынче по железной дороге на Козловку, куда будет за ним выслана лошадь в 11 часов вечера.\nВаш Л. Толстой.\n\nНа обороте: Его высокоблагородию Густаву Федоровичу Келеру.\n",
  "notes" : [ "Датируется предположительно, на основании упоминания о железной дороге (Г. Ф. Келер с 1865 г. служил в Туле) и по почерку.", "1 Очевидно, приказчик Л. Н. или С. Н. Толстых." ],
  "source" : "Письма 1840—1910 гг."
}