{
  "id" : "11",
  "to" : [ {
    "firstName" : null,
    "lastName" : null,
    "paternalName" : null,
    "originalEntry" : "* 11. A. A. Фету."
  } ],
  "date" : -3055863600000,
  "place" : "Я. П.",
  "content" : "* 11. A. A. Фету.\nПростите, что так долго не отвечал на ваши письма — был в Москве, потом у брата, потом был болен.\nПожалуйста, не изменяйте плана заехать к нам1 — летом уже не увидимся.\nО серьге я спрашивал в Туле у началь[ника] станции и у девушки — ничего говорят, не находили. Но девушка показалась мне подозрительна. Она сконфузилась, мне показалось. Благодарю за предложение послать за кобылами вместе с вашими. Я так и сделаю.\nЧто вы не пишете о Петре Афанасьевиче, как кончилось дело с векселями.2\nТоже не знаем и очень интересуемся о том, послушались ли вы наших увещаний d’envoyer paître3 Шеншина молодого.4\nМы все по-старому, слава богу, здоровы и ждем вас. Наши поклоны Марье Петровне.\nВаш Л. Толстой.\n1 марта.\n",
  "notes" : [ "Год определяется сопоставлением слов письма: «был в Москве, потом у брата, потом был болен» с аналогичной фразой в письме к Т. А. Кузминской от 1 марта 1873 г.", "Ответ на письма А. А. Фета, написанные после посещения им с женой 4 февраля Ясной Поляны. Об этом посещении С. А. Толстая писала Т. А. Кузминской 5—6 февраля (приписка к письму от 4 февраля). Первое из писем Фета, от 7 февраля, хранится в ГМТ, другое — неизвестно.", "1 7 февраля А. А. Фет писал: «Если в феврале поеду в Москву по делам, забегу в очарованный замок Ясной Поляны».", "2 Петр Афанасьевич Шеншин (1827—1881?) — брат А. А. Фета. Полюбив дочь своего соседа, он выдал отцу ее на 200 тысяч векселей. Однако девушка отказала ему в руке, и он просил отца ее вернуть векселя, что тот и исполнил (см. А. А. Фет, «Мои воспоминания», II, М. 1890, стр. 245 и 292—294).", "3 [послать к чорту. Буквально: послать пастись]. Ср. след. письмо.", "4 Владимир Александрович Шеншин (р. 1854) — племянник А. А. Фета, сын сестры его, Любови Афанасьевны Шеншиной." ],
  "source" : "Письма. 1873 г."
}