{
  "id" : "11",
  "to" : [ {
    "firstName" : "С",
    "lastName" : "Стрельникову",
    "paternalName" : "Ф",
    "originalEntry" : "* 11. С. Ф. Стрельникову."
  } ],
  "date" : -1955646000000,
  "place" : "Я. П.",
  "content" : "* 11. С. Ф. Стрельникову.\nСемен Фокиевич,\nПисьмо ваше мне было очень приятно тем, что из него я узнаю еще человека, близкого мне по духу. На вопросы ваши, думаю, что ответят вам книги к[отор]ые посылаю. Не советовал бы вам заниматься писательством. Если вам приходят мысли, к[отор]ые кажутся вам новыми и полезными для жизни, то излагайте их для себя с тем, чтобы возобновлять их себе в памяти. Но не пишите с целью печатания. Это большой соблазн, который много вредит людям. Впрочем, если вам кажется, что вы можете сказать нечто новое, то пришлите мне образцы. Я скажу вам, что думаю. Но только не стихи. Стихами писать совсем не нужно.\nЛюбящий вас Лев Толстой.\n12 янв. 1908.\n",
  "notes" : [ "Печатается по копировальной книге № 8, л. 65.", "Ответ на письмо из Читы крестьянина Семена Фокиевича Стрельникова от 24 декабря 1907 г. Стрельников писал о своем разочаровании в православии и о сочувствии религиозно-нравственным взглядам Толстого. Между прочим он сообщил о своей «жажде писать»: «в минуту не сбыточного бреда» он «портил бумагу», сознавая, что его сочинения никогда не увидят света." ],
  "source" : "Письма. 1908 г."
}