{
  "id" : "11",
  "to" : [ {
    "firstName" : "М",
    "lastName" : "Иславину",
    "paternalName" : "А",
    "originalEntry" : "* 11. М. А. Иславину."
  } ],
  "date" : -3584631600000,
  "place" : "Я. П.",
  "content" : "* 11. М. А. Иславину.\nЧто с вами случилось, милейший Михаил Александрович? — Все ваши в Москве в том же неведении и недоумении, как и я. Для меня же, кроме недоумения, есть важный вопрос о квартере, в которой у меня осталась мебель и за которую, за квартеру, за май я не платил еще. Согласны ли вы все-таки удержать ее (за май вы вычтете) и взять мебель кроме кабинетной? — У меня там остался господин Горбунов,1 который всё передаст вам. Лучше всего бы было, ежели бы вы заехали ко мне на обратном пути. Передайте пожалуйста мой душевный поклон Ал[ександру] Мих[айловичу] и С[офье] Ал[ександровне]2 и до свиданья. —\nВам преданный\nГр. Л. Толстой.\n29 Мая.\n\nНа четвертой странице:\nЕго Высокоблагородию Михаилу Александро[вичу] Иславину.\n",
  "notes" : [ "Год определяется содержанием.", "На 4-й странице письма, свернутого и запечатанного сургучом, написано рукой неизвестного: «Очень бы желал вас видеть — я ожидаю на-днях к себе Веру и сам поеду ее проводить до Тулы — как-нибудь и вас авось увижу. — Письмо отсылаю вам назад, потому что Михаила Александровича здесь не было и нет, и я совершенно не знаю, где он обретается».", "Михаил Александрович Иславин (1819—1905) — второй сын приятеля отца Толстого Александра Михайловича Исленьева, чиновник Министерства государственных имуществ. Толстой впоследствии женился на его племяннице Софье Андреевне Берс.", "Толстому 10 июня 1856 г. Иславин написал письмо с отказом сохранить петербургскую квартиру Толстого за собой.", "1 Иван Федорович Горбунов. См. прим. к п. № 15.", "2 Александр Михайлович Исленьев (1794—1882) (о нем см. т. 59, стр. 671) и его вторая жена Софья Александровна, рожд. Жданова (1812—1880), дочь одоевского исправника. Она изображена в «Детстве» в лице «belle Flamande»." ],
  "source" : "Письма. 1856 г."
}