{
  "id" : "11",
  "to" : [ {
    "firstName" : "Ионасу",
    "lastName" : "Стадлингу",
    "paternalName" : null,
    "originalEntry" : "* 11. Ионасу Стадлингу (Jonas Stadling)."
  } ],
  "date" : -2239556400000,
  "place" : "Москва.",
  "content" : "* 11. Ионасу Стадлингу (Jonas Stadling).\nDear Mr Stadling,\nОбращаюсь к вам по английски, а пишу по русски, чтобы удобнее сказать то, чтò желаю. Во 1-х, благодарю вас очень за ваши хлопоты по переводу. Я просил обратиться об этом деле к Черткову и теперь повторяю то же.1 Во 2-х, о коллективном прекрасном письме, полученном мною из Стокгольма. Передайте, пожалуйста, мою благодарность всем тем лицам, кот[орыя] сделали мне честь такого обращения ко мне. Письмо это очень важно и вызывает многия очень интересныя соображения, которыя я изложил в довольно длинном ответе, кот[орый] желал бы прислать вам и напечатать сначала в шведских, а потом в иностранных газетах. Можно ли прислать вам этот ответ с тем, чтобы, если найдете его того заслуживающим, перевести его и напечатать?2\n3 Yours truly,4\nLeo Tolstoy.\n12 Янв. 1899.\n",
  "notes" : [ "Печатается по копировальной книге № 2, лл. 53—54, хранящейся в ГТМ. Местонахождение автографа неизвестно. В России публикуется впервые, о публикации за границей сведений не имеется.", "Ионас Стадлинг (Jonas Stadling) (p. 1847 г.) — шведский писатель, неоднократно бывавший в России. Написал на шведском языке ряд книг о России: «Религиозное движение в России» (1891), «Из голодающей России» (1893) и др. Приезжал к Толстому во время его работы на голоде в 1892 г. См. письма 1895 г., т. 68.", "1 Перевод «Воскресения» на шведский язык. В тот же день, 12 января, Толстой писал В. Г. Черткову: «В Стокгольме ничего не продано. Напротив, нынче же пишу, чтобы обратились к вам».", "2 См. письмо № 3. Стадлинг писал Толстому 31 января н. ст. 1899 г. (перевод с английского): «Дорогой граф Толстой, примите мою благодарность за ваше любезное письмо от 12 января, полученное мною сегодня. Я тотчас же снесусь с теми лицами, которые подписали посланное вам коллективное письмо и передaт вашю благодарность [написано по-русски, курсив редактора]. Буду рад получить и перевести ваш ответ на шведский и английский языки и тотчас же напечатаю его в газетах здесь и за границей. Если бы возможно было без особого затруднения переписать вашу рукопись на пишущей машинке, то это, конечно, много облегчило бы мне ее перевод. Если же нельзя, то я всё же надеюсь, что разберу содержание рукописи и переведу ее правильно. Я очень рад, что вы подняли этот чрезвычайной важности вопрос в то время, когда во всех общественных кругах по всему свету обсуждаются вопросы мира и войны». 14 марта н. ст. Стадлинг писал (перевод с английского): «Сердечно благодарю вас за то, что вы были так добры прислать такой мощный ответ на коллективное письмо из Стокгольма. Я перевел ваше письмо и напечатал его по шведски («Aftonbladt»), по-английски («The Daily Chronicle») и по-немецки («Lokal Anzeiger»)».", "3 Зачеркнуто: съ у[важениемъ?]", "4 Уважающий вас" ],
  "source" : "Письма 1899 г."
}