{
  "id" : "11",
  "to" : [ {
    "firstName" : null,
    "lastName" : null,
    "paternalName" : null,
    "originalEntry" : "* 11. Начальнику Харьковской губернской тюрьмы."
  } ],
  "date" : -1924455600000,
  "place" : "Господину начальнику Харьковской губернской тюрьмы1 Льва Николаевича Толстого.",
  "content" : "* 11. Начальнику Харьковской губернской тюрьмы.\nГосподину начальнику Харьковской губернской тюрьмы1 от Льва Николаевича Толстого.\n\n7 января 1909 г. Ясная Поляна.\nМилостивый Государь,\nВ тюрьме, находящейся под Вашим ведением, содержится близкий мне и всеми уважаемый престарелый человек — Александр Михайлович Бодянский. И его лета, и немощи делают для него заключение в тюрьме особенно тяжелым. Я думаю, что вы не посетуете на меня, а скорее будете благодарны за то, что я обращаю Ваше внимание на положение этого почтенного человека, и сделаете, что возможно для Вас, для облегчения его участи. Он осужден приговором Судебной палаты на 6 месяцев заключения за распространение моих сочинений. Но не это одно заставляет меня просить Вас об облегчении, сколько возможно, его участи, но то уважение, которое я, как и все, знающие его, имею к его личности.\nС совершенным уважением\n",
  "notes" : [ "Печатается по дубликату подлинника.", "1 В 1909 г. начальником Харьковской губернской тюрьмы был Николай Александрович Еллинский." ],
  "source" : "Письма 1909 г."
}