{
  "id" : "11",
  "to" : [ {
    "firstName" : "М",
    "lastName" : "Таубе",
    "paternalName" : "А",
    "originalEntry" : "* 11. М. А. Таубе."
  } ],
  "date" : -2081271600000,
  "place" : "Я. П.",
  "content" : "* 11. М. А. Таубе.\nДорогой Михаил Александрович,\nПолучил ваше письмо и очень рад был, что вы со мной согласны. Всё дело печатания как популярной, так и заграничной статьи1 я передал моему приятелю и помощнику Павл[у] Александ[ровичу] Буланже.2 Он обратится к вам по этим делам. Желаю вам всего лучшего.\nЛев Толстой.\n19 янв. 1904.3\n\n",
  "notes" : [ "Печатается по копировальной книге № 6, л. 38.", "Михаил Александрович Таубе (р. 1869) — доктор международного права, автор ряда работ по истории права.", "Ответ на письмо Таубе от 31 декабря 1903 г. Толстой в письмо к Таубе от 18—19 декабря 1903 г. (см. т. 74) сделал ряд замечаний о прочитанной им в рукописи статье Таубе «Христианство и международный мир». В ответном письме Таубе писал о том, что он хотел бы наряду с популярным изданием своей статьи в России подготовить ее полное издание за границей.", "1 В России статья М. А. Таубе была напечатана под заглавием «Христианство и международный мир», изд. «Посредник», М. 1905.", "2 Павел Александрович Буланже работал в издательство «Посредник».", "3 «Янв. 1904» в копировальной книге по скопировалось, приписано синим карандашом рукою Ю. И. Игумновой." ],
  "source" : "Полное собрание сочинений. Том 75"
}