{
  "id" : "11",
  "to" : [ {
    "firstName" : "И",
    "lastName" : "Янину",
    "paternalName" : "К",
    "originalEntry" : "* 11. И. К. Янину."
  } ],
  "date" : -1882724400000,
  "place" : "Кочеты.",
  "content" : "* 11. И. К. Янину.\n5 мая 1910 г.\nПо моему мнению, самая лучшая форма жизни — земледельческая. Советовать в частных вопросах невозможно. Человек должен решать такие вопросы сам, руководствуясь своим пониманием жизни.\nПосылаю вам книгу, которая может содействовать уяснению понимания жизни.\n",
  "notes" : [ "Печатается по копии, сверенной с черновиком-автографом, написанным на конверте письма Янина. Дата определяется копией.", "Иван Кузьмич Янин (р. 1880) — крестьянин Тульской губ., служивший десятником на ст. Шилово Московско-Казанской ж. д., спрашивал Толстого в письме от 1 мая, следует ли ему возвратиться на родину и заняться хлебопашеством или же готовиться в землемерное училище. Янин ответил Толстому письмом от 23 мая, в котором сообщал, что обещанной Толстым книги не получил, и просил посоветовать ему, «какую книгу купить по религии», так как потерял веру в православие. На конверте Толстой пометил: Послать В Ч[ем] м[оя] в[ера?] и Е[диную] з[аповедь]. Книги, судя по помете на конверте, отправил В. Ф. Булгаков." ],
  "source" : "Письма 1910 гг."
}