{
  "id" : "110",
  "to" : [ {
    "firstName" : "Н",
    "lastName" : "Давыдову",
    "paternalName" : "В",
    "originalEntry" : "* 110. Н. В. Давыдову."
  } ],
  "date" : -2303578800000,
  "place" : "1890—1897 гг., лето. Я. П.",
  "content" : "* 110. Н. В. Давыдову.\nВот я опять к вам с просьбами, дорогой Н[иколай] В[асильевич]. Крестьянин этот спрашивает, можно ли ему опять подавать прошение о вознаграждении за затопленный огород. Мне кажется, что можно, п[отому] ч[то] решение Окр[ужного] суда поразительно1 странно. Пожалуйста, научите его, что ему делать.\nКакова погода? Что же вы не воспользуетесь ею подышать у нас воздухом без пыли? А мне хочется вас видеть. Я думаю побывать в Туле. Кажется, идет сессия суда.\nЛ. Т.\n\nЗамарал свое слишком резкое мнение о решении суда.\n",
  "notes" : [ "Датируется по почерку, временем пребывания Н. В. Давыдова в Туле и на основании упоминания о «сессии суда», очевидно с намерением побывать на ней. Посещение суда у Толстого могло быть связано с его работой над «Воскресением».", "Об упоминаемом в письме деле сведений не имеется.", "1 В подлиннике около двух строк вымарано." ],
  "source" : "Письма 1840—1910 гг."
}