{
  "id" : "110",
  "to" : [ {
    "firstName" : "Н",
    "lastName" : "Озмидову",
    "paternalName" : "Л",
    "originalEntry" : "* 110. H. Л. Озмидову."
  } ],
  "date" : -2388164400000,
  "place" : "Москва.",
  "content" : "* 110. H. Л. Озмидову.\nНапрасно вы думаете, что я, или вообще люди несогласны с вашими мыслями относительно трех выражений воли божией. Истинность их всегда пленяла меня. Но дело в том, что для того, чтобы мысли сильно воздействовали на людей, нужно, чтобы они представлялись или в том необработанном первом виде, или выражении, в котором они представляются тому, в душе которого они возникают, или в самом строго и трудолюбиво обработанном виде, до которого мы в состоянии довести их. А этого последнего условия нет в вашем сочинении. И потому мысли ваши действуют на людей, когда вы их просто излагаете в разговоре, или как в последнем вашем письме, и они ослабляются в той искусственной форме, в которой они изложены в вашем сочинении. Так это по крайней мере для меня. Как вы и знаете, это не мешало и не мешает вам влиять на людей и этим служить богу.\nРукопись ваша, переделка Дикенса,1 теперь уже, очевидно, затерялась, я не получил ее. Очень жалею об этом, но очень радуюсь тому, что дело ваше с Сувориным2 устроилось.\nПрощайте, дружеский привет вашей дочери3 и милому Федору Эдуардовичу.4\nЛюбящий вас Л. Т.\n",
  "notes" : [ "Печатается по копии, написанной рукою М. А. Шмидт. Датируется на основании почтового штемпеля письма адресата: «Москва, 25 апреля 1894» и слов в его ответном письме от 11 мая: «Вот вы диктовали Павлу Ивановичу». Толстой диктовал П. И. Бирюкову 28 апреля.", "Николай Лукич Озмидов (1844—1908) — знакомый Толстого, разделявший его взгляды. См. т. 63, стр. 310—311.", "Ответ на письмо Озмидова от 21 апреля 1844 г., в котором он сетует, что никто, в том числе и Толстой, не хочет вникнуть в его статью (ненапечатанную) «Что такое истина?».", "1 В письме от 7 апреля Озмидов сообщал Толстому: «Наконец-то я столковался окончательно с Сувориным и теперь пишу ему вторую часть «Домби и сына». См. в «Списке писем, текст которых неизвестен», № 13.", "2 Алексей Сергеевич Суворин (1834—1912), реакционный журналист и издатель.", "3 Ольга Николаевна Озмидова-Спенглер (р. 1865), сотрудница изд-ва «Посредник». См. т. 85, стр. 321.", "4 Федор Эдуардович Спенглер (1860—1908), муж О. Н. Озмидовой. См. т. 85, стр. 29—30." ],
  "source" : "Письма. 1894 г."
}