{
  "id" : "110",
  "to" : [ {
    "firstName" : "Софье",
    "lastName" : "Толстой",
    "paternalName" : "Андреевне",
    "originalEntry" : null
  } ],
  "date" : -2997889200000,
  "place" : "Москва.",
  "content" : "* 110.\nНе мог успеть кончить всего. Рис задержал и Варинька с Нагорным.1 Коректора вместо студента нашел чуднаго — Безсонова.2 — Юрьева видел и много узнал, и все духовныя дела прекрасны. Но устал нервами ужасно. Ничего не ел целый день и мигрень. Приехал сейчас от Юрьева в 4-м часу. И не в силах встать завтра в 9, чтоб кончить дела и уехать, приеду после завтра. — Начальнику станции в Козловке, для кондуктора, кот[орый] передаст это письмо, дай рубль.\nТвой Л. Т.\n",
  "notes" : [ "Печатается по автографу, хранящемуся в АТБ. Публикуется впервые. Датируется 1875 г. на основании упоминания о Рисе и Нагорнове: в этом году в типографии Риса печатались «Книги для чтения» Толстого, а хозяйственные наблюдения за изданиями были поручены Толстым Нагорнову.", "1 Николай Михайлович Нагорнов.", "2 Петр Алексеевич Бессонов (1828—1898), фольклорист, доктор славянской филологии, профессор Харьковского университета. В 1875 г. служил библиотекарем Московского университета. Еще в 1872 г. Бессонов предлагал свои услуги по печатанию «Азбуки» Толстого, но первое издание было перенесено в Петербург, и Толстой отказался от предложения Бессонова (см. письмо Толстого Бессонову от 9 сентября 1872 г.)." ],
  "source" : "Письма к С. А. Толстой 1862-1910 гг."
}