{
  "id" : "110",
  "to" : [ {
    "firstName" : "Н",
    "lastName" : "Некрасову",
    "paternalName" : "А",
    "originalEntry" : "110. Н. А. Некрасову."
  } ],
  "date" : -3597591600000,
  "place" : "Петербург.",
  "content" : "110. Н. А. Некрасову.\nОтпуск мой вышел и не на 28, а на 14 дней, поэтому я, не теряя ни одного дня, завтра, т. е. 1-го, еду в Москву. Корректуру кончу завтра,1 Краевскому напишу, а вас, ежели вы можете, прошу прислать мне 100 рублей, за будущее. Выздоравливайте. Ежели успею, то сам заеду.\nВаш гр. Л. Толстой.\n",
  "notes" : [ "Печатается по автографу, хранящемуся в ИРЛИ. Впервые опубликовано в «Современнике» 1913, № 8, стр. 266.", "Датируется содержанием: Толстой едет в отпуск «завтра, т. е. 1-го». Так как Толстой вернулся в Петербург числа 2 февраля, а отпуск он получил на 28 дней в январе 1856 г., как значится в его формулярном списке, то «1-е», это — 1 января 1856 г.", "1 Речь идет о корректуре рассказа «Севастополь в августе»," ],
  "source" : "Письма. 1855 г."
}