{
  "id" : "110",
  "to" : [ {
    "firstName" : "Луизе",
    "lastName" : "Мерц",
    "paternalName" : null,
    "originalEntry" : "* 110. Луизе Мерц (Louise Maertz)."
  } ],
  "date" : -1977332400000,
  "place" : "Я. П.",
  "content" : "* 110. Луизе Мерц (Louise Maertz). Черновое.\nDear Madame,\nI received the check you sent me. A friend of mine is now in Samara helping the poor people with 1000 pounds sent to me by the Canadian Dookhobors.1 He writes to me that the Red Cross has so well organised the feeding that there is no danger of famine for the children.\nBut there is great need of cattle, instruments and even clothes. My friend has decided to spend the money that is entrusted to him on those objects.\nI agree with him on that point and if you have nothing against your money being spent in the same way, I will forward it to him.\nI shall wait for your answer, and will send your to Samara only if I receive your consent; or on the opposite case will forward it back to you.\n\nМилостивая государыня,\n",
  "notes" : [ "Я получил чек, который вы мне прислали. Один из моих друзей находится теперь в Самаре, где оказывает помощь бедным с 1000 фунтов, присланных мне канадскими духоборами.1 Он пишет, что Красный крест устроил так хорошо кормление, что опасности голода для детей нет никакой.", "Но есть большая нужда в скоте, инструменте, даже одежде. Мой друг решил употребить доверенные ему деньги на эти предметы.", "Я согласен с ним, и, если вы не имеете ничего против того, чтобы ваши деньги были истрачены таким же образом, я перешлю их ему. Буду ждать вашего ответа и пошлю деньги в Самару лишь в случае вашего согласия, в противном же случае возвращу их вам обратно.", "Печатается по черновику, написанному рукой T. Л. Сухотиной (хранится в копировальной книге № 7, между лл. 307 и 308). Черновик этот является ее переводом русского текста, написанного Толстым на письме Мерц (первую фразу Толстой написал по-английски, дальше по-русски). Черновик исправлен Сухотиной; печатается последняя редакция его. Текст отправленного подлинника и местонахождение подлинника, вероятно только подписанного Толстым, неизвестны. Датируется по записи в Записной книжке 6 мая: «Писал письма Сутковому и англичанке» (т. 56, стр. 194). В нашем переводе по возможности оставлены выражения из русского текста черновика Толстого.", "Впервые Луиза Мерц совместно с Эммой Киру с прислала Толстому деньги в пользу голодающих в начале апреля 1907 г. (см. письмо № 77). При письме от 25 апреля н. ст. она лично прислала 170 рублей для той же цели. Она советовала употребить способ помощи, практикуемый в Индии: детей из голодающих семейств собирать в приюты и содержать их там до нового урожая.", "1 В черновике зачеркнуто: In our country it is needless to pursue the methods of help about which you write in your letter [В нашей стране излишне употреблять те методы помощи, о которых вы пишете в вашем письме]" ],
  "source" : "Письма. 1907 г."
}