{
  "id" : "110",
  "to" : [ {
    "firstName" : null,
    "lastName" : null,
    "paternalName" : null,
    "originalEntry" : "* 110. Русской колонии в Коломбо."
  } ],
  "date" : -1919530800000,
  "place" : "Я. П.",
  "content" : "* 110. Русской колонии в Коломбо.\nВчера получил вашу великолепную книгу о Цейлоне и благодарю вас за нее, за благотворительные деньги 176 рублей, которые думаю, что распределил сообразно вашему желанию между бедными вдовами нашего околотка. Благодарю еще за добрые слова, сказанные в день моего рождения, и, главное, за те добрые чувства, которые выражены мне так далеко живущими соотечественниками.\nЛев Толстой.\nТульской губ.\nЯсная Поляна\n5 марта 1909.\n \n",
  "notes" : [ "Печатается по подлиннику. Впервые опубликовано в Америке (к подлиннику письма приложена вырезка из американской газеты, без даты и указания названия газеты, с заметкой «The Russian Community in Colombo», в которой и помещено письмо Толстого).", "В августе 1908 г. на собрании членов русской колонии в Коломбо по вопросу о чествовании Толстого в день его восьмидесятилетия было постановлено послать Толстому поздравительную телеграмму и иллюстрированную книгу о Цейлоне: «Picturesque Ceylon» («Живописный Цейлон»). В ответ на поздравление и было написано публикуемое письмо Толстого. Телеграмма из Коломбо не сохранилась." ],
  "source" : "Письма 1909 г."
}