{
  "id" : "110",
  "to" : [ {
    "firstName" : "Н",
    "lastName" : "Валову",
    "paternalName" : "Д",
    "originalEntry" : "110. Н. Д. Валову."
  } ],
  "date" : -2599585200000,
  "place" : "Я. П.",
  "content" : "110. Н. Д. Валову.\nНиколай Дмитриевич!\nПисьмо ваше я получил давно и тогда же решил, что оно — одно из тех, на к[оторые] надо ответить, но за разными делами до сих пор не успел, пожалуйста, простите меня за это.\nРазрешение всех вопросов в себе — в религиозном уяснении смысла жизни и смерти. Если это решение найдено, то найдены и решения всех самых сложных отношений в жизни. Вы обращаетесь ко мне за решением. Без ложной скромности и гордости скажу, что я такая чуть светящаяся лампочка при свете электрических солнц мудрецов человечества и вечного солнца истины: Конфуций, Будда, Лао-дзе, Эпиктет и, наконец, Евангелие. Всё там есть, и всё одно и то же.\nЕсли же вы хотите знать, как именно я выбирался из мрака, то вот ответ на ваш вопрос, — я изложил это в следующих писаниях: 1) Исповедь, 2) В чем моя вера и 3) Что же нам делать? Все эти сочинения можно достать за границей, полнее на французском. Переписывать же их здесь стоит очень дорого. Переписывает их и у меня в деревне учитель1 и одна девушка (адрес ее Московско-Курская дорога, станция Иваново, Марья Александровна Шмит).\nКроме того, есть еще мой большой перевод и соединение 4-х Евангелий и краткое изложение их.\nЕще вы пишете, что вы хотите бежать, удалиться, — вообще переменить внешние условия жизни. Мне кажется, этого никогда не нужно. Насколько изменится миросозерцание, настолько само собою изменяются и внешние условия; и тогда только прочно.\nПомогай вам бог.\nЛев Толстой.\n",
  "notes" : [ "Впервые опубликовано в «Голосе минувшего» 1915, 11, стр. 236—237. Дата первой публикации.", "Николай Дмитриевич Валов — нижегородский купец, член, а затем председатель Лукояновской уездной земской управы. В письме от 12 июня 1887 г. сообщал, что хочет познакомиться с последними сочинениями Толстого, и просил указать, где можно их достать.", "1 М. А. Новоселов." ],
  "source" : "Письма. 1887 г."
}