{
  "id" : "110",
  "to" : [ {
    "firstName" : "Л",
    "lastName" : "Яшвилю",
    "paternalName" : "В",
    "originalEntry" : "* 110. Л. В. Яшвилю."
  } ],
  "date" : -2072545200000,
  "place" : "Я. П.",
  "content" : "* 110. Л. В. Яшвилю.\nЛюбезный князь,\nПодательница сего, некая Богданова,1 лишенная прав, пришла ко мне просить совета и помощи в том, что ей в Крапивне не дают паспорта. Я думаю, что лишение прав не мешает выдаче паспорта, без кот[орого] ей трудно кормиться, и что тут недоразумение. Если я ошибаюсь, то простите меня за то, что беспокою вас напрасно.\nВаш Лев Толстой.\n29 апр. 1904.\n",
  "notes" : [ "Лев Владимирович Яшвиль (1859—1917) — в 1903—1904 гг. был тульским вице-губернатором.", "1 Кто была Богданова, неизвестно." ],
  "source" : "Полное собрание сочинений. Том 75"
}