{
  "id" : "110",
  "to" : [ {
    "firstName" : null,
    "lastName" : null,
    "paternalName" : null,
    "originalEntry" : "* 110. A. A. Толстой."
  } ],
  "date" : -3003246000000,
  "place" : "Я. П.",
  "content" : "* 110. A. A. Толстой.\nОчень вам благодарен, дорогой друг, за ваше письмо к г-ну Перо и за присылку его ко мне. Я пишу ему с этой почтой,1 благодарю, прибавляю разные подробности и вообще вхожу в прямые сношения. Я так долго не отвечал ни вам, ни ему, потому что, чем больше живу, тем больше чувствую, что верчусь, как белка в колесе, и времени всё меньше и меньше. Столько хлопот, забот, дел, занятий, которые требуются от вас.\nВы, верно, то же чувствуете и без семьи.\nРоман мой, действительно, начат печатанием. Но вот уж месяца 4 стоит, и я не имею времени продолжать исправлять. Кроме воспитания, ученья детей, которыми я сам занят (и с жалостью думаю, когда передам в руки наемников); кроме работы (я пишу — вы удивитесь — грамматику2); кроме школьного дела, которым я занимаюсь и в своей школе и в уезде, и борьбы с чиновничеством, денежные дела (покупка земли, которая необходима), кроме всего этого семейные невзгоды. То жена была больна лихорадкой при кормлении, измучившей ее и ребенка, то теперь на днях старшая дочь при мне бегала по паркету, раскатываясь, и упала навзничь и сломала ключицу. Но мы нынче только стали думать и заботиться о переломе. Удар головой был так силен, что мы и доктор боялись за жизнь и рассудок. — Правда, осень всегда бывает для меня тяжелым временем. Надеюсь, что когда засыпет нас снегами, я приду опять в то счастливое состояние спокойного, трудового роста жизни, которое я так люблю. —\nЧто вы делаете? Как и чем наполнилась та пустота жизни, которую оставила разлука с в[еликой] к[нягиней]. Верно, уж наполнилась. Природа не допускает пустоты, но вопрос, чем? Мелочью наполнилось ли то большое место вашего сердца, или большим же? Или вы бережете его таким, какое оно было. Очень, очень желал бы видеть вас; и как-то надеюсь, что скоро придется мне быть в Петербурге. И всякий раз, когда думаю об этом, первая, главная побуждающая причина это вы. Надеюсь, что вы верите этому. Пожалуйста, верьте.\nВаш всей душой гр. Л. Толстой.\n",
  "notes" : [ "Датируется упоминанием о несчастном случае с Татьяной Львовной, происшедшем 27 октября 1874 г.", "1 О Перро см. в прим. при письме к нему от 1—3? мая 1875 г. (№ 173) Упоминаемое здесь письмо к нему неизвестно. 3 декабря нов. ст. Перро ответил Толстому, что получил его письмо от 1/13 ноября.", "2 «Грамматику для сельских школ»." ],
  "source" : "Письма. 1874 г."
}