{
  "id" : "110",
  "to" : [ {
    "firstName" : "С",
    "lastName" : "Вековищеву",
    "paternalName" : "П",
    "originalEntry" : "* 110. С. П. Вековищеву."
  } ],
  "date" : -1904151600000,
  "place" : "Я. П.",
  "content" : "* 110. С. П. Вековищеву.\n30 августа 09 г. Ясная Поляна.\nСергей Петрович,\nСтихов писать никому не нужно. Если есть что сказать такого, чего другие не знают, то пишите, как говорите. А стихи не к чему.\n",
  "notes" : [ "Печатается по дубликату подлинника.", "При письме от 29 августа 1909 г. (почт. шт.) крестьянин Рязанской губ. Сергей Петрович Вековищев (р. 1890) прислал на отзыв несколько своих стихотворений." ],
  "source" : "Письма 1909 г."
}