{
  "id" : "110",
  "to" : [ {
    "firstName" : null,
    "lastName" : null,
    "paternalName" : null,
    "originalEntry" : "110. М. А Шмидт."
  } ],
  "date" : -2508951600000,
  "place" : "Я. П.",
  "content" : "110. М. А Шмидт.\nКак радостно слышать про вас всё добрые вести, дорогая М[арья] А[лександровна]. Странное у меня о вас чувство, знаю я, что когда в душе хорошо, то и в мире всё будет хорошо, и знаю, что у вас в душе всё хорошо, а всегда страшно за вас, что вы пересилите, переработаете, и что-то случится, хотя и знаю, что случиться нечему. До сих пор страхи эти не сбывались, и приходилось только радоваться на вашу жизнь. Дай бог, чтобы вас так же радовали мы и другие ваши близкие.\nМне таких радостей, слава богу, очень много. Здоровье теперь совершенно поправилось, и работы предстоит ужасно много. Физически работаю меньше.\nПишите нам почаще.\nЛев Толстой.\n",
  "notes" : [ "Печатается по рукописной копии из AЧ. Автограф погиб при пожаре летом 1910 г. в Овсянникове. Отрывок письма с двумя пропусками впервые опубликован в журнале «Голос минувшего» 1919, 5—12, стр. 175. Полностью без подписи напечатано в книге Е. Е. Горбуновой-Посадовой «Друг Толстого Мария Александровна Шмидт», изд. Толстовского музея, М. І929, стр. 31. Дата машинописной копии из AЧ.", "Мария Александровна Шмидт (1843—1911) — близкая знакомая Толстого. См. о ней в т. 64, стр. 55." ],
  "source" : "Письма. 1890 г."
}