{
  "id" : "110",
  "to" : [ {
    "firstName" : "Гр",
    "lastName" : "А",
    "paternalName" : "А",
    "originalEntry" : "110. Гр. А. А. Толстой."
  } ],
  "date" : -3525447600000,
  "place" : "Я. П.",
  "content" : "110. Гр. А. А. Толстой.\nБабушка! Весна!\nОтлично жить на свете хорошим людям; даже и таким, как я, хорошо бывает. В природе, в воздухе, во всем надежда, будущность и прелестная будущность. —\nИногда ошибаешься и думаешь, что не одну природу ждет будущность счастья, а и тебя тоже; и хорошо бывает. — Я теперь в таком состоянии и с свойственным мне эгоизмом тороплюсь писать вам о предметах только для меня интересных. — Я очень хорошо знаю, когда обсужу здраво, что я — старая, промерзлая, гнилая и еще под соусом свареная картофелина, но весна так действует на меня, что иногда застаю себя в полном разгаре мечтаний о том, что я растение, которое распустится вот только теперь вместе с другими и станет просто, спокойно и радостно рости на свете Божьем. — По этому случаю к этому времени идет такая внутренняя переборка, очищение и порядок, какой никто, не испытавший этого чувства, не может себе представить. Всё старое прочь, все условия света, всю лень, весь эгоизм, все пороки, все запутанные, неясные привязанности, все сожаленья, даже раскаянье, — всё прочь! Дайте место необыкновенному цветку, который надувает почки и выростет вместе с весной! — Грустно вспомнить, сколько раз я тщетно делывал то же самое, как кухарка по субботам, — а всё радуюсь своему обману, и иногда серьезно верю в новый цвет и жду его. —\n— Вот уж с неделю, как я в деревне один, и мне хорошо.1 Счёты за московское житье, за всё сведены, и я квит со всеми, в приходе и в расходе ровно. —\nСтранное чувство я испытал, уезжая в деревню, в тех же условиях жизни, в каких и приехал. Первое чувство было радостное сознание свободы, возможность сейчас же вылезть из коляски и пойти пешком в Астрахань, или повернуть лошадей и ехать в Париж, или остаться навсегда жить на первой станции. Это чувство славное, и женщины не знают его. Но потом, чем ближе я подъезжал к деревне, тем мне всё грустнее и грустнее становилось мое будущее одиночество. Так что, приехав в деревню, мне показалось, что я вдовец, что недавно жило тут целое семейство, которое я потерял. И действительно, это семейство моего воображения жило там. И какое прелестное семейство! Особенно жалко мне старшего сына! И жена была славная, хотя и странная женщина. Вот, бабушка, научите, что делать с собой, когда воспоминания и мечты вместе составят такой идеал жизни, под которой ничто не подходит, всё становится не то, и не радуешься и не благодаришь Бога за те блага, которые он дал, а в душе вечное недовольство и грусть. Бросить этот идеал — скажете вы. — Нельзя. Этот идеал не выдумка, а самое дорогое, что есть для меня в жизни. Без него я жить не хочу. Помните вы «Мадону» Пушкина?2 Ваша Мадона висит у меня и радует,3 а последние стихи мучают.4 Иногда приходит в голову отслужить по всему панафиду, да тогда уж и других молитв в душе не останется. Прощайте, милая бабушка, не сердитесь на меня за этот вздор, а ответьте умное и пропитанное добротой и христианской мудростью словечко.\nЯ давно хотел написать вам, что вам удобнее писать по-французски, а мне женская мысль понятнее по-французски.\nИсполнились мои желания. Творец Тебя мне ниспослал, тебя, моя Мадонна, Чистейшей прелести чистейший образец.\n",
  "notes" : [ "Впервые полностью опубликовано в ПТ, стр. 98—100, с датой «Апрель 1858 г.». Дата определяется записью в Дневнике Толстого под 14 апреля 1858 г.", "1 Толстой приехал в Ясную Поляну из Москвы в ночь на 10 апреля 1858 г.", "2 Стихотворение Пушкина «Мадонна» («Не множеством картин старинных мастеров») 1830 г.", "3 Сикстинская мадонна в нескольких больших гравюрах висела в кабинете у Толстого.", "4 Толстой разумеет последние строки стихотворения Пушкина, обращенные к невесте:" ],
  "source" : "Письма. 1858 г."
}