{
  "id" : "110",
  "to" : [ {
    "firstName" : "Н",
    "lastName" : "Ге",
    "paternalName" : "Н",
    "originalEntry" : "* 110. H. Н. Ге (сыну)."
  } ],
  "date" : -2463332400000,
  "place" : "Тула.",
  "content" : "* 110. H. Н. Ге (сыну).\nВаши несколько слов о вашем отношении к смерти матери тронули меня и были мне поучительны. Все мы недостаточно бережно обращаемся с людьми, со всеми людьми. Мне, уже столь близкому к смерти, это особенно непростительно. Слава богу, сейчас у меня с женой самые радостные отношения: мы сошлись с ней на общем деле. И хоть за это я люблю то дело, к[оторым] занят, в кот[ором] много греха, не только несмотря, но именно вследствие его матерьяльной пользы и кажущейся благодетельности. И мы с Таней и Машей теперь в Туле, едем назад в Данковский уезд, были в Москве на неделю.\nЛюблю вас очень.\nЦелуйте дорогого старика. Сочувствую его горю и думаю, что понимаю его. Целую жену и детей.\nЛ. Толстой.\n",
  "notes" : [ "Печатается по копии рукой П. И. Бирюкова из AЧ. Дата копии.", "Ответ на письмо Н. Н. Ге (сына) от 19 ноября (почт. шт.) о смерти матери." ],
  "source" : "Письма. 1891 г."
}