{
  "id" : "110",
  "to" : [ {
    "firstName" : "Б",
    "lastName" : "Беме",
    "paternalName" : "Р",
    "originalEntry" : "110. Б. Р. Беме."
  } ],
  "date" : -2019236400000,
  "place" : "Я. П.",
  "content" : "110. Б. Р. Беме.\nМилостивый государь Б[орис] Р[ихардович],\nПолучил присланные вами 94 р. 50 к., и хотя я сам лично не занимаюсь помощью пострадавшим от неурожая, надеюсь употребить ваше пожертвование с пользой, передав ваши деньги моему сыну Михаилу, который занят раздачей и продажей дешевого хлеба в местности, особенно потерпевшей от неурожая, именно в дальнем углу Крапивенского уезда, примыкающем к Богородицкому.\nС совершенным уважением готовый к услугам\nЛев Толстой.\n6 янв. 1906 г.\n",
  "notes" : [ "Впервые опубликовано адресатом по автографу в его статье «Еще одно из неизданных писем Л. Н. Толстого» — «Кавказ и Л. Толстой. 1828—1928», Ингушский научно-исследовательский институт краеведения, Владикавказ, 1928, стр. 34.", "Борис Рихардович Беме (р. 1871) — присяжный поверенный, живший в г. Владикавказе. После Октябрьской революции работал консультантом при Рабоче-крестьянской инспекции в Народном комиссариате юстиции и членом коллегии защитников." ],
  "source" : "Письма. 1906 г."
}