{
  "id" : "110",
  "to" : [ {
    "firstName" : "Джорджу",
    "lastName" : "Девису",
    "paternalName" : null,
    "originalEntry" : "* 110. Джорджу Девису Херрону (George Davis Herron)."
  } ],
  "date" : -2351012400000,
  "place" : "Я. П.",
  "content" : "* 110. Джорджу Девису Херрону (George Davis Herron).\nGeorge D. Herron.\nDear Sir,\nY read very attentively your book: «The Christian state» and will try to give you a candid opinion of it.1\nЯ совершенно разделяю ваш взгляд на значение христианства, как политического и экономич[еского] учения. Многие места вашей книги, в кот[орой] вы указываете на грехи нашей жизни, на антихристианское положение нашего общества, поразительно верны. Особенно поразило меня ваше смелое осуждение американского народа, не исполнившего своего (vocation) призвания. Вообще вся книга эта проникнута самым глубоким, истинно христианским духом. Но я нахожу в ней один важный недостаток, ослабляющий ее значение. Надеюсь, что вы примете мое мнение, справедливо ли оно, или нет, с тем же самым религиозным сознанием, с к[оторым] я обращаюсь к вам, а именно с те[м], [что] наши отношения по этому предмету суть отношения не наши — между нами: Толст[ым] и Herron’ом, — а отношения наши к богу. Вся книга и проповедь ваша, по моему мнению, ослабляется тем, что пытаетесь влить вино новое в мехи старые.\nМехи старые, кот[орые] вы хотите наполнить новым вином, это государство и церковь. Государство есть форма языческая, и государство с самоотречением (sacrifice) есть отрицание государства. Еще более церковь — та, кот[орую] мы знаем, как католич[еская], так и протест[антская], — как только она в лице своих членов перестала быть самоотвержен[ной] христианской, а стала тем стремящимся к своим целям учреждением, так церковь уже перестала быть формой, годной для принятия в себя христ[ианского] содержания. — То, что вы хотите удержать неудержимое, отжившее, — госуд[арство] и церковь — лишает ваше сочинение во многих местах ясности и силы и вводит читателя в область чего-то неясного и неопределенного. Поэтому\nМилостивый государь,\n",
  "notes" : [ "Письмо сохранилось только в виде чернового отрывка. Датируется на основании письма Херрона от 3 июня н. ст., на которое отвечает Толстой, и записи в Дневнике Толстого от 4 июля (см. т. 53, стр. 45).", "1 [Джорджу Д. Херрону.", "Я очень внимательно прочел вашу книгу «Христианское государство» и попытаюсь высказать вам мое искреннее мнение о нем.]" ],
  "source" : "Письма. 1895 г."
}