{
  "id" : "110",
  "to" : [ {
    "firstName" : null,
    "lastName" : null,
    "paternalName" : null,
    "originalEntry" : "* 110. Неизвестной (Е. А. Д.)."
  } ],
  "date" : -2106586800000,
  "place" : "1, Я. П.",
  "content" : "* 110. Неизвестной (Е. А. Д.).\nЯ думаю, что прошедшее не может и не должно мешать настоящему, и вы можете быть счастливы с вашим мужем, если только направите все силы на настоящее и не будете поминать прошлого.\nНа вопрос же о том, нужно ли всё сказать мужу, я думаю, что нужно, если он спросит об этом.\nЛев Толстой.\n1 апреля 1903.\n",
  "notes" : [ "Печатается по копировальной книге № 5, л. 160.", "Письмо Е. А. Д. неизвестно. Ее инициалы установлены по записи в копировальной книге." ],
  "source" : "Письма. 1903 г."
}