{
  "id" : "110",
  "to" : [ {
    "firstName" : "Еугену",
    "lastName" : "Шмиту",
    "paternalName" : null,
    "originalEntry" : "110. Еугену Шмиту (Eugen Schmitt)."
  } ],
  "date" : -2289668400000,
  "place" : "Я. П.",
  "content" : "110. Еугену Шмиту (Eugen Schmitt).\nTeuerer Freund.\nEs war mir eine grosse Freude, Ihr Brief und die Zeitung, in welcher Ihr Process dargestellt wird,1 zu erhalten und zu lesen. Ich hätte nicht erwartet, dass Sie nach Ihrer Rede freigesprochen werden könntet. In einer Hinsicht ist es in der Tat, wie Sie sagen, ein Zeichen dass die Zeiten reif sind, aber von einer anderen Seite angesehen, ist es wunderbar und traurig zu wissen, dass in einem Staate wie Ungarn, wo sie jede Möglichkeit haben, ihre Ideen zu verbreiten, doch die Warheit so wenig Anhänger findet. Es ist so gewöhnlich, überhaupt bei uns in Russland zu glauben, dass nur die Regierung daran Schuld ist, dass die Warheit nicht von allen Menschen angenommen wird, aber bei Ihnen, wo solche Reden, wie die Ihrige, im Gerichte gehalten sein kann, und noch mehr im Frankreich, Amerika und England, wo noch grössere Freiheit herrscht, ist es leicht zu sehen dass der grösste Feind der Warheit nicht in der Regierung sondern in der zweifachen weltlichen antichristlichen Lehre: dem kirchlichen pseudo-Christentum und der materialistisch-atheistisch-sоcialistischen Weltanschaung, die den Leuten gegen die Warheit, die ihre Lebensweise zerstört, einen Schütz giebt. Mit diesen zwei Dämonen müssen wir Krieg führen und grosse Acht nehmen nicht mit dem einen, so wie mit dem аndern in keine Compromisse zu treten. Ich sehe dass Sie diesen Krieg mit grosson Mut und Ehre führen, und frone mich sehr es zu wissen.\nWie steht es mit Ihrem Blatte? Fahren Sie fort es аuszugеbеn?2\nWenn Sie noch einige № von dem deutschen Blatte haben, könnten Sie nicht einige № nach folgende Adresse schicken?\nRussland, Curland, Stadt Bausk, Paul Biriukoff.\nRussland, Curland, Stadt Goldingen, Ivan Treguboff.\nRussland, Esthland, Stadt Weissenstein, Dmitry Hilkoff.\nLeo Tolstoy.\n11 Juny 1897.\n\nДорогой друг,\nЛев Толстой.\n",
  "notes" : [ "Для меня было большой радостью получить и прочитать ваше письмо и газету, в которой излагается ваш процесс.1 Я не ожидал, чтобы после вашей речи вас могли оправдать.", "В одном отношении действительно это есть, как вы говорите, признак, что времена созрели, но если посмотреть с другой стороны, то удивительно и печально знать, что в таком государстве, как Венгрия, где вы имеете всякую возможность распространять свои идеи, у вас все-таки так мало приверженцев. У нас в России вообще принято думать, что только правительство виновно в том, что правда воспринимается не всеми людьми, но у вас, где подобные речи могут произноситься на суде, и еще более во Франции, Америке и Англии, где господствует еще большая свобода, легко видеть, что величайший враг истины не правительство, а враг ее в двухстороннем мирском анти-христианском учении: церковном псевдо-христианстве и в материалистически-атеистически-социалистическом мировоззрении, которое отгораживает людей от истины, мешающей их образу жизни. С этими двумя демонами мы должны вести войну и быть настороже, чтобы ни с тем ни с другим не вступать в сделку. Я вижу, что вы ведете эту войну с достоинством и с большой смелостью, и я очень радуюсь этому.", "Как обстоит дело с вашим листком? Продолжаете ли вы издавать его?2", "Если у вас еще имеются номера немецкого листка, не могли бы вы послать несколько номеров по следующему адресу?", "Россия, Курляндия, город Бауск, Павел Бирюков.", "Россия, Курляндия, город Гольдинген, Иван Трегубов.", "Россия, Эстляндия, город Вейсенштейн, Дмитрий Хилков.", "11 июня 1897.", "Печатается по листам копировальной книги из AЧ. Впервые опубликовано в книге: «Leo Tolstoi. Die Rettung wird kommen», Hamburg 1926, № XVIII, стр. 51—52.", "Письмо Шмита, на которое отвечает Толстой, неизвестно.", "1 Описание процесса было опубликовано в брошюре: «Pressprozess von D-r Eugen Heinrich Schmitt», Budapest 1897. См. прим. к письму № 53.", "2 Речь идет о листке «Religion des Geistes»." ],
  "source" : "Письма. 1897 г."
}