{
  "id" : "111",
  "to" : [ {
    "firstName" : "А",
    "lastName" : "Толстой",
    "paternalName" : "А",
    "originalEntry" : "* 111. А. А. Толстой."
  } ],
  "date" : -2161191600000,
  "place" : "Я. П.",
  "content" : "* 111. А. А. Толстой.\nБлагодарю вас, милый друг Alexandrine, за вашу любовь, которую чувствую из вашего беспокойства о моей болезни.\nМне было очень хорошо, радостно и спокойно и во время болезни и теперь, во время выздоровления, в особенности от той мало заслуженной любви, которая меня окружает. Целую вас с братской любовью. Я поправляюсь, хотя еще лежу.\nЛ. Т.\n",
  "notes" : [ "Печатается и датируется по копировальной книге № 3, л. 145.", "Об Александре Андреевне Толстой (1817—1904) см. т. 47, стр. 316—317.", "Письмо А. А. Толстой, на которое отвечает Толстой, неизвестно." ],
  "source" : "Письма. 1901 г."
}