{
  "id" : "111",
  "to" : [ {
    "firstName" : null,
    "lastName" : null,
    "paternalName" : null,
    "originalEntry" : "* 111. Снерутинскому."
  } ],
  "date" : -2019150000000,
  "place" : "Я. П.",
  "content" : "* 111. Снерутинскому.\nМилостивый Государь,\nЯ получил пожертвованные служащими в центральном лесном управлении деньги 277 р.1 для пострадавших от неурожая крестьян Тульской губернии и постараюсь, хотя я сам не занимаюсь этим делом, передать их известным мне людям, помогающим на местах беднейшим крестьянам.2\nЛев Толстой.\n7 янв. 1906.\n",
  "notes" : [ "Печатается по копировальной книге № 6, л. 463.", "Ответ на письмо Снерутинского от 23 декабря 1905 г. из Петербурга.", "1 Зачеркнуто: 50 к.", "2 В ЯЗ 6 и 17 января 1906 г. записано: «Лев Николаевич сказал, что он не знает, кому отдать 600 рублей, которые он получил от разных лиц для голодающих. Михаил Сергеевич [Сухотин] советовал передать эти деньги его сыну Льву. Но он оказывает помощь деньгами, а Лев Николаевич лучшей формой помощи считает устройство столовых». «Лев Николаевич... хочет послать Львову [председателю Тульской губернской земской управы] 600 рублей, которые он получил от разных лиц для помощи голодающим. Он поручил Иосифу Константиновичу [Дитерихсу] попросить Львова, чтобы в отчете были приведены имена жертвователей. Впоследствии Лев Николаевич решил послать их гр. Бобринской в Ефремов»." ],
  "source" : "Письма. 1906 г."
}