{
  "id" : "111",
  "to" : [ {
    "firstName" : "Г",
    "lastName" : "Русанову",
    "paternalName" : "А",
    "originalEntry" : "111. Г. А. Русанову."
  } ],
  "date" : -2388164400000,
  "place" : "Москва.",
  "content" : "111. Г. А. Русанову.\nДорогой Гаврило Андреевич,\nВсё собирался писать вам, поблагодарить вас за то прекрасное, радостное впечатление, кот[орое] я получил от пребывания у вас.1 — И до сих пор не успел, и теперь пишу не своей рукой и не потому, что болен, а пользуюсь временем, с меня пишут портрет,2 а я диктую Павлу Ивановичу. Не могу не сказать вам то, что говорю всем, когда вспоминаю свое последнее путешествие, что пребывание мое у вас, сближение с Антон[иной] Алекс[еевной],3 кот[орую] я в первый раз хорошо узнал, с милыми молодыми людьми, преимущественно с Борей, потом Алешей, остальные двое остались для меня иксами,4 — было для меня одним из самых радостных дней моей жизни. Мы нынче едем в деревню с Машей, семейные же остальные остаются в Москве до времени.\nОчень жалею, что не довелось повидать вашего старшего и милого Павла Александровича.5 Прощайте пока, желаю, чтобы у вас всё продолжалось попрежнему, т. е. шло всё лучше и лучше.\nЛюбящий вас Л. Толстой.\n",
  "notes" : [ "Опубликовано впервые в «Вестнике Европы» 1915, 3, стр. 25. Дата определяется содержанием.", "Гавриил Андреевич Русанов (1846—1907) — близкий друг Толстого. См. т. 63, стр. 217.", "1 Толстой был у Русанова в Воронеже 2 апреля проездом с хутора Ржевск от Черткова в Москву.", "2 Портрет этот, написанный художником Николаем Александровичем Ярошенко (1846—1898), находится в настоящее время в Русском музее в Ленинграде. Воспроизводится в настоящем томе.", "3 Антонина Алексеевна (1855—1905), жена Г. А. Русанова.", "4 Борис (p. 1876), Алексей (p. 1879), Андрей (p. 1874), впоследствии врач, профессор Воронежского университета, депутат Верховного Совета СССР, и Николай (1877—1929) — сыновья Русановых.", "5 Павла Александровича Буланже, друга семьи Русановых." ],
  "source" : "Письма. 1894 г."
}