{
  "id" : "111",
  "to" : [ {
    "firstName" : "Сиднею",
    "lastName" : "Кокреллю",
    "paternalName" : null,
    "originalEntry" : "* 111. Сиднею Кокреллю (Sidney Cockerell)."
  } ],
  "date" : -2074014000000,
  "place" : "29/мая Я. П.",
  "content" : "* 111. Сиднею Кокреллю (Sidney Cockerell).\nDear Mr. Cockerell,\nPlease excuse me for not having answered your letter and thanked you for the Ruskin’s books.1 Now I have received the Mufti’s letter and am very obliged to you for forwarding it to me. The Mufti’s letter is so orientally laudatory that I find it [is] difficult to answer it. But I will try to do it and am very glad to communicate with such an interesting personality.\nYours truly\n\n\n\nДорогой г. Кокрелль,\nИскренно ваш\nЛев Толстой.\n",
  "notes" : [ "Пожалуйста, извините меня за то, что я не ответил на ваше письмо и не поблагодарил вас за книги Рёскина.1 Сейчас получил письмо муфтия и очень признателен вам за то, что вы его мне переслали. Письмо муфтия так по-восточному хвалебно, что мне трудно на него ответить. Но постараюсь сделать это и очень рад общению с таким интересным человеком.", "12 мая 1904.", "Печатается по копировальной книге № 6, л. 133.", "Сидней Кокрелль (р. 1867) — английский искусствовед. В 1903 г. посетил Толстого в Ясной Поляне.", "Ответ на письмо Кокрелля, который пересылал Толстому письмо муфтия Мухаммеда Абдула. См. письмо № 114.", "1 Какие именно книги Рёскина переслал Кокрелль Толстому, неизвестно." ],
  "source" : "Полное собрание сочинений. Том 75"
}