{
  "id" : "111",
  "to" : [ {
    "firstName" : "И",
    "lastName" : "Орлову",
    "paternalName" : "И",
    "originalEntry" : "* 111. И. И. Орлову."
  } ],
  "date" : -3005838000000,
  "place" : "Я. П.",
  "content" : "* 111. И. И. Орлову.\nИван Иванович!\nПусть будет по-вашему. Решаюсь на эту покупку, как ни трудно мне будет входить в долги и их выплачивать. Надеюсь на вас, что вы поможете мне в этом, т. е. в выплачивании долга. Итак, действуйте следующим образом: поезжайте к Алферовой с прилагаемым письмом и кончайте с ней дело. Она говорила мне, что 5 тысяч она охотно отсрочит, а что ей нужны 10 т[ысяч] для разделки с невесткой, так и предлагайте ей 10 т[ысяч] при совершении купчей, а остальные через год. О времени совершения купчей я прошу предуведомить меня, если можно, за две недели. — Постарайтесь узнать, как скоро может быть совершена купчая. Никольский хлеб на 5000 я полагаю употребить на эту уплату. Поэтому узнайте у купцов, можно ли и когда рассчитывать на деньги за хлеб. Если нужно взять вперед под хлеб, т. е. что хлеб не поспеет к тому времени, то можно сделать уступку в цене хлеба. С Алферовой постарайтесь кончить так, чтобы обязать ее. Если нужен задаток, то я пришлю, или вы сами займете, если нужно и можно тотчас же, а я пришлю через 3 дня после вашей телеграм[м]ы 1000 рублей.\nНеустойку с обеих сторон можно поставить в 3000. Нечего вам говорить, что чем более выгодные условия, тем лучше. —\nГраф Лев Толстой.\n",
  "notes" : [ "Датируется сопоставлением с письмами №№ 109 и 114.", "Покупка земли не состоялась." ],
  "source" : "Письма. 1874 г."
}