{
  "id" : "111",
  "to" : [ {
    "firstName" : "Н",
    "lastName" : "Давыдову",
    "paternalName" : "В",
    "originalEntry" : "* 111. Н. В. Давыдову."
  } ],
  "date" : -2303578800000,
  "place" : "1880—1897 гг. Я. П.",
  "content" : "* 111. Н. В. Давыдову.\nПростите Николай Васильевич, что утруждаю: нельзя ли этому человечку,1 потерявшему билет, выхлопотать свидетельство для хождения по России. — Пожалуйста, не думайте, чтобы то, что вы, в случае недосуга или нежелания, оставите мое письмо «без последствий», мне бы было сколько-нибудь неприятно.\nНадеюсь, что здоровье Кат[ерины] Мих[айлов[ны]2 поправилось.\nПрошу передать привет.\n",
  "notes" : [ "Датируется по почерку и временем пребывания Н. В. Давыдова в Туле.", "1 О ком здесь идет речь, не установлено.", "2 Жена Н. В. Давыдова" ],
  "source" : "Письма 1840—1910 гг."
}