{
  "id" : "111",
  "to" : [ {
    "firstName" : "Софье",
    "lastName" : "Толстой",
    "paternalName" : "Андреевне",
    "originalEntry" : null
  } ],
  "date" : -2962983600000,
  "place" : "Я. П.",
  "content" : "111.\nПолучил сейчас телеграмму и очень рад. Я спал внизу и никак не мог понять, как я жил один. Пожалуйста, не торопись, — оставайся еще несколько дней, если весело, а главное, не скупись. Чем больше издержишь, в особенности на себя, денег, тем лучше. Дети1 и педагоги2 благополучны, как ты видишь.\nЯ утро занимался.\nМне завидно тебе в том, что ты видишь их вместе — жениха3 с невестой,4 и Д[митрия] А[лексеевича] и радостно жужжащую Софеш.5 Внуши им хорошенько, как я их люблю и радуюсь их счастью. — Я рад, что я не буду на их свадьбе, а то бы я все плакал.\nИду есть блины.\n",
  "notes" : [ "Приписка к письму Т. Л. Толстой к С. А. Толстой. Печатается по автографу, хранящемуся в АТБ. Впервые опубликовано по копии, сделанной С. А. Толстой, в ПЖ, стр. 103—104. Датируется на основании слов о блинах, которые указывают на масляницу, бывшую в 1876 г. 9—16 февраля, а также на основании слов письма Толстого гр. С. Н. Толстому от 21 февраля 1876 г.: «Она [Соня] с неделю тому назад была в Москве».", "1 А именно: Сергей, Татьяна, Илья, Лев и Мария.", "2 В это время у Толстых жили: m-elle и m-r Rey и англичанка Annie Philipps.", "3 Николай Аполлонович Колокольцов (1848—1920). С. А. Толстая писала Т. А. Кузминской (письмо не датировано): «Я не знаю, Таня, знакома ли ты с вторым братом Колокольцова — Николаем. Я совсем его не знаю, говорят, что он очень мил, умен, деятелен, и Маша, видно, влюблена изо всех сил..... Служит этот Колокольцов в Петрозаводске, а теперь на месяц уезжает, сдавать должность и выходит в отставку. Пока он еще в Москве, и я еду после завтра в Москву их смотреть и знакомиться с женихом. В марте, когда он воротится из Петрозаводска, они все, т. е. Дьяковы и жених, поедут за границу и обвенчаются или там или тут, в России, что еще сомнительно».", "4 Марья Дмитриевна Дьякова. Она писала из Рима С. А. Толстой 3 апреля 1876 г.: «Наша свадьба будет 18 или около того и, кажется, во Флоренции». Свадьба состоялась лишь в августе 1876 г.", "5 Софья Робертовна Войткевич, вышедшая замуж за Д. А. Дьякова в 1877 г. С. А. Толстая писала сестре Т. А. Кузминской: «Софеш тоже очень довольна, и Левочка говорит, что она всё говорит «мы» и хорошенько не понимает, где кончается она и начинается Маша»." ],
  "source" : "Письма к С. А. Толстой 1862-1910 гг."
}