{
  "id" : "111",
  "to" : [ {
    "firstName" : "В",
    "lastName" : "Лебрену",
    "paternalName" : "А",
    "originalEntry" : "* 111. В. А. Лебрену."
  } ],
  "date" : -1875812400000,
  "place" : "Я. П.",
  "content" : "* 111. В. А. Лебрену.\nЛебрену.\nСпасибо вам, милый Лебрен, и за короткое письмецо. Вы один из тех людей, связь моя с которыми твердая, не прямая от меня к вам, а через бога, казалось бы самая отдаленная, а, напротив, самая близкая и твердая, не по хордам или лучам, а по радиусам: не такая\nНу да вы поймете. — Когда мне пишут люди о своем желании писать, я большею частью советую воздерживаться. Вам же советую и не воздерживаться, и не поспешать. Tout vientà point à celui qui sait attendre.1 A y вас есть и будет что сказать и есть способность выразить.\nПисьмо ваше неосновательно тем, что вы высказываете свое довольство в области духовной, а потом как будто жалуетесь на неудовлетворенность в области вещественной, в той области, которая не в нашей власти и потому не должна вызывать нашего несогласия и недовольства, если духовное на первом плане. — Рад очень за вас, что, как вижу, вы живете одной жизнью с женою. Это великое благо. Передайте мой сердечный привет вашей матушке и ей. Ваше письмо застало меня нездоровым печенью. Оттого и письмо это так неладно. Целую вас. Что же Герцен?2\nЛ. Толстой.\n24 июля 10 г. Я. П.\n",
  "notes" : [ "Печатается по копии. Дата 24 июля определяется копией, 28 июля — пометами Д. П. Маковицкого на конверте письма Лебрена и в регистрационной книге писем. Конверт без почтового штемпеля; повидимому, письмо было привезено и передано Толстому кем-либо лично.", "Виктор Анатольевич Лебрен (р. 1882) — француз, в 1906 г. некоторое время работал у Толстого в качестве секретаря. В 1910 г. крестьянствовал на Кавказе близ Геленджика. Автор книги: «Толстой. Воспоминания и думы», изд. «Посредник», М. 1914. См. т. 72, стр. 251.", "Ответ на письмо В. А. Лебрена от 15 июня, в котором Лебрен описывал свою жизнь, полную хозяйственных забот, которые мешают ему писать, и приветствовал Толстого от имени своей жены и матери.", "1 [Всё приходит во-время для того, кто умеет ждать.]", "2 В. А. Лебрен собирался писать статью о Герцене, но не осуществил своего намерения." ],
  "source" : "Письма 1910 гг."
}