{
  "id" : "111",
  "to" : [ {
    "firstName" : "С",
    "lastName" : "Роза",
    "paternalName" : "А",
    "originalEntry" : "* 111. С. А. Роза (S. A. Rosa)."
  } ],
  "date" : -2351012400000,
  "place" : "Я. П.",
  "content" : "* 111. С. А. Роза (S. A. Rosa).\nDear Sir, I received your booklets and thank you for sending them. I aprove especially of the pamphlet the Federation.1\nВаша страна2 находится в самых выгодных условиях для того, чтобы установить свободный от грехов старого мира истинно христ[ианский] и братский3 порядок жизни. Мне кажется, что коренной вопрос есть вопрос земельной собственности, порождающий wage slavedoom.4 Что сделано и делается в Австралии для разрешения этого вопроса? По моему мнению, Н[еnrу] G[eorge]5 вполне решает этот вопрос. Я не отвечаю на ваши вопросы, п[отому] ч[то] ответы на них находятся в друг[их] моих сочинениях, кот[орые], может быть, попадут вам в руки.\nJours truly L. T.\n",
  "notes" : [ "Печатается по черновику-автографу. Датируется предположительно на основании письма адресата от 18 июня 1895 г., на которое Толстой отвечает, и записи в Дневнике Толстого 4 июля 1895 г. (т. 53, стр. 45).", "С. А. Роза — из г. Сиднея в Австралии. В письме от 13/1 мая (с опиской в годовой дате: 1893 вместо 1895) он пишет, что посылает одновременно две свои брошюры: «Federation» («Федерация») и «The coming terror» («Будущий террор»), Сидней, 1894, трактующие об объединении австралийских колоний в единую федерацию с мощным централизованным управлением, а также задает ряд вопросов относительно платежа податей и непротивления злу насилием. Ответ адресата неизвестен; поэтому вопрос о том, было ли письмо Толстого отправлено, остается открытым.", "1 Милостивый государь, я получил ваши брошюры и благодарю вас за посылку их. Мне особенно нравится брошюра «Федерация».", "2 Зачеркнуто: впереди всех", "3 Зач.: скла[д]", "4 Рабство наемного труда.", "5 Генри Джордж (1839—1897), американский буржуазный экономист и общественный деятель. Толстой сочувствовал его системе единого налога на землю." ],
  "source" : "Письма. 1895 г."
}