{
  "id" : "111",
  "to" : [ {
    "firstName" : "Л",
    "lastName" : "Волконской",
    "paternalName" : "И",
    "originalEntry" : "* 111. Л. И. Волконской."
  } ],
  "date" : -3302881200000,
  "place" : "Я. П.",
  "content" : "* 111. Л. И. Волконской.\nОчень рад, любезная княгиня, тому случаю, который заставил вас вспомнить обо мне, и в доказательство того спешу сделать для вас невозможное, т. е. ответить на ваш вопрос. Андрей Болконский — никто, как и всякое лицо романиста, а не писателя личностей или мемуаров. Я бы стыдился печататься, ежели бы весь мой труд состоял в том, чтобы списать портрет, разузнать, запомнить. Г-н Ахшарумов,1 comme un homme de métier2 и человек с талантом, должен бы это знать. Но как я сказал, в доказательство того, что я желаю сделать для вас невозможное, я постараюсь сказать, кто такой мой Андрей.\nВ Аустерлицком сражении, которое будет описано,3 но с которого я начал роман, мне нужно было, чтобы был убит блестящий молодой человек; в дальнейшем ходе моего романа мне нужно было только старика Болконского с дочерью; но так как неловко описывать ничем не связанное с романом лицо, я решил сделать блестящего молодого человека сыном старого Болконского. Потом он меня заинтересовал, для него представлялась роль в дальнейшем ходе романа, и я его помиловал, только сильно ранив его вместо смерти. Так вот вам, любезная княгиня, совершенно правдивое, хотя от этого самого и неясное объяснение того, кто такой Болконский. Но он мне теперь еще приятнее, что подал случай написать вам и напомнить о себе и моей неизменной дружбе к вам и вашему семейству. Очень жалею, что Вы мало описали мне Ваших бывших пиндигашек.4 Они мне дороги и милы и по родственной связи, которую я, стареясь, больше и больше ценю, и по воспоминаниям о бедном Саше5 и о вас.\nПожалуйста, внушите им, чтобы они смотрели на меня не иначе, как на друга и родню. Целую вашу руку и желаю вам всего лучшего.\nВаш гр. Л. Толстой.\n3 мая.\n",
  "notes" : [ "Отрывок впервые опубликован в ПТС, II, № 293. Год определяется упоминанием о выходе в свет первой части романа «1805 год».", "Ответ на неизвестное письмо Л. И. Волконской, в котором она спрашивала Толстого, кто послужил прототипом Андрея Болконского.", "Луиза Ивановна Волконская, рожд. Трузсон (1825—1890) — жена троюродного брата Толстого, Александра Алексеевича Волконского (1818—1865). Некоторые ее черты Толстой изобразил в «Истории вчерашнего дня» и в «Войне и мире» в лице «маленькой княгини» Лизы Болконской.", "1 Николай Дмитриевич Ахшарумов (1819—1893) — беллетрист и критик. Им написана первая (если не считать заметок в «Русском инвалиде» и «Книжном вестнике») критическая статья о «1805 годе». Ахшарумов называет это произведение «очерком русского общества шестьдесят лет тому назад», относит его к числу «редких явлений в нашей литературе», сравнивает с «дождем во время засухи». Среди действующих лиц «1805 года» Ахшарумов больше всего останавливается на Андрее Болконском.", "После выхода в свет отдельного издания «Войны и мира» Н. Д. Ахшарумов напечатал две статьи: «Война и мир. Сочинение гр. Толстого. 1—4 части» — «Всемирный труд», 1868, 4, стр. 25—64, и «Война и мир, ч. 5-ая» — там же, 1869, 3, стр. 55—72. В этих статьях Ахшарумов, отдавая дань художественному таланту Толстого, решительно осуждает его «отвратительную философию» и подвергает резкой критике характер кн. Андрея за отсутствие в нем цельности.", "2 [специалист]", "3 Аустерлицкое сражение и ранение кн. Андрея изображены в последних главах романа «1805 год», законченного Толстым лишь в начале ноября 1865 г.", "4 Пиндигашками Толстой называл в их детстве сыновей Л. И. Волконской, Алексея, Сергея и Николая.", "5 Александр Алексеевич Волконский умер 2 апреля 1865 г." ],
  "source" : "Письма. 1865 г."
}