{
  "id" : "111",
  "to" : [ {
    "firstName" : "В",
    "lastName" : "Булгакову",
    "paternalName" : "Ф",
    "originalEntry" : "111. В. Ф. Булгакову."
  } ],
  "date" : -1890241200000,
  "place" : "Я. П.",
  "content" : "111. В. Ф. Булгакову.\nПримите, милый Вал[ентин] Фед[орович], этого нашего нового друга,1 побеседуйте с ним и приезжайте с ним ко мне.\nЛ. Толстой.\n",
  "notes" : [ "Печатается по копии. Впервые опубликовано в Дневнике В. Ф. Булгакова, стр. 41. Дата определяется записью в Дневнике В. Ф. Булгакова и копией. Эту записку Толстой послал в Телятинки, где в то время жил Булгаков.", "1 Шмельков М. В., помощник железнодорожного машиниста. Сочувствовал взглядам Толстого, хотел бросить службу и заняться земледелием." ],
  "source" : "Письма 1910 гг."
}