{
  "id" : "111",
  "to" : [ {
    "firstName" : null,
    "lastName" : null,
    "paternalName" : null,
    "originalEntry" : "* 111. E. А. Берс."
  } ],
  "date" : -2289582000000,
  "place" : "Я. П.",
  "content" : "* 111. E. А. Берс.\nЯ, разумеется, очень рад буду, дорогая Лиза, сказать тебе свое мнение. Боюсь, что я мало компетентен.1 Соня и Саша радуются твоему приезду с Веточкой.2 Кланяюсь твоему мужу3 и тебя братски приветствую.\nЛ. Толстой.\n\nНа обороте: Богородицк, Тульской губ. Елизавете Андреевне Берс.\n",
  "notes" : [ "Печатается по копии из AЧ. Датируется на основании пометы на копии: «почт. шт. 12 июня 1897 г.».", "Елизавета Андреевна Берс (1843—1919) — свояченица Толстого, старшая сестра С. А. Толстой. О ней см. в т. 83, стр. 8—10.", "Письмо Е. А. Берс, на которое отвечает Толстой, неизвестно.", "1 Е. А. Берс писала статьи по экономическим вопросам. В связи с этим она обращалась к Толстому с просьбами дать отзыв о той или иной статье. В 1897 г. Е. А. Берс напечатала статью: «Дифференциальный тариф» — «С.-Петербургские ведомости» 1897, № от 15 декабря.", "2 Елизавета Александровна Берс (р. 1885), дочь Е. А. и А. А. Берсов. В то время училась в женской гимназии А. А. Оболенской в Петербурге.", "3 Александр Александрович Берс (1844—1921), муж и двоюродный брат Е. А. Берс, отставной полковник, автор воспоминаний о Толстом (см. «Толстой и о Толстом», 2, М. 1925)." ],
  "source" : "Письма. 1897 г."
}