{
  "id" : "111",
  "to" : [ {
    "firstName" : "Т",
    "lastName" : "Сухотиной",
    "paternalName" : "Л",
    "originalEntry" : "* 111. Т. Л. Сухотиной."
  } ],
  "date" : -1977246000000,
  "place" : "Я. П.",
  "content" : "* 111. Т. Л. Сухотиной.\nЕсли придешь, очень хороший, умный корреспондент америка[нский].\nЛ.\n\n",
  "notes" : [ "Дата проставлена адресатом на подлиннике.", "Ответ на записку Т. Л. Сухотиной от того же числа, 7 мая: «Папаша, не надо ли тебя освободить? Я их позову прогуляться, а потом завтракать».", "7 мая 1907 г. к Толстому приезжал редактор-издатель газеты «The New-York Times» Стефан Бонсел (Stephan Bonsol). Толстой беседовал с ним с 10 до 11 часов утра. Бонсел интересовался мнением Толстого о Государственной думе. Толстой высказал ему свой взгляд на парламент и на национализацию земли по проекту Генри Джорджа (см. ЯЗ, запись 7 мая 1907 г.). Свое посещение Бонсел описал в «The New-York Times» 1907 от 7 июля." ],
  "source" : "Письма. 1907 г."
}