{
  "id" : "111",
  "to" : [ {
    "firstName" : "П",
    "lastName" : "Стивенсу",
    "paternalName" : null,
    "originalEntry" : "* 111. П. Стивенсу (P. Stevens)."
  } ],
  "date" : -2227892400000,
  "place" : "Я. П.",
  "content" : "* 111. П. Стивенсу (P. Stevens).\n27 Мая.\nМилостивый Государь,\nОчень благодарю вас зa извещение об оставшихся Духоборах; благодарил бы вас также за все, чтò вы сделали для них, если бы не знал, что за это благодарить излишне. — Я думаю, что вы писали Черткову в Англию об этом деле, и что у него нашлись средства для отправки оставшихся.\nВы очень обяжете меня, если известите о том, чем кончилось это дело. Извините меня, пожалуйста, что замедлил ответом, и примите уверения моего искренняго уважения.\nЛев Толстой.\n",
  "notes" : [ "Печатается по листу копировальной книги, хранящемуся в AЧ. Местонахождение автографа неизвестно. Публикуется впервые.", "Ответ на письмо П. Стивенса, английского консула в Батумѣ, от 8 мая 1899 г. с извещением об оставшихся тринадцати духоборах, которые не были взяты на четвертый пароход из-за обнаружившихся в их семьях случаев заболевания оспой. Предположено было отправить их в Канаду вместе с пятидесятью духоборами Елизаветпольской губернии, не получившими своевременно паспортов. Духоборы имели средства лишь на билеты до Лондона. Если они не получили бы материальной помощи по прибытии в Лондон, им не разрешили бы там сойти с парохода. Уведомляя Толстого, Стивенс одновременно сообщил об этом в Англию В. Г. Черткову. Отставшие духоборы приехали в Канаду в июле месяце того же года. О путешествии этих духоборов см. воспоминания X. Н. Абрикосова «Двенадцать лет около Л. Н. Толстого» (рукопись, хранится в ГТМ)." ],
  "source" : "Письма 1899 г."
}