{
  "id" : "111",
  "to" : [ {
    "firstName" : "Вел",
    "lastName" : "Николаю",
    "paternalName" : "кн",
    "originalEntry" : "111. Вел. кн. Николаю Михайловичу."
  } ],
  "date" : -2106586800000,
  "place" : "Я. П.",
  "content" : "111. Вел. кн. Николаю Михайловичу.\nДорогой Николай Михайлович,\nБлагодарю за ваше письмо и за книгу. Я получил ее, но еще не читал, во 1-х п[отому], ч[то] некогда, во 2-х п[отому], ч[то] ожидаю от чтения ее большого удовольствия и оставляю его на закуску.\nЗдоровье мое идет, как должно итти здоровье человека, хотя и медленно, но равномерно приближающегося к смерти, собирающегося to join the majority, т. е. присоединиться к большинству, как говорят англичане. Но я доволен тем, что могу работать, à tort ou à raison1 думая, что работа моя нужна. В числе моих работ есть и характеристика вашего деда Николая I.2 Я составил было довольно отрицательное представление об его характере и личности, но потом, прочтя подробности об его рождении, как Екатерина любовалась им как чудесным ребенком, и подробности об его смерти, я изменил свои суждения и постарался глубже вникнуть в то, что он был в душе и почему он был таким, каким он был. Хорошо бы было нам при всех суждениях о людях помнить, что каждый из нас был невинным ребенком и каждый умирал или будет умирать. При этом созерцании двух концов жизни каждого человека, тотчас же уничтожается недоброе или поверхностно легкомысленное отношение к человеку.\nПрощайте пока, желаю вам всего хорошего.\nВаш Лев Толстой.\n1 апреля 1903.\n",
  "notes" : [ "Впервые опубликовано в «Литературном наследстве», № 37-38, М. 1939, стр. 315.", "Ответ па письмо Николая Михайловича от 18 марта 1903 г. Одновременно с письмом он послал Толстому первую книгу своего исторического сочинения «Граф Павел Александрович Строганов», СПб. 1903.", "1 [справедливо или нет]", "2 «Хаджи-Мурат», глава о Николае I. См. т. З5." ],
  "source" : "Письма. 1903 г."
}