{
  "id" : "111",
  "to" : [ {
    "firstName" : "А",
    "lastName" : "Зеленому",
    "paternalName" : "А",
    "originalEntry" : "* 111. А. А. Зеленому."
  } ],
  "date" : -3525274800000,
  "place" : "Я. П.",
  "content" : "* 111. А. А. Зеленому. Неотправленное.\nМилостивый Государь\nАлександр Алексеевич.\nЛесной Комитет решил, что проэкт мой1 невыгоден для казны в денежном отношении потому, что, считая стоимость десятины через 90 лет в 150 р. сер., казна при шестилетнем пользовании землей теряет 9 р. 90 к. на культуру десятины, тогда как при теперешнем порядке она расходует только 6 р. 17к. на десятину; потом доказывается, что на очищенной десятине культуры будут хуже, и, наконец, говорится, что представленные обеспечения были бы недостаточны для покрытия потерь казны при неудачности культур. Не отвечая на эти возражения, которые никогда бы не могли быть сделаны, ежели бы Вам угодно было пригласить меня в Комитет, я только желаю сообщить Вам некоторые выводы, вытекающие из ответа Лесного Комитета.\nКазна получает через 90 лет 150 р. сер. с десятины, на которую употреблено 6 р. 17 коп. — Какая же цыфра представляет стоимость этой десятины в продолжение 90 лет? Деньги по существу своему подчиняются везде общему закону процента. Каждая сумма удваивается через 15—17 лет. Через 90 лет какую сумму составляет 6 р. 17 коп. в фондах или акциях? От 400 до 600 руб. сер. В лесах же они дают 150 руб. сер., следовательно от 250 до 450 р. сер. убытка на десятину, кроме расходов, употребленных на содержание корпуса лесничих. — Каким же образом может быть речь о денежном убытке казны при вольном лесонасаждении без платы, когда нормальное положение лесохозяйства казенного есть чистый убыток 400 р. с десятины? Мне скажут, что казна несет эти убытки в видах общей государственной пользы сохранения лесов. Рассмотрим это предложение. В записке своей я говорил, что лесных культур нет и не может быть без очищения земли, и в действительности чистых лесных культур нигде нет, исключая на бумаге. Леса возобновляются только природою, без содействия тех 6 р. 17 к., которые составляют чистый убыток казны на каждую десятину уже не 400, а 600 р. сер. Кроме того, ежели главная цель правительства есть только сохранение лесов, то гораздо удобнее бы было, оценив леса корабельщиками, запретить в них рубки и уничтожить убыточные культуры. Правительство по крайней мере не несло бы убытков с самого капитала, хотя и не получало бы процентов.\nНо при теперешнем положении далеко не достигается и общая государственная цель. Старые леса вырубаются, новые не засаждаются, а ежели засаждаются, то с огромным ущербом. Правительство содержит целый корпус лесничих, огромный капитал, находящийся в земле и лесах, приносит убыток, и выхода из этого положения не предвидится никакого. Естественно представляются вопросы, отчего такое положение? Отчего лесной капитал, приносящий равные всякому другому капиталу проценты и во многих местах Германии, где лес дешевле нашего, и у самих нас в вольных руках, отчего этот капитал не приносит разве никакого процента или убыток при культурах, или самый жалкий процент при природном насаждении? Отчего в тех местах, где помещики находят выгодным засаживать поля лесами, казенные леса уменьшаются? и вся земля, находящаяся под лесами, остается без пользы? <На все эти вопросы я отвечаю одним словом: монополия — самая вредная и безнравственная монополия казны, основанная не на знании дела, не на комерческом обороте, а на власти. До тех пор, пока будет существовать эта монополия, до тех пор пока казенные леса не перейдут в руки вольных промышленников, до тех пор лесное хозяйство не пойдет успешно в России. Единственно>2.... промышленник развести лес на десятине тем более, что в этом будет состоять его прямая выгода, особенно когда ему будет запрещено иметь после 6 или 7 лет покосы и поля на лесосеках. — Мне скажут еще, что с общей государственной точки зрения никто не поручится за не истребление всех лесов в России. На это отвечу, что лучшее ручательство в успешном ходе общего дела есть выгода каждого лица в общем деле. — Кроме того, могут быть оставлены ревизоры для наблюдения за откупщиками, которые и без залогов лишатся значительной выгоды при отобрании у них участков. Ежели рассчет мой верен, то я полагаю, что казне было бы весьма выгодно, разочтя тот ежегодный доход, который она получает с известного леса,3 разложить по десятинно кругом всего и крупного, и мелкого, и срубленного леса и сдать его хоть на 100 лет, за ежегодную плату вольной компании, обязав её при том известными условиями. Кроме целого устава, который может и должен быть написан по этому предмету, главным условием должно быть обязательство со стороны компании не4 пользоваться землей после известного срока по срубке ни как покосами, ни как5 полем. Тогда разведение лучших нужнейших в краю и полезнейших пород леса будет составлять выгоду промышленников. Не говорю о громадных выгодах для целого края, вытекающих из такого порядка, о выгодах финансовых для казны и нравственных для всего государства в упразднении корпуса лесничих. Весьма сожалею, что сам, бывши в Петербурге, не успел изложить подробно всех вытекающих выгод из такого преобразования. — Даже приступить к этому делу я полагаю очень легким и удобным. Написать устав для компании conditio sine qua non,6 публиковать его и пригласить к торгам на целые засеки, начиная с ближайших, находящихся в более населенных местах.\n",
  "notes" : [ "Дата определяется записью в Дневнике под 17 апреля 1858 г., т. 48. Письмо является ответом на выписку из журнала специального по лесной части комитета от 17 января 1858 г. Судя по тому, что оно не окончено и сохранилось среди бумаг Толстого, оно отправлено не было.", "Александр Алексеевич Зеленой (1818—1880) — генерал-адъютант, был в то время товарищем министра государственных имуществ. В 1862— 1872 гг. был министром государственных имуществ.", "1 О лесном проекте Толстого см. т. 5, стр. 259.", "2 Заключенное в угловые скобки перечеркнуто Толстым крестом. Далее в автографе один лист утерян.", "3 Зачеркнуто: разложить его.", "4 Зачеркнуто: не производить", "5 Зачеркнуто: пастбищем", "6 [условие, без которого что-либо не может существовать,]" ],
  "source" : "Письма. 1858 г."
}