{
  "id" : "111",
  "to" : [ {
    "firstName" : "П",
    "lastName" : "Бирюкову",
    "paternalName" : "И",
    "originalEntry" : "* 111. П. И. Бирюкову."
  } ],
  "date" : -2599066800000,
  "place" : "Я. П. авг.",
  "content" : "* 111. П. И. Бирюкову.\nСейчас получил ваше славное письмо, дорогой друг, и чтобы откладывая не не ответить, пишу два слова. Ваше объяснение отношения к миру совсем ясно и прекрасно. Но надо больше — не правда ли? Надо, чтоб это отношение был сам я — дорогой мне я. Я начал набирать,1 но теперь прошу прислать мне всё, чтобы исправить. С вашим письмом получил от Ч[ерткова] и А[нны] К[онстантиновны] хорошие письма.2 У меня б[ыл] Репин, писал портрет3 неделю. Я его еще больше полюбил. Много есть радостного написать. Наши все любят вас, но не так, как я.\nНапишу еще. Л. Т.\n\nНа обратной стороне открытки:\nКострома. Павлу Ивановичу Бирюкову.\n",
  "notes" : [ "Год в дате определяется почтовым штемпелем.", "Ответ на письмо П. И. Бирюкова от 17 августа 1887 г. К письму прилагалась заметка П. И. Бирюкова «О моем отношении к миру».", "1 Книгу «О жизни».", "2 Письмо В. Г. Черткова от 14 августа и письмо А. К. Чертковой, датированное августом.", "3 В этот приезд (9—16 августа) И. Е. Репин сделал несколько зарисовок с Толстого на пашне и написал два портрета Толстого: за рабочим столом и в кресле. Первый из них был оставлен в Ясной Поляне, где он и теперь хранится; второй — в сентябре был отправлен в Петербург. В настоящее время этот портрет находится в Третьяковской галлерее (воспроизводится в настоящем томе)." ],
  "source" : "Письма. 1887 г."
}