{
  "id" : "111",
  "to" : [ {
    "firstName" : "А",
    "lastName" : "Алмазову",
    "paternalName" : "И",
    "originalEntry" : "* 111. А. И. Алмазову."
  } ],
  "date" : -2313082800000,
  "place" : "Я П.",
  "content" : "* 111. А. И. Алмазову.\n13 сентября 1896.\nДавно уже получил ваше письмо, дорогой Алексей Иванович, получил и мед и кругом виноват, что не отвечал и не благодарил вас за гостинец. Простите, пожалуйста, и примите мою благодарность.\nТо, что вы живете тихо, как вы пишете, это лучшее, что может быть с человеком. Не в буре, а в тишине увидал Илья бога. Себе я желал бы жизни потише, но до сих пор такой нет. Спасаюсь в письменной работе, которой отдаюсь весь. Думается, что нужно то, что пишу, и хочется последнее время жизни употребить получше. Прощайте пока.\nЛюбящий вас Лев Толстой.\nЖене,1 детям мой привет.\n\nНа конверте: Воронеж. Алексею Ивановичу Алмазову.\n",
  "notes" : [ "Алексей Иванович Алмазов (1838—1900) — врач-психиатр, сочувствовавший взглядам Толстого, жил в своем имении Алмазовке Воронежской губ., где занимался разведением сада и пчеловодством.", "1 Ольга Васильевна Алмазова (1849—1908), жена А. И. Алмазова." ],
  "source" : "Письма. 1896 г."
}