{
  "id" : "111",
  "to" : [ {
    "firstName" : null,
    "lastName" : null,
    "paternalName" : null,
    "originalEntry" : "* 111. Козулькову"
  } ],
  "date" : -1904151600000,
  "place" : "Я. П.",
  "content" : "* 111. Козулькову и Федорову.\n30 августа 1909 г. Ясная Поляна.\nЯ думаю, что изучение русской литературы предмет очень мало интересный, не стоящий того, чтобы им заниматься исключительно, и потому я не могу дать никакого ответа на ваши вопросы.\nЗаниматься же полезно, особенно вам, молодым людям, тем, что вы в гимназии не узнаете, а что, между тем, самое важное на свете дело — вопросом религиозным, что думали о значении жизни и о вытекающем из него руководстве поведения мудрейшие люди всех веков и народов: Конфуций, Будда, Лаотзе, Христос и позднейшие христианские мыслители.\n",
  "notes" : [ "Печатается по дубликату подлинника. Имеется черновик, первый абзац которого написан собственноручно, второй — рукой секретаря, а также копия (дубликат?) письма в измененной немного редакции.", "В письме от 25 августа 1909 г. Козульков и Федоров от имени группы учеников астраханской гимназии обратились к Толстому за советом, как вести занятия в их кружке по изучению русской литературы." ],
  "source" : "Письма 1909 г."
}