{
  "id" : "111",
  "to" : [ {
    "firstName" : "А",
    "lastName" : "Краевскому",
    "paternalName" : "А",
    "originalEntry" : "111. А. А. Краевскому."
  } ],
  "date" : -3597591600000,
  "place" : "————",
  "content" : "111. А. А. Краевскому.\nЯ немного увлекся желанием сделать Вам приятное, Милостивый Государь Андрей Александровичу сказав в последний раз, что я был у Вас, что я обещаю в Ваш журнал и в нынешнем году «Роман Русск[аго] Пом[ещика]». Роман этот еще далеко не кончен и не отделан; поэтому ежели Вы будете в числе Ваших сотрудников поминать меня, то пожалуйста не называйте именно что я обещал. В том же, что к Февралю или Марту я непременыо доставлю Вам статью, Вы можете быть уверены.\nИстинно уважающий и преданный\nВам Гр. Л. Толстой.\nЯ пишу Вам потому, что завтра на 28 дней еду в Москву.\n————\n",
  "notes" : [ "Печатается по автографу, хранящемуся в Публичной библиотеке РСФСР в Ленинграде. Фотография автографа имеется в ГТМ. Впервые опубликовано М. А. Цявловским в кн. «Л. Н. Толстой. Юбилейный сборник МТМ», 1929, стр. 57. Датируется содержанием: «завтра на 28 дней еду в Москву». 31 декабря 1855 г. Толстой писал Н. А. Некрасову: «Краевскому напишу». Исполнением этого обещания и является настоящее письмо.", "Андрей Александрович Краевский (1810—1889), известный журналист, редактор-издатель «Отечественных записок» в 1838—1868 гг. Толстой познакомился с ним в ноябре — декабре 1855 г., по приезде в Петербург из Севастополя. Общение их происходило на чисто деловой почве, о чем свидетельствует и печатаемое письмо." ],
  "source" : "Письма. 1855 г."
}