{
  "id" : "112",
  "to" : [ {
    "firstName" : "Л",
    "lastName" : "Сулержицкому",
    "paternalName" : "А",
    "originalEntry" : "* 112. Л. А. Сулержицкому."
  } ],
  "date" : -2227892400000,
  "place" : "Я. П.",
  "content" : "* 112. Л. А. Сулержицкому.\nМилый друг Суллер,1\nПосылаю вам письма Духоборов из Якутска. Передайте их по назначению.2\nТо, что пишу вам только о деле, не значит того, чтобы я не помнил и не любил вас. Напротив, очень, очень люблю. Передайте прежде всего Хилкову мой привет и мою просьбу [извинить]3 за то, что, кажется, не отвечал на последнее письмо его,4 и всем друзьям.\nЛев Толстой.\n27 Мая 1899.\n",
  "notes" : [ "Печатается по листу копировальной книги, хранящемуся в AЧ. Местонахождение автографа неизвестно Публикуется впервые.", "Леопольд Антонович Сулержицкий (1872—1916) — близкий друг семьи Толстых, непосредственный участник переселения духоборов с Кавказа. Сопровождал первый пароход с духоборами из Батума в Канаду и третий пароход с о. Кипра. Пробыл с духоборами в Канаде первый год, принимая близкое участие в их жизни. Дневник путешествия издан под названием: «В Америку с духоборами», изд. «Посредник», М. 1905. См. письма 1896 г., т. 69.", "1 Так звали Сулержицкого и в семье Толстых и в кругу его товарищей по Школе живописи и ваяния, а позднее и в кругу его ближайших товарищей по Московскому художественному театру.", "2 Отказывавшиеся от военной службы духоборы ссылались в Якутскую область на восемнадцать лет. Надеясь на скорое освобождение, семьи некоторых из них переехали в Канаду. Год спустя Толстой хлопотал об их возвращении в Россию. (См. письма №№ 74 и 426.) Сулержицкому в Канаду были отправлены для передачи родственникам письма сосланных в Якутскую область духоборов.", "3 В листе копировальной книги это слово вписано рукой М. Л. Оболенской.", "4 Кн. Дмитрий Александрович Хилков писал Толстому 24 мая н. ст. 1899 г., подробно сообщая о жизни канадских духоборов. Толстой ответил ему 8 июня. См. письмо № 123." ],
  "source" : "Письма 1899 г."
}