{
  "id" : "112",
  "to" : [ {
    "firstName" : "Х",
    "lastName" : "Шопову",
    "paternalName" : "П",
    "originalEntry" : "* 112. Х. П. Шопову."
  } ],
  "date" : -1875639600000,
  "place" : "Я. П.",
  "content" : "* 112. Х. П. Шопову.\n28 июля 10 г. Ясная Поляна.\nЯ очень рад вашему письму. Такие письма, как это, составляют лучшую радость моей жизни. Только могу повторить то, что писал вам. Главное, что нужно для доброй жизни, это то, чтобы приписывать как можно меньше значения вещественным последствиям поступка и мнению людскому, а более всего исполнению требований закона бога, т. е. ясной совести.\nЛев Толстой.\n",
  "notes" : [ "Печатается по копии. На открытке Толстой пометил: Душану. Дата 26 июля определяется пометой Д. П. Маковицкого на открытке Шопова, 28 июля — копией.", "Ответ на письмо (открытку) на болгарском языке ученика 5-го класса Христо П. Шопова из г. Панагорице, в котором он сообщал, что под влиянием книги Толстого «Царство божие внутри вас» намеревается отказаться от военной службы и просит Толстого ответить." ],
  "source" : "Письма 1910 гг."
}