{
  "id" : "112",
  "to" : [ {
    "firstName" : "П",
    "lastName" : "Сергеенко",
    "paternalName" : "А",
    "originalEntry" : "112. П. А. Сергеенко."
  } ],
  "date" : -1948561200000,
  "place" : "Я. П.",
  "content" : "112. П. А. Сергеенко.\n1. Определенное мое и сильное желание избавиться от всей несвойственной мне затеи этого юбилея. И желательно бы было, чтобы никто в этом вопросе не руководился ничем иным, как тем, что мною лично ясно выражено.\n2. Огромное количество писем составляет для меня большую тяжесть тем, что и совестно и больно не отвечать, а вместе и отвечать на все письма нет никакой возможности. Большая часть этих писем — просительные, которые, несмотря на мое заявление о том, что я не могу помогать денежно, приходят всё в большем и большем количестве, — в таком количестве, что я, примерно, прикидывал minimum 500 р. в день. По крайней мере 3/4 — на продолжение образования, с тем чтобы быть полезным народу.1\n3. Смесь. А смесь это то, что сведения, сообщаемые в газетах, — самые не только неверные и преувеличенные, но часто не имеющие никаких оснований, и даже на те из них, которые доходят до него, Лев Николаевич не в состоянии и не желает отвечать, восстановлять справедливость факта. Как образец этого, вот эти сведения, которые мне попались: 1) о том, что я перевожу Виктора Гюго, вызвавшие во французской печати почему-то замечания о том, что я не люблю Гюго,2 тогда как я — великий поклонник его, а переводил из «Post-scriptum de ma vie» рассказ «Un athée»;3 2) упоминание о «новой» повести «Отец Сергий» (по поводу которой я получил также письмо, упрекающее меня в подражании Андрееву), содержание которой мне так чуждо, что я должен был просить напомнить его мне.4\n",
  "notes" : [ "Перепечатывается из Г, 1, стр. 118—119, где впервые опубликовано. Записано H. Н. Гусевым стенографически. Толстым не подписано.", "О Петре Алексеевиче Сергеенко (1854—1930) см. т. 68, стр. 19.", "Комментируемое письмо (записка) продиктовано в день пребывания П. А. Сергеенко в Ясной Поляне. Толстой просил Сергеенко при случае, в какой-нибудь его статье, напечатать это заявление. Сергеенко поручения не выполнил.", "1 См. письмо № 267.", "2 См., например, «Русь» 1908, № 68 от 9 марта.", "3 Рассказ «Un athée» Толстой переводил в начале марта 1908 г. Помещен под названием «Неверующий» во втором издании «Круга чтения». Там же помещены другие переводы и изложения отрывков из произведений Гюго, сделанные Толстым: «Сила детства» (переведено в апреле 1908 г.), «Бедные люди», «Епископ Мириель». Толстой неоднократно указывал, что еще в юности на него оказали большое влияние «Собор Парижской богоматери» и «Отверженные».", "4 В конце марта в столичных газетах появилось сообщение, что Толстой закончил новую большую повесть «Отец Сергий» и что произведение при жизни Толстого напечатано не будет. В некоторых заметках говорилось о сходстве темы с рассказами Леонида Андреева и Арцыбашева. По поводу газетных сообщений Толстой получил укоряющее письмо от Софии Валентиновны Спасской из Москвы от 31 марта 1908 г. (почт. шт.). Письмо осталось без ответа." ],
  "source" : "Письма. 1908 г."
}