{
  "id" : "112",
  "to" : [ {
    "firstName" : "В",
    "lastName" : "Горнунгу",
    "paternalName" : "И",
    "originalEntry" : "* 112. В. И. Горнунгу."
  } ],
  "date" : -2351012400000,
  "place" : "Я. П.",
  "content" : "* 112. В. И. Горнунгу.\nВладимир Иосифович,\nКакой бы я ни дал отзыв о вашем сочинении, колебания ваши не прекратятся. Вопрос о том, посвящать ли свое время писанию, или нет, решается не внешним указанием, а внутренним. И потому, желая вам всего хорошего, советую вам не присылать мне вашей статьи. Пошлите в какую-нибудь редакцию и поверьте, что если статья хороша, ее возьмут. А если даже не возьмут, несмотря на ее достоинства, никакой беды не будет. Вообще советую вам не предаваться своей охоте писания. От того, что вы воздержитесь от писания, а отдадите свою энергию на жизнь, никакой беды не будет, а от развитого желания писать и часто сопутствующего этому желанию тщеславия часто бывают дурные последствия. Желающий вам истинного добра.\nЛ. Толстой.\n2 июля 1895.\n",
  "notes" : [ "Печатается по рукописной копии с автографа, находившегося у В. И. Горнунга.", "Ответ на письмо Горнунга от 20 июня 1895 г., в котором он просил разрешения прислать на отзыв Толстого рукопись какого-то своего литературного произведения." ],
  "source" : "Письма. 1895 г."
}