{
  "id" : "112",
  "to" : [ {
    "firstName" : "Эрнесту",
    "lastName" : "Кросби",
    "paternalName" : null,
    "originalEntry" : "* 112. Эрнесту Кросби (Ernest Crosby)."
  } ],
  "date" : -2072458800000,
  "place" : "Я. П.",
  "content" : "* 112. Эрнесту Кросби (Ernest Crosby).\nDear friend,\nI was glad to have news from you, but am sorry not to be able to give any article to Mr. Wheeler.1 I am anxious to finish the writings that I have began2 and have no leisure to write something else. I thank you for sending me «The Whim».3 I am glad to find there your verses. I have taken lately one of your verses as an epigraph to my article4 on this abominable war which I have already sent to Tchertkoff.\nYour friend Leo Tolstoy.\n\nДорогой друг,\nВаш друг Лев Толстой.\n",
  "notes" : [ "Рад был получить от вас известия, но, к сожалению, не могу дать никакой статьи г. Уилеру.1 Я стремлюсь окончить уже начатое писание2 и не имею времени писать еще и другое. Благодарю вас за присылку «The Whim».3 Мне приятно было найти там ваши стихотворения. Недавно я взял одно из ваших стихотворений эпиграфом к моей, посланной уже к Черткову, статье4 по поводу этой отвратительной войны.", "Печатается по копировальной книге № 6, л. 132.", "Датируется по копировальной книге (письмо скопировано между письмом к А. Ф. Марксу и письмом к А. Кларку от 30 апреля 1904 г.).", "Эрнест Кросби — американец, последователь учения Толстого. См. т. 67, стр. 212.", "Ответ на несохранившееся письмо Кросби.", "1 Сведении об Уилере нет.", "2 В апреле 1904 г. Толстой работал над статьей «Одумайтесь!». Кроме того, он начал писать «Камень главы угла».", "3 «The Whim. A Periodical without a tendency» — журнал, издававшийся в Нью-Йорке Кросби и Бенедиктом Притом (Benedict Prieth). Толстой поместил в «Круге чтения» одно изречение из этого журнала.", "4 Стихотворение Кросби, которое начинается словами: «Я сознаю в себе силу, которая со временем преобразит мир», помещено эпиграфом к X главе статьи «Одумайтесь!» и в «Круге чтения» под 27 января. Стихотворение это взято из книги: «Plain Talk in Psalm and Parable». By Ernest Crosby. The Brotherhood Publishing Company, London, 1899." ],
  "source" : "Полное собрание сочинений. Том 75"
}