{
  "id" : "112",
  "to" : [ {
    "firstName" : "А",
    "lastName" : "Толстому",
    "paternalName" : "Л",
    "originalEntry" : "112. А. Л. Толстому."
  } ],
  "date" : -1977764400000,
  "place" : "начало. Я. П.",
  "content" : "112. А. Л. Толстому.\nМилый сын Андрюша,\nЧто ты делаешь?\nТы губишь и других и себя — других еще сомнительно, но себя ты губишь наверное.\nРазве можно будет тебе жить спокойно и знать какие-нибудь радости после того горя и зла, которые ты сделаешь стольким людям, в том числе и той женщине, которой ты увлечен. Если ты сделаешь то, что намереваешься, тебе останется одно: ни минуты не опоминаться. А жить так, ни минуты не опоминаясь, есть самое страшное несчастье.\nТы расстроил свое здоровье, свое состояние, теперь хочешь погубить последнее — свою добрую душу.\nНе думай о том, как трудно и тяжело тебе будет остановиться в начатом и отказаться от того, что тебе представляется счастьем и что есть величайшее несчастье. Всё легче того, что тебя ожидает, если ты исполнишь то ужасное дело, которое ты задумал. Ты ослеплен страстью и не видишь и потому верь тем, кто любит тебя и видит ту пропасть, в которую ты готов броситься. Ради бога, подумай, милый Андрюша, хорошенько обдумай один с богом о том, как тебе развязать завязанный тобою узел. Всё можно сделать хорошо и любовно, если делать перед богом. Она, та, которая увлекла тебя и к[отор]ой ты увлечен, как и всякий живой человек, должна быть добра и совестлива и должна понять всё то зло, кот[орое] она может сделать, упорствуя в своем, и то прекрасное доброе дело, кот[орое] она может сделать, отказавшись от него. Уезжай куда-нибудь, поживи один дня три и обдумай, как тебе поступить.\nПишу, главное, чтобы сказать тебе, что ты стоишь на страшном распутьи: вечное страданье и раскаянье или радостное сознанье, что поступил хорошо, что сделал усилье и поборол зло и спас себя и других от больших несчастий.\nЦелую тебя и люблю больше чем прежде, зная, что ты страдаешь.\nЛ. Т.\n\nНа конверте: Гр. Андрею Львовичу Толстому.\n",
  "notes" : [ "Впервые опубликовано с датой май — июнь в юбилейном сборнике «Лев Николаевич Толстой», Гиз, М. — Л. 1928 [1929], стр. 78—79. Основание датировки: судя по содержанию, письмо написано раньше письма к М. В. Арцимовичу от 2 июня (см. письмо № 141) и раньше поездки А. Л. Толстого в Англию, для свидания с О. К. Толстой по поводу предстоявшего развода; в Англию он уехал около (не позже) 15 мая; следовательно, письмо написано в начале мая.", "Об Андрее Львовиче Толстом (1877—1916) см. т. 83, стр. 246. С начала 1907 г. А. Л. Толстой служил чиновником особых поручений при тульском губернаторе. Вскоре после знакомства с тульским губернатором, М. В. Арцимовичем, А. Л. Толстой начал ухаживать за его женой, Е. В. Арцимович, и вскоре стал вопрос о разводе и новом браке. А. Л. Толстой собирался ехать в Англию для переговоров со своей первой женой, О. К. Толстой, разрыв с которой еще не был оформлен. Е. В. Арцимович обо всем рассказала своему мужу. Комментируемое письмо написано по этому поводу." ],
  "source" : "Письма. 1907 г."
}