{
  "id" : "112",
  "to" : [ {
    "firstName" : "П",
    "lastName" : "Столыпину",
    "paternalName" : "А",
    "originalEntry" : "112. П. А. Столыпину"
  } ],
  "date" : -1904151600000,
  "place" : "Я. П.",
  "content" : "112. П. А. Столыпину. Черновое.\nПишу вам об очень жалком человеке, самом жалком из всех, кого я знаю теперь в России. Человека этого вы знаете и, странно сказать, любите его, но не понимаете всей степени его несчастья и не жалеете его, как того заслуживает его положение. Человек этот — вы сами. Давно я уже хотел писать вам и начал даже письмо писать вам не только как к брату по человечеству, но как исключительно близкому мне человеку, как к сыну любимого мною друга.1 Но я не успел окончить письма, как деятельность ваша, всё более и более дурная, преступная, всё более и более мешала мне окончить с непритворной любовью начатое к вам письмо.2 Не могу понять того ослепления, при котором вы можете продолжать вашу ужасную деятельность — деятельность, угрожающую вашему материальному благу (потому что вас каждую минуту хотят и могут убить3), губящую ваше доброе имя, потому что уже по теперешней вашей деятельности вы уже заслужили ту ужасную славу, при которой всегда, покуда будет история, имя ваше будет повторяться как образец грубости, жестокости и лжи. Губит же, главное, ваша деятельность, что важнее всего, вашу душу. Ведь еще можно бы было употреблять насилие, как это и делается всегда во имя какой-нибудь цели, дающей благо большому количеству людей, умиротворяя их или изменяя к лучшему устройство их жизни, вы же не делаете ни того, ни другого, а прямо обратное. Вместо умиротворения вы до последней степени напряжения доводите раздражение и озлобление людей всеми этими ужасами произвола, казней, тюрем, ссылок и всякого рода запрещений, и не только не вводите какое-либо такое новое устройство, которое могло бы улучшить общее состояние людей, но вводите в одном, в самом важном вопросе жизни людей — в отношении их к земле — самое грубое, нелепое утверждение того, зло чего уже чувствуется всем миром и которое неизбежно должно быть разрушено — земельная собственность. Ведь то, что делается теперь с этим нелепым законом 9-го ноября,4 имеющим целью оправдание земельной собственности и не имеющим за себя никакого разумного довода, как только то, что это самое существует в Европе (пора бы нам уж думать своим умом) — ведь то, что делается теперь с законом 9-го ноября, подобно мерам, которые бы принимались правительством в 50-х годах не для уничтожения крепостного права, а для утверждения его.\nМне, стоящему одной ногой в гробу и видящему все те ужасы, которые совершаются теперь в России, так ясно, что достижение той цели умиротворения, к которой вы, вместе с вашими соучастниками, как будто бы стремитесь, возможно только совершенно противоположным путем, чем тот, по которому вы идете: во-первых, прекращением насилий и жестокостей, в особенности казавшейся невозможной в России за десятки лет тому назад смертной казни, и, во-вторых, удовлетворением требований с одной стороны всех истинно мыслящих, просвещенных людей, и с другой — огромной массы народа, никогда не признававшей: и не признающей право личной земельной собственности.\nДа, подумайте, подумайте о своей деятельности, о своей судьбе, главное, о своей душе, и или измените всё направление вашей деятельности, или, если вы не можете этого сделать, уйдите от нее, признав ее ложной и несправедливой.\nПисьмо это пишу я только вам, и оно останется никому неизвестным в продолжение, скажем, хоть месяц. С первого же октября, если в вашей деятельности не будет никакого изменения, письмо это будет напечатано за границей.\n",
  "notes" : [ "Печатается по машинописной копии. Продиктовано секретарю. Впервые опубликовано под датой: «июль 1907 г.» в юбилейном сборнике: «JI. Н. Толстой», Гиз, М. — Л. 1928 [1929], стр. 89—90. Основания датировки: запись об этом письме в Дневнике Толстого 31 августа 1909 г. (см. т. 57, стр. 129); дата подтверждается последней фразой письма: «...оно останется никому неизвестным в продолжение, скажем, хоть месяц. С первого же октября... письмо это будет напечатано за границей».", "О Петре Аркадьевиче Столыпине (1862—1911) см. т. 77.", "Столыпинской реакционной аграрной политике, вызывавшей негодование Толстого, особенно в 1908—1909 гг., когда правительство в проведении реформы стало прибегать к самым грубым формам насилия, Толстой безуспешно пытался противопоставить систему единого земельного налога Генри Джорджа. Он писал Столыпину, старался заинтересовать знакомых членов Государственной думы. 27—28 сентября 1909 г. он обдумывал письмо царю о земле, которое не написал. И это письмо к Столыпину, вероятно написанное под впечатлением разговоров с В. В. Тенишевым и В. А. Маклаковым, Толстой не закончил, вспомнив, вероятно, что и предыдущие его письма к Столыпину никакого результата не дали. В тот же день, 30 августа, Толстой в разговоре заметил, что «ему непонятно, как можно серьезно обращаться к царю, к Столыпину, их слушаться» (дневник Д. П. Маковицкого). См.письма к П. А. Столыпину 1907 и 1908 гг., тт. 77 и 78 и в настоящем томе письма №№ 255 и 270.", "1 Отец П. А. Столыпина — Аркадий Дмитриевич Столыпин (1822—1899), тульский помещик, генерал от инфантерии. В Крымскую кампанию был сослуживцем Толстого. Подобное выражение о нем Толстой употребил в письме к брату П. А. Столыпина, А. А. Столыпину, от 20 декабря 1908 г. по поводу его статьи в защиту смертной казни. См. т. 78.", "2 Набросок этого незаконченного письма сделан в Записной книжке 20 июля 1909 г. См. т. 57, стр. 227—228.", "3 На Столыпина было произведено покушение 12 августа 1906 года. В 1911 г. был убит в Киеве Д. Г. Богровым.", "4 Закон 9 ноября 1906 г. о выходе крестьян из общины (столыпинская земельная реформа), по которому предоставлялось крестьянам право закреплять за собой в собственность общинные надельные земли и выделяться на хутора и отруба. Этим законом правительство стремилось создать себе в деревне опору в лице кулачества и подавить крестьянские волнения." ],
  "source" : "Письма 1909 г."
}