{
  "id" : "112",
  "to" : [ {
    "firstName" : "В",
    "lastName" : "Свиджинскому",
    "paternalName" : "Л",
    "originalEntry" : "* 112. В. Л. Свиджинскому."
  } ],
  "date" : -2106586800000,
  "place" : "Я. П.",
  "content" : "* 112. В. Л. Свиджинскому.\nВладимир Лаврентьевич,\nСтихи ваши очень плохи. Не советую вам заниматься писательством. По тому, что вы прислали, я вижу, что у вас нет к этому дарованья.\nПростите, если мой ответ огорчит вас.\nЛев Толстой.\n1903. 1 апреля.\n",
  "notes" : [ "Печатается по копировальной книге № 5, л. 157.", "Владимир Лаврентьевич Свиджинский (р. 1877) — крестьянин, ремесленник, приславший при письме от 10 марта 1903 г. для отзыва «свои ничтожные стихи»." ],
  "source" : "Письма. 1903 г."
}