{
  "id" : "112",
  "to" : [ {
    "firstName" : "Д",
    "lastName" : "Колбасину",
    "paternalName" : "Я",
    "originalEntry" : "* 112. Д. Я. Колбасину."
  } ],
  "date" : -3523978800000,
  "place" : "конец — начало.",
  "content" : "* 112. Д. Я. Колбасину.\nПишу три слова о деле, любезный Дмитрий Яковлевич: 1) Свешников и кой кто из Москов[ских] книгопродавцев хотели взять несколько сот экз[емпляров] с уступкой. Ежели бы вы к таким книгопродавцам написали, может почти все и разошлось бы. — 2) Ежели у вас есть сколько нибудь моих денег, то купите и привезите мне 100 сигар cabanos в 12 р. с. от Фейка на Невск[ом] у Аничкова и мыла Société Hygiénique несколько кусков. —\nВаш Гр. Л. Толстой.\nЯ вас жду с попутчик[ом].\n",
  "notes" : [ "Датируется пометой Д. Я. Колбасина на письме: «Получ. в мае 1858 года» и содержанием. Толстой отвечает на письмо Колбасина от 21 апреля 1858 г., в котором Колбасин писал, что уезжает из Петербурга в конце мая, а потому им «не мешает объясниться» (относительно продажи «Детства и отрочества»)." ],
  "source" : "Письма. 1858 г."
}