{
  "id" : "112",
  "to" : [ {
    "firstName" : "Софье",
    "lastName" : "Толстой",
    "paternalName" : "Андреевне",
    "originalEntry" : null
  } ],
  "date" : -2963674800000,
  "place" : "— Москва.",
  "content" : "112.\nПишу нынче вечером, в 10 часов, в субботу, от Нагорнаго. Приехал хорошо, хотя и не спал. Сейчас же поехал в типографию, сдал рукопись и велел принести опять поправить.1 Видел Цветкова,2 но к Каткову не пошел. Просидел у Вари3 до 4-х часов и поправил принесенныя в 2 коректуры. Дьяков приезжал, и я к нему пошел обедать. Дьяковы ехали кататься на тройках с Колок[ольцовыми] в 8 часов и довезли меня до Каткова. У Каткова просидел до 9 и пришел пешком домой и сейчас ложусь спать. С Катковым о деньгах не говорил; он, вероятно, пришлет. —\nОн хвалит то, что набрано. Я еще поправил здесь. Завтра напишу еще. Прощай, душенька, только ты будь здорова. Детей целую, Реямъ4 кланяюсь.\nЛ. Т.\n\nДьяковым почти обещал приехать ужинать в Слав[янский] Базар,5 да раздумал.\nУ Соловьева6 денег нет. Айе7 заказал сертук.\n",
  "notes" : [ "Печатается по автографу, хранящемуся в АТБ. Впервые опубликовано по копии, сделанной С. А. Толстой, в ПЖ, стр. 589—590. Датируется по содержанию: 1) в письме сказано: «Реям кланяюсь»; m-lle Rey жила с братом в Ясной поляне с ноября 1875 г. по сентябрь 1876 г.; 2) корректуры в связи c Катковым следует отнести к печатанию «Анны Карениной», которое в указанный промежуток времени имело место в январе, феврале, марте и апреле; 3) последние два месяца отпадают в связи с упоминанием катанья на тройках — не может быть в марте (пост) и апреле (весна); 4) гулянье с Дьяковыми и Колокольцовым указывают на помолвку М. Д. Дьяковой, что сближает по времени данное письмо с письмом от 9—15 февраля.", "1 Вероятнее всего речь идет о второй половине третьей части «Анны Карениной». «Русский вестник» № 1 за 1876 г., где печаталась данная часть романа, вышел 2 февраля 1876 г.", "2 Из Катковской типографии.", "3 Варвара Валерьяновна Нагорнова.", "4 Jules Rey (Жюль Рей) (р. 1848?), швейцарец из Фрейбургского кантона, католик, гувернер старших сыновей Толстых. Жил в Ясной поляне с 4 июня 1875 г. по январь 1878 г. Отказано ему было за то, что он «завел амуры с Анни» (письмо С. А. Толстой Кузминской от 14 января 1878 г.) Его сестру С. А. Толстая охарактеризовала следующим образом: «маленькая, сутуловатая, в черном люстриновом фартуке, белокурая и похожая скорее на прислугу, чем на гувернантку. Голос вкрадчивый, речи льстивые, манеры кошачьи» («Моя жизнь» II, стр. 450—451; не напечатано).", "5 Гостиница и ресторан на Никольской улице в Москве.", "6 Книгопродавец Соловьев, на складе которого находились следующие издания Толстого: полное собрание сочинений (1873 г.), «Война и мир», «Азбука», «Новая азбука» и «Книги для чтения».", "7 Филипп Айе, портной, жил на Тверской в доме Варгина. «Айе лучший французский портной в Москве. Л. Н. дома, в деревне носил блузы, больше серые фланелевые илй суровые из небеленого полотна, которые я ему сама шила. Когда же Л. Н. ехал в город, он носил платья очень изящные от лучших портных. До сих пор хранятся у меня [в 1919 г.] и сюртук от Айе и шуба черного медведя и многое другое платье» (н. п. С. А)." ],
  "source" : "Письма к С. А. Толстой 1862-1910 гг."
}