{
  "id" : "112",
  "to" : [ {
    "firstName" : null,
    "lastName" : null,
    "paternalName" : null,
    "originalEntry" : "* 112. Членам Минской городской общественной библиотеки им. А. С. Пушкина."
  } ],
  "date" : -1919444400000,
  "place" : "Я. П.",
  "content" : "* 112. Членам Минской городской общественной библиотеки им. А. С. Пушкина.\n6 марта 1909 г. Ясная Поляна.\nБлагодарю членов Минской городской общественной библиотеки за избрание меня почетным членом.\n",
  "notes" : [ "Печатается по дубликату подлинника, вклеенному в копировальную книгу № 8, л. 539.", "В письме от 1 марта общее собрание членов Минской городской библиотеки им. А. С. Пушкина сообщало об избрании Толстого почетным членом библиотеки." ],
  "source" : "Письма 1909 г."
}