{
  "id" : "112",
  "to" : [ {
    "firstName" : "И",
    "lastName" : "Дмитриеву",
    "paternalName" : "Э",
    "originalEntry" : "* 112. И. Э. Дмитриеву Мамонову."
  } ],
  "date" : -2313082800000,
  "place" : "Я П.",
  "content" : "* 112. И. Э. Дмитриеву-Мамонову.\nПисьмо ваше,1 Иван Мануилович, я получил очень давно, но не отвечал на него, отчасти п[отому] ч[то] был очень занят и потом нездоров, главное же — оттого, что на поставленные вами вопросы невозможно отвечать письменно: некоторые вопросы неясно поставлены, а некоторые требуют слишком длинных разъяснений. Если, как вы пишете, заедете ко мне, очень рад буду побеседовать с вами и высказать то, что знаю о занимающих вас вопросах. Я вас знаю и рад буду познакомиться.\nЛев Толстой.\n13 сент. 1896.\n",
  "notes" : [ "Печатается по листу 73 копировальной книги.", "Иван Эммануилович Дмитриев-Мамонов (р. 1862?) — сын художника Эммануила Александровича Дмитриева-Мамонова (1823— 1883).", "1 Это письмо неизвестно." ],
  "source" : "Письма. 1896 г."
}