{
  "id" : "112",
  "to" : [ {
    "firstName" : "Я",
    "lastName" : "Полонскому",
    "paternalName" : "П",
    "originalEntry" : "112. Я. П. Полонскому."
  } ],
  "date" : -2263748400000,
  "place" : "Москва.",
  "content" : "112. Я. П. Полонскому.\nДорогой Яков Петрович,\nПо разным признакам я вижу, что вы имеете ко мне враждебное чувство, и это очень огорчает меня. Люди идут совершать обряд говения и просят прощения и прощают; в евангелии сказано: если принес дар и вспомнил, что брат твой....1 поди и помирись...,1 то как же нам с вами, уже по нашим годам идущим уже не говеть и не приносить дар, а идущим на суд того, кто нас послал в эту жизнь, не желать уничтожить в нас недоброе, нелюбовное чувство, если оно закралось нам в сердце.\nМне уничтожать в себе недоброе чувство к вам нечего, п[отому] ч[то] его нет и не было. Я всегда, как полюбил вас, когда узнал, так и продолжал любить. Мне поэтому-то и особенно больно и даже удивительно ваше недоброе чувство ко мне. Если я ошибаюсь, то это будет для меня большая радость. А то, кроме того, что больно вызывать недобрые чувства в человеке, кот[орого] любишь, особенно обидно то, что вы получили ко мне дурное чувство с тех пор и как будто за то, что я постарался быть лучше и, откинув все другие соображения, употребил все силы на то, чтобы, как могу и умею, исполнять волю того, кто меня послал в жизнь и к которому я очень скоро должен пойти. Я мог ошибаться в этом искании лучшей жизни и более полного исполнения воли бога, но я знаю, что руководило и руководит мною одно это желание, и потому хороший и добрый человек, как вы, никак не может за это разлюбить человека.\nОчевидно, тут есть какое-то недоразумение, и я очень желал бы, чтобы оно разрушилось. Пожалуйста, простите меня, если считаете, что я в чем-нибудь виноват перед вами, и не будьте дурно расположены ко мне. Мне и всегда было мучительно больно чувствовать и знать, что я виновник вызванного моими слабостями дурного чувства, а теперь, когда всякий день по несколько раз думаю и готовлюсь к смерти, это для меня особенно мучительно.\nТак, пожалуйста, дорогой Яков Петрович, простите и не нелюбите меня.\nЛюбящий вас\nЛ. Толстой.\n7 апреля 1898.\n\nНа конверте: Петербург.2 Якову Петровичу Полонскому.\n",
  "notes" : [ "Впервые опубликовано в сборнике «Толстой и о Толстом», 1, стр. 31—32.", "Яков Петрович Полонский (1820—1898) — поэт. Знакомство Толстого с Полонским состоялось в середине 1850-х гг., по приезде Толстого в Петербург из Севастополя. В 1857 г. они встречались в Баден-Бадене; в 1881 г. виделись в имении Тургенева в Спасском, куда Толстой приезжал 9—10 июля после примирения с Тургеневым (см. т. 49). После 1881 г., живя по зимам в Москве, Толстой несколько раз виделся с Я. П. Полонским. Консерватор и православный по взглядам, Полонский не прощал Толстому его резкой критики церкви и государства. В 1895 г. по поводу вышедшего за границей сочинения Толстого «Царство божие внутри вас» Полонский напечатал в «Русском обозрении» (№№ 4—6) полемическую статью: «Заметки по поводу одного заграничного издания и новых идей графа Л. Н. Толстого». После появления в «Вопросах философии и психологии» статьи Толстого «Что такое искусство?», Полонский написал резкую статью, о которой стало известно Толстому. П. А. Сергеенко предполагает (см. «Как живет и работает гр. Л. Н. Толстой», М. 1908, изд. 2-е, стр. 95), что эта статья Полонского вызвала со стороны Толстого данное письмо; но можно думать, что Толстому стало известно доброжелательное отношение Полонского к гонимым духоборам, а также то, что он был болен. М. О. Меньшиков писал Толстому 6 апреля 1898 г., что, по словам Ухтомского, Полонский собирается писать свои воспоминания о духоборах. «Но когда Ухтомский заметил, — писал М. О. Меньшиков, — что Вы принимаете участие в этом деле, Полонский замахал руками и чуть ли не отказался от своего намерения». 29 июня 1898 г., уже после обмена письмами между писателями, М. О. Меньшиков, сообщая о своем посещении Полонского в Либаве, писал: «Очень меня тронул Яков Петрович своим совсем юношеским рвением за сектантов...» По сообщению Меньшикова, Полонский писал о духоборах Победоносцеву.", "1Многоточие в подлиннике.", "2Далее вписано рукой Т. Л. Толстой: Знаменская 16.", "Я. П. Полонский ответил 14 апреля 1898 г. См. «Летописи», 12, стр. 220—221 (там же напечатана вся сохранившаяся переписка Толстого с Полонским с 1857 по 1898 г)." ],
  "source" : "Письма. 1898 г."
}