{
  "id" : "112",
  "to" : [ {
    "firstName" : null,
    "lastName" : null,
    "paternalName" : null,
    "originalEntry" : "* 112. N. N."
  } ],
  "date" : -2161796400000,
  "place" : "начало Я П.",
  "content" : "* 112. N. N.\nМилостивый государь,1\nМеня очень огорчило ваше письмо тем, что вы высказываете такое несправедливое мнение о Суллержицком, которого, как вы сами говорите, вы не знаете и никогда не видали.2 Суллержицкий человек очень добрый, нравственный и деловитый. И это мнение не меня одного, но и всех тех, которые его знают, некоторые более 10 лет. Я же ничего кроме самого хорошего, благородного, не видал от него и не слышал о нем.\nЧто касается до его отношений к г-же Поль и о том, будто я содействовал их сближению, то это тоже не имеет никакого основания. Я не только никогда не одобрял или не одобрял его намерения относительно этой девушки, но в первый раз из вашего письма узнал о ее существовании, между тем Суллержицкий настолько близок мне, что, если бы он имел намерение жениться, то вероятно сообщил бы мне о том. Из этого вы видите, что я не могу исполнить вашего желания писать госпоже Поль.\nМне очень жаль было видеть из вашего письма, что вы испытываете тяжелое чувство. Позвольте мне, как старому человеку, подать вам совет о том, что если что-н[и]б[удь] удручает вас, то несите эту тяжесть одни, а не обвиняйте других, считая их причиною вашего горя. Поступая так, можно быть очень несправедливым, главное же то, что недобрые чувства к другим людям, как то, которое вы испытываете к Суллержицкому, не только не облегчают тяжести положения или горя, но во много, много раз увеличивают его. Очень бы желал, чтобы вы поверили мне и уничтожили в себе недобрые чувства к Суллержицкому, которых он никак не заслуживает, и нашли бы душевное успокоение.\nПростите, что не своей рукой пишу вам. Я очень нездоров и слаб. Искренне расположенный к вам\nЛев Толстой.\n",
  "notes" : [ "Написано рукой Н. Л. Оболенского, подпись собственноручная. Датируется по содержанию.", "1 Далее редакцией выпущено два слова: имя и отчество адресата.", "2 В письме к Толстому адресат в силу личной заинтересованности крайне резко отзывался о Л. А. Сулержицком. Сулержицкий 15 июля 1901 г. женился на пианистке Ольге Ивановне Поль (р. 1878)." ],
  "source" : "Письма. 1901 г."
}