{
  "id" : "112",
  "to" : [ {
    "firstName" : "Н",
    "lastName" : "Давыдову",
    "paternalName" : "В",
    "originalEntry" : "* 112. Н. В. Давыдову."
  } ],
  "date" : -2303578800000,
  "place" : "1880—1897 гг. Я. П.",
  "content" : "* 112. Н. В. Давыдову.\nНиколай Васильевич,\nПодатель — брат того мужика, которого защищал Грушедкий и дело которого будет слушаться в Черни. Пожалуйста, пожалуйста, замолвите словечко вашему товарищу, кот[орый] едет в Чернь.\nВаш Л. Толстой.\n",
  "notes" : [ "Датируется по почерку и временем пребывания Н. В. Давыдова в Туле.", "О деле, упоминаемом в письме Толстого, сведений не имеется." ],
  "source" : "Письма 1840—1910 гг."
}