{
  "id" : "112",
  "to" : [ {
    "firstName" : "Г",
    "lastName" : "Рубан",
    "paternalName" : "С",
    "originalEntry" : "* 112. Г. С. Рубан-Щуровскому."
  } ],
  "date" : -2289495600000,
  "place" : "Я. П.",
  "content" : "* 112. Г. С. Рубан-Щуровскому.\nПолучил ваше письмо, дорогой Григорий Семенович, и выписки из ваших писем.1 Первые три выписки мне очень понравились; последние же две показались мне неинтересны, не сильно выражены. Я посылаю эти ваши выписки Черткову. Он занимается изданиями за границей. Может быть, воспользуется ими. Нынче зимой один наш друг, Архангельский, тоже фельдшер, только ветеринарный, составил записку,2 в кот[орой] он описывает, почему он не мог продолжать служить. Мотивы его те же, как и ваши, и он очень сильно их выражает.\nЯ очень рад был узнать про вас и всегда буду рад, когда дадите о себе весть. Дай бог вам сил продолжать итти так же твердо и любовно, как вы шли до сих пор, по той дороге, кот[орую] вы избрали.\nБратски приветствую вас.\nЛев Толстой.\n13 июня 97.\n",
  "notes" : [ "Печатается по копии из AЧ.", "Григорий Семенович Рубан-Щуровский (1861—1920) — по профессии фельдшер; с 1885 г. поселился у Н. Н. Ге и занимался земледельческим трудом; был женат на племяннице художника Зое Григорьевне Ге. См. т. 65.", "Письмо Рубана, на которое отвечает Толстой, неизвестно.", "1 Сведений об этих выписках нет.", "2 А. И. Архангельский, «Кому служить?» См. прим. к письму № 2." ],
  "source" : "Письма. 1897 г."
}