{
  "id" : "112",
  "to" : [ {
    "firstName" : "А",
    "lastName" : "Алехину",
    "paternalName" : "В",
    "originalEntry" : "* 112. А. В. Алехину."
  } ],
  "date" : -2463246000000,
  "place" : "Бегичевка.",
  "content" : "* 112. А. В. Алехину.\nДорогой Аркадий Васильевич,\nВ теперешнем положении есть 4 решения.\nОдно решение, единственно истинное, это то, чтобы пойти служить голодающим одною своею жизнью, т. е. не пользуясь ни своими, ни чужими деньгами, стать ниже голодающих — иметь, есть меньше их и все-таки служить им. Это решение несомненно верное и говорить про него нечего, надо исполнять его. И выбирать место тут не к чему. Если кто готов отдать жизнь за друга своя, то жизнь одна и отдать ее недолго и нетрудно. Везде можно и равно.\nДругое решение то, чтобы, считая свою жизнь хорошею, правильной, продолжать ее, не изменяя, вследствие исключительных условий голода. Для того, чтобы принять это решение, необходимо не сомневаться в том, что то, что ты делаешь, и есть то самое, что хочет от тебя бог. Решение это не несомненно. Я пытался принять его, но не выдержал. Вы то же испытываете, желая связать деятельность свою с голодающими. Всегда страшно: не требует ли чего от тебя особенного это исключительное положение.\nТретье решение то, чтобы придти в середину людей нуждающихся и, так как естественно помогать людям тем, чего они требуют — голодающим пищей, а пищу нельзя иначе получить, как деньгами, то, несмотря на сознание греха денег, стать посредником между богатыми и бедными, не боясь самому изгваздаться по уши в нечистоте, связанной с деньгами. Решение это очень сомнительное, Я никак не думал, что изберу его. Но неизбежно был приведен к принятию его, и вот барахтаюсь в условиях, исполненных соблазна и греха, но чувствую, что не могу пока избрать первого решения, не могу, не имея силы духовной; не могу и избрать второго — оставаться безучастным.\nЧетвертое же решение, очень опасное, в том, чтобы, не избрав ни одного, говорить о том, что следует делать и как и, не делая ничего, осуждать и тех, и других, и третьих.\nТак вот каково положение. Если вы спрашиваете меня, где служить, и имеете в виду первое решение, то вопрос ваш излишен; если бы вы имели в виду второе решение — оставаться безучастным, вы бы не спрашивали меня. Четвертого решения вы, с вашей искренностью, не можете принять. И потому остается третье: быть посредником между богатыми и нищими — помогать первым освобождаться — не препятствовать, по крайней мере, быть им Закхеями,1 не бояться испачкаться и пострадать от славы людской, и для вторых, т. е. нищих, делать то простое и неважное дело, но к[оторое] всегда тянет к себе — материально служить их нуждам в той форме, в которой способен это сделать. Что я делаю, устраивая столовые, заботясь об одежде, лошадях, о материальном благе людей, удовлетворяя ему деньгами, которые нам дают, — вы, верно, знаете, а не знаете, то можете догадаться.\nЕсли вам не противно это, то приезжайте, будем вместе делать, помогая друг другу удерживаться от соблазнов, окружающих нас и цепляющихся со всех сторон. Много тут противного, соблазнительного, прямо совестного. Становишься в роль и благодетеля и начальства, но много есть и доброго. Возможно по крайней мере и доброе. Главное то, что я не знаю для себя иного выхода пока. Первого еще не сделал; второго не могу по слабости духовной; четвертое просто противно, п[отому] ч[то] все-таки выше этого. Так вот и решайте, любезный друг.\nЕсли же спрашиваете о том, где больше нужда, то я думаю, что везде одинакова и так тяжела, что хуже едва ли и может быть, если иметь в виду не одно, что есть, а и то, что неизбежно будет.\nЛ. Толстой.\n",
  "notes" : [ "Печается по копии рукой В. Г. Черткова. Дата копии.", "Аркадий Васильевич Алехин (1854—1918) — основатель земледельческой общины Шевелево в Дорогобужском уезде Смоленской губ. См. т. 64 стр. 298.", "Ответ на письмо Алехина из Петербурга от 1 декабря, в котором Алехин просил Толстого указать ему «тот пост», где он мог бы быть полезен и нужен в деле помощи голодающим.", "С середины января 1892 г. Алехин принял участие в помощи голодающим, начав с командировки за хлебом в Черниговскую губ. по поручению Толстого. Вернувшись в Бегичевку, он с 20 февраля поселился в деревне Муравлянке, Скопинского уезда, вместе с Ф. А. Страховым, а после отъезда Страхова принял заведование столовыми Скопинского уезда Рязанской губ., где в селе Горлове, близ станции Кашино, Сызрано-Вяземской ж. д., устроил склад продуктов для 39 столовых.", "1 Евангельский персонаж." ],
  "source" : "Письма. 1891 г."
}