{
  "id" : "113",
  "to" : [ {
    "firstName" : "Н",
    "lastName" : "Страхову",
    "paternalName" : "Н",
    "originalEntry" : "113. Н. Н. Страхову."
  } ],
  "date" : -3002900400000,
  "place" : "Я. П.",
  "content" : "113. Н. Н. Страхову.\nДавно нет от вас писем,1 дорогой Николай Николаевич, и каждый раз с почты жду вашего четкого, мелкого, мне особенно приятного почерка. Кажется, я не виноват перед вами и отвечал на ваши последние письма. Виноват я только тем, что вы так много для меня делаете. Но эту вину вы можете простить, потому что я так высоко ценю вашу помощь. А еще виноват, что не посылаю коректур романа. Не могу и не могу за него взяться. Die Sorge2 одолела меня. Помните во второй части Фауста.3 Забота, не зависящая от дела, от внешнего мира, а болезнь внутренняя — слабость порыва. Мои заботы теперь и семья — все один за другим, дети, жена болеют, и денежные дела. Необходимо надо купить землю, округляющую именье, и надо занимать деньги, и хлопотать по судам, и воспитанье детей (6-й месяц не можем найти гувернантку и учителя), и школы Крапивенского уезда, где я, как член учил[ищного] совета от земства, в больших размерах хочу осуществить свою мысль, и педагогическое школьное дело: хочу устроить и начать семинарию мужицкую у себя в Ясной Поляне,4 и исправление Азбуки для нового издания,5 и составление грамматики и задачника к арифметике. Вы будете бранить меня за это, но, поверьте, что наш брат не может владеть собой. Я знаю, что если я сделал что-нибудь путное, то, что вы находите хорошего, то только тем, что я так устроен, что не могу задавать себе работы, а всегда работа, какая бы то ни было, охватывает меня и влечет куда-то. Иногда, как и теперь, мне кажется, рассуждая, что совсем не туда, куда надо, меня несет, но я опытом знаю, что это только река загнулась, и мне кажется, что назад поехал, я знаю, что она вынесет, куда надо. Завтра я еду в Москву с дочерью. Везу ее к хирургам. Она упала на паркете на голову и сломала ключицу. Опасность миновалась, но надо советы компетентных судей. Кроме того, в Москве хочу предложить в Русский вестник свой роман по 500 р. за лист и с тем, чтобы мне дали 10 т[ысяч] вперед, которые мне нужны для покупки. А кроме того, хочу себя этим связать, чтобы кончить его.\nЯ всё поджидал от вас присылки оттисков статьи. Если они есть, пришлите, пожалуйста.6 Да, сейчас перечел последнее письмо ваше. Вы пишете, согласен ли я уменьшить цену Азбуки? Согласен. А на сколько? Будьте так добры, определите сами. Хоть на половину. Пожалуйста, пишите изредка. Я так дорожу вами. —\nВаш Л. Толстой.\n",
  "notes" : [ "Впервые опубликовано в книге «Лев Николаевич Толстой. Сборник статей и материалов», М. 1951, стр. 677—678. Датируется на основании пометки Страхова на автографе: «4 ноября 1874 г. Ясная».", "1 Последнее письмо Страхова помечено 22 сентября (ПС, стр. 50—52).", "2 [Забота]", "3 Имеется в виду место из пятого действия второй части «Фауста» Гёте, сцена «Полночь», где выведены аллегорические фигуры Нужды, Вины, Бедности и Заботы.", "4 Осенью 1874 г. Толстой был очень увлечен проектом учительской семинарии, которая должна была готовить народных учителей из числа наиболее способных учеников народных школ. Об истории яснополянских «Педагогических курсов» и написанных Толстым «Правилах» для них см. т. 17, стр. 331—335 и 709—712.", "5 В ноябре 1874 г. Толстой начал работу по составлению «Новой азбуки», которая вышла в свет в конце мая 1875 г. Сравнительно со старой «Азбукой» «Новая азбука» имела значительные отличия. В нее был введен отдел постепенного чтения; материал подвергся сокращениям; отдел «Арифметики» отсутствовал вовсе; статьи для чтения были выделены в особые книги — 4 русские (вышли в свет в конце 1875 г.) и 4 славянские (вышли в свет в 1877 г.). В предисловии Толстой писал, что составил азбуку так, чтобы она годилась для обучения по всем способам.", "6 Получил ли Толстой оттиски статьи «О народном образовании», неизвестно. Отвечая Толстому, Страхов писал 8 ноября, что оттиски из типографии «Отечественных записок» им все еще не получены (ПС, стр. 53)." ],
  "source" : "Письма. 1874 г."
}