{
  "id" : "113",
  "to" : [ {
    "firstName" : "Уолтеру",
    "lastName" : "Стивенсону",
    "paternalName" : null,
    "originalEntry" : "* 113. Уолтеру Стивенсону (Walter Stewenson)."
  } ],
  "date" : -2106586800000,
  "place" : "1/14. Я. П.",
  "content" : "* 113. Уолтеру Стивенсону (Walter Stewenson).\nDear Sir,\nI have sent you back your M. S. because I have a longtime ago given my Authorisation to translate, print, dramatize and do all what they whish with my writings and now have nor leisure nor interest to review the translations or dramatizations of my works.\nPlease excuse me for not fulfilling your wish, but truly I can not do it.\nYours truly\nLeo Tolstoy.\n14 April 1903.\n\nМилостивый государь,\nИскренно ваш\nЛев Толстой.\n",
  "notes" : [ "Я отослал вам вашу рукопись потому, что уже давно разрешил всем желающим переводить, печатать, обрабатывать для сцены и вообще делать всё, что им угодно, с моими писаниями и теперь не имею ни времени, ни интереса просматривать переводы или переделки для сцены моих произведений.", "Извините, пожалуйста, что не исполняю вашей просьбы, но я, право, не могу этого сделать.", "14 апреля", "1903.", "Печатается по копировальной книге № 5, л. 147. Дата Толстого нового стиля: в копировальной книге письмо отпечатано среди русских писем от 1 апреля.", "Уолтер Стивенсон — драматург, автор нескольких инсценировок, ставившихся в театре лондонского предместья.", "Ответ на письмо Стивенсона от 7 апреля н. ст. 1903 г. по поводу его переделки для сцены повести Толстого «Ходите в свете, пока есть свет»." ],
  "source" : "Письма. 1903 г."
}