{
  "id" : "113",
  "to" : [ {
    "firstName" : "Еугену",
    "lastName" : "Шмиту",
    "paternalName" : null,
    "originalEntry" : "113. Еугену Шмиту (Eugen Schmitt)."
  } ],
  "date" : -2263748400000,
  "place" : "Москва.",
  "content" : "113. Еугену Шмиту (Eugen Schmitt).\nLieber Freund,\nIch habe mit roten Bleistift einige Worte einschrieben einige ausgestriechen und in Stellen die mir nicht ganz gut übergesetzt schienen Zeichen gemacht. Ich habe das Russische Original nicht bei mir so das ich den Punct 15 nicht wiederherstellen konnte. Wenn sie nach den Holländischen nicht die fehlenden Worte einschreiben können so streichen sie, bitte den ganzen Punkt aus. Die Aufschriften sind sehr gut und die ganze Übersetzung ausgezeichnet klar und schön.\nIch hoffe das Sie frei gesprochen sein werden und so freundlich sein werden mir über den Process. Nachricht geben werden.\nEs wird mich sehr freuen Ihr Blatt das ich so lange nicht gesehen habe zu erhalten.\nIhr Freund L. Tolstoy.\n7/19 April 1898.\n\nДорогой друг,\nВаш друг\nЛ. Толстой.\n",
  "notes" : [ "Я вписал красным карандашом несколько слов, другие вычеркнул, а те места, которые показались мне не вполне хорошо переведенными, обозначил значками. У меня нет под рукой русского оригинала, и потому я не мог восстановить пункт 15-й. Если вы не сможете вставить недостающие слова по голландскому тексту, то вычеркните, пожалуйста, весь этот пункт. Надписи очень хороши, и весь перевод совершенно ясный и хороший.", "Надеюсь, что вы будете оправданы и что будете так добры, сообщите мне о процессе.", "Буду очень рад получить ваш листок, которого я так давно не видал.", "7/19 апреля 1898.", "Печатается по машинописной копии из AЧ. Впервые опубликовано в книге: «Leo Tolstoi. Die Rettung wird kommen». Hander-Verlag. Hamburg 1926, XIX, стр. 53.", "Ответ на письмо Шмита от 8 апреля нов. ст. из Будапешта, в котором Шмит писал, что посылает Толстому свой перевод мыслей Толстого о боге и афоризмов из его дневника, прося пересмотреть перевод. «Одно место из пункта 15, — писал Шмит, — я перевел из голландского текста с пропусками». Далее он сообщал, что 28 апреля состоится слушание его дела в суде по обвинению его в опубликовании антиправительственных статей." ],
  "source" : "Письма. 1898 г."
}