{
  "id" : "113",
  "to" : [ {
    "firstName" : null,
    "lastName" : null,
    "paternalName" : null,
    "originalEntry" : "113. A. M. Хирьякову."
  } ],
  "date" : -1890241200000,
  "place" : "Я. П.",
  "content" : "113. A. M. Хирьякову.\nДавно ничего не знаю про вас, дорогой Александр Модестович, знаю через Фельтена,1 что он видел вас на своем суде, и еще из третьих уст, что Чертков2 виделся с вами в Петербурге. Хочется прямого общения с вами. Как вам живется? Надеюсь, что хорошо, принимая во внимание вашу душевную силу, но иногда и боюсь, что тяготит вас ваше одиночество. Дайте мне знать о своем душевном состоянии. Понимаю, что в вашем положении сознание своей невиновности должно действовать двояко противоположно. Надеюсь, что действует в смысле успокоения и душевного подъема. Я доживаю свои дни очень хорошо не по заслугам: столько дела и как будто нужного делаешь, как умеешь и осиливаешь. Разлука с Чертковым3 тяжела нам обоим, в особенности стеснительна для общего дела. Прощайте. Может быть, до свидания.\nПомнящий и любящий вас\nЛ. Толстой.\n",
  "notes" : [ "Печатается по копии. Датируется на основании записи В. Ф. Булгакова от 7 февраля 1910 г. о получении письма от Фельтена «о тяжелом состоянии находящегося в тюрьме литератора А. М. Хирьякова». См. Дневник В. Ф. Булгакова, стр. 60. Впервые опубликовано в «Летописях», 12, стр. 85.", "Александр Модестович Хирьяков (р. 1863 — ум. в начале 1940-х гг.) — литератор, автор многих статей о Толстом. После Октябрьской революции жил в Варшаве. В 1909 г. А. М. Хирьяков был приговорен к году крепости за редактирование выходившей в 1909 г. в Петербурге газеты «Голос». См. об этом А. Хирьяков, «Три встречи» — «Современник» 1911, 11, стр. 345—366.", "1 См. письмо № 37.", "2 В. Г. Чертков имел свидание с Хирьяковым в Петербургской тюрьме «Кресты» в январе 1910 г.", "3 Имеется в виду запрещение въезда В. Г. Черткова в Тульскую губ., наложенное в административном порядке в марте 1909 г. и снятое в июне 1910 г." ],
  "source" : "Письма 1910 гг."
}