{
  "id" : "113",
  "to" : [ {
    "firstName" : "В",
    "lastName" : "Крашенинникову",
    "paternalName" : "Е",
    "originalEntry" : "* 113. В. Е. Крашенинникову."
  } ],
  "date" : -1875466800000,
  "place" : "Я. П.",
  "content" : "* 113. В. Е. Крашенинникову.\n28 июля 10 г. Ясная Поляна.\nКрашенинникову.\nПрочел вашу статью и отметил в ней то, что особенно понравилось мне, красным карандашом, а то, что не понравилось, черным. В общем мне вся статья очень нравится, но думаю, что она недостаточно обработана для напечатания, разумеется не в России, а вне ее.\nНа две вещи обращу ваше внимание: первое то, что ваше выражение: «служение богу» недостаточно разъяснено для читателя не только не знакомого с вашим пониманием того, в чем вы полагаете это служение, но и прямо отрицающего самое понятие бога, а таких читателей в интеллигентном мире большинство. Второе то, что определение вперед той формы жизни — землевладельческой, которую вы предполагаете, не обосновано и представляется произвольным. Но в общем, повторяю, статья мне очень понравилась и порадовала ваша близость — единство взглядов.\nЛюбящий вас Лев Толстой.\n",
  "notes" : [ "Кроме машинописного подлинника, сохранился черновик-автограф, написанный на двух страницах почтовой бумаги.", "Василий Ефимович Крашенинников (р. 1883) — в 1910 г. студент медицинского факультета Московского университета, впоследствии работал врачом-хирургом в Реутовской больнице близ Москвы.", "Ответ па письмо В. Е. Крашенинникова от 25 июля 1910 г., в котором он писал, что посылает Толстому свою статью «Что такое культура?». Статью Крашенинникова Толстой возвратил автору вместе с письмом после просмотра." ],
  "source" : "Письма 1910 гг."
}