{
  "id" : "113",
  "to" : [ {
    "firstName" : "П",
    "lastName" : "Саханскому",
    "paternalName" : "Т",
    "originalEntry" : "* 113. П. Т. Саханскому."
  } ],
  "date" : -2351012400000,
  "place" : "Я. П.",
  "content" : "* 113. П. Т. Саханскому.\nНе советую вам приезжать ко мне, пот[ому] что должности никакой я не только незнакомому мне человеку, но и знакомым людям приискать не могу; точно так же не могу дать вам совета о том, как устроить вашу жизнь. Пишу это не пот[ому], чтобы не желал быть вам полезным, но пот[ому] что действительно, по много раз повторявшемуся опыту, знаю, что не могу сделать ни того, ни другого, а вместе не желал бы заставить вас тратить и деньги и время и вызывать в вас несбыточные надежды. Желающ[ий] вам истинного добра.\n\nНа обороте: Местечко Хотимск. Могилевской губ. Климовического уез. Петру Трифильевичу Саханскому дер. Долотня.\n",
  "notes" : [ "Датируется на основании почтового штемпеля отправления: «Ясенки Тульск. г. 3/VІІ. 1895» и записи в Дневнике от 4 июля (т. 53, стр. 45). Ответ на письмо от 16 июня 1895 г. Петра Трефильевича Саханского из местечка Хотимск Могилевской губ." ],
  "source" : "Письма. 1895 г."
}