{
  "id" : "113",
  "to" : [ {
    "firstName" : "А",
    "lastName" : "Каневскому",
    "paternalName" : "И",
    "originalEntry" : "* 113. А. И. Каневскому."
  } ],
  "date" : -2313082800000,
  "place" : "",
  "content" : "* 113. А. И. Каневскому.\nГлавное же то, что человеку, и вам и мне, нужно прежде всего сейчас, в том положении, в котором я нахожусь, жить наилучшим образом, нынче, сейчас. А загадывать вперед, устраивать свою жизнь я не имею права, да и возможности. Живи сообразно с тем светом, к[оторый] есть в тебе, и жизнь втолкнет тебя в ту самую форму жизни, к[оторая] тебе свойственна. Человек ходит, бог водит. Письмо Новоселова очень грустное явление. Я знаю про это и очень жалею его.\nПрощайте. Желаю вам всего хорошего.\nЛюбящий вас Л. Толстой.\n13 сент. 1896.\n",
  "notes" : [ "Первая часть письма не сохранилась, вторая печатается по листу (без номера) копировальной книги.", "Ответ на письмо Каневского из Гжатска Смоленской губ. (почтовый штемпель на конверте: «8/VІІІ 1896»), в котором он писал об отходе М. А. Новоселова от идей Толстого и переходе к церковности и о своем желании «работать на земле» вместе с близкими по духу людьми." ],
  "source" : "Письма. 1896 г."
}