{
  "id" : "113",
  "to" : [ {
    "firstName" : "М",
    "lastName" : "Новоселову",
    "paternalName" : "А",
    "originalEntry" : "113. М. А. Новоселову."
  } ],
  "date" : -2600881200000,
  "place" : "после 11-го. Я. П.",
  "content" : "113. М. А. Новоселову.\nПолучил ваше письмо, милый друг М[ихаил] А[лександрович], и очень порадовался тому, что вы проверяете перевод Евангелия. Я вперед согласен уже был вообще с теми поправками, слишком отдаленно от прежних переводов и хитро переведенных, и согласен с частными случаями — «О субботе и беседе с Самарянкой». Об изгнании из храма не согласен. Почему, долго писать, — увидимся, поговорим. Вообще в переводе моем грубых ошибок не думаю, чтобы было (я советовался с филологом,1 знатоком и тонким критиком), но много должно быть таких мест, как те, которые вы указали, где натянут смысл и перевод искусствен. Это произошло оттого, что мне хотелось как можно более деполяризировать, как магнит, слова церковного толкования, получившие несвойственную им полярность. Исправить это — будет полезным делом.\nЯ всё лето много работал над сочинением о жизни — начал печатать. Здоровье слабеет, но жизнь крепнет и как будто светлеет. Как вы живете? Передайте мой братский поцелуй вашему почтенному деду.2 Что А.?3\nЛюбящий вас Лев Толстой.\n",
  "notes" : [ "Печатается по копии. Впервые опубликовано в журнале «Новый путь» 1903, 1, стр. 10. Датируется на основании письма Новоселова от 10 августа, на которое отвечает Толстой.", "М. А. Новоселов писал по поводу книги Толстого «Соединение, перевод и исследование 4-х евангелий», в которой находил неточности перевода с греческого.", "1 Иван Михайлович Ивакин (ум. 1903); в 1880 г. был учителем у Толстых. См. т. 63, стр. 22.", "2 Григорий Алексеевич Новоселов (ум. 1893), священник.", "3 Так в копии." ],
  "source" : "Письма. 1887 г."
}