{
  "id" : "113",
  "to" : [ {
    "firstName" : null,
    "lastName" : null,
    "paternalName" : null,
    "originalEntry" : "* 113. И. Фомину."
  } ],
  "date" : -1904151600000,
  "place" : "Я. П.",
  "content" : "* 113. И. Фомину.\n30 августа 09 г. Ясная Поляна.\n1 Получение таких писем, как ваше, составляет лучшую радость моей жизни. Посылаю вам то, что у меня есть. Всегда буду рад общению с вами.\nЛев Толстой.\n",
  "notes" : [ "Печатается по дубликату подлинника, подпись воспроизводится по машинописной копии с подлинника.", "В письме из г. Ливны Орловской губернии от 28 августа 1909 г. крестьянин Иван Фомин (р. 1885) восторженно благодарил Толстого за его деятельность, главное, за толкование евангелия, и писал о своем стремлении к самосовершенствованию.", "1 В черновике зачеркнуто: Письмо ваше было мне оч[ень] радостно.", "В письме от 21 октября (почт. шт.) И. Фомин благодарил за ответ и писал о том, что его затрудняют при чтении евангелия греческие слова, которые он не понимает. На конверте пометка Толстого: Хор[ошее] письмо. Не удовлетворит ли Д. П. [Маковицкий] его просьбу о греч[еских] словах? Пометки об ответе нет." ],
  "source" : "Письма 1909 г."
}