{
  "id" : "113",
  "to" : [ {
    "firstName" : "И",
    "lastName" : "Трегубову",
    "paternalName" : "М",
    "originalEntry" : "* 113. И. М. Трегубову."
  } ],
  "date" : -2289495600000,
  "place" : "Я. П.",
  "content" : "* 113. И. М. Трегубову.\nПолучил ваши оба письма, дорогой Иван Михайлович, и благодарю, что описываете подробно свою внешнюю жизнь. Я имею теперь представление о том, как вы живете. То, что вы хотите употребить свое уединение на занятия умственные, я очень одобряю, хотя думаю, что при этом никак не надо пренебрегать физическим трудом и советую вам по крайней мере 4 часа в день заниматься какой-либо телесной работой. Вы пишете о тщете аскетизма для победы над плотью. Я тоже думаю так. Для наиболее успешной борьбы с плотью, хотя и не для победы над нею, я думаю, что главное дело в гармоничном естественном упражнении способностей. Я пробовал усталостью физической бороться с плотью — хуже, голодом или тяжелой пищей — тоже хуже, как вы сами знаете; усиленным умственным трудом, религиозным подъемом еще хуже. Наивыгоднейшее состояние для борьбы это приятное, спокойное, не осуждаемое совестью состояние, при кот[ором] употребляешь свои разнообразные способности и силы равномерно, гармонично, не на свое удовольствие, а на служение людям, но служение без напряжения, а без спеха и отдыха и с удовольствием. Ничто так не влечет к наслаждениям плоти, как недовольство собой и эксесы в каком бы то ни было нaпpaвлении. — Только философией по программе я не очень советую вам заниматься. Я бы советовал вам читать только то, что отвечает на возникающие в вас вопросы, а нет вопросов, ничего не читать, а учиться языкам. Вам очень удобно теперь учиться по-немецки. Посвятите на это все свои силы, только этим и занимайтесь. То, что вы считаете нехорошим жаловаться, я совершенно понимаю. Хотя это и очень трудно в вашем положении, надо не пользоваться правилами и отношениями тех учреждений, кот[орые] поставили вас в то положение, в к[оторм] вы находитесь. Помогай вам бог с кротостью и любовью к ним относиться ко всем им.\nОт Е[лены] П[етровны]1 я тоже получил длинное письмо и до получения вашего письма собирался отвечать ей, что и надеюсь сделать нынче. Галя2 мне тоже писала, что она была грустна последнее время. Я уверен, что теперь это уже прошло и что она опять в бодром духе. Я думаю, что это так, судя по последнему письму Ч[ерткова], к[оторый] пишет, что им всем живется хорошо.\nНу, прощайте пока, дорогой друг. Любящий вас\nЛ. Толстой.\n13 июня 1897.\n",
  "notes" : [ "1 Е. П. Накашидзе. Упоминаемое письмо ее к Толстому — от 9 мая. Толстой ответил ей 20 июня. См. письмо № 116.", "2 А. К. Черткова." ],
  "source" : "Письма. 1897 г."
}