{
  "id" : "113",
  "to" : [ {
    "firstName" : "Н",
    "lastName" : "Давыдову",
    "paternalName" : "В",
    "originalEntry" : "* 113. Н. В. Давыдову."
  } ],
  "date" : -2303578800000,
  "place" : "1880—1897 гг. Я. П.",
  "content" : "* 113. Н. В. Давыдову.\nНе можете ли вы, Николай Васильевич, помочь этому бедному интеллигентному человеку,1 помочь достать бесплатный билет до Киева, у него нет ни обуви, ни одежды для пешего путешествия, да он и больной. Если можете, сделайте и на меня не сердитесь. Жму вам руку.\nЛ. Толстой.\n\nКак вы живете? Мы поправляемся.\nЧто дело об убийстве молодого малого?2\n \n",
  "notes" : [ "Датируется по почерку и временем пребывания Н. В. Давыдова в Туле.", "1 О ком здесь идет речь, не установлено. Об этом деле сведений не имеется.", "2 Об этом деле сведений не имеется." ],
  "source" : "Письма 1840—1910 гг."
}