{
  "id" : "113",
  "to" : [ {
    "firstName" : "М",
    "lastName" : "Дудченко",
    "paternalName" : "С",
    "originalEntry" : "113. М. С. Дудченко."
  } ],
  "date" : -1948215600000,
  "place" : "Я. П.",
  "content" : "113. М. С. Дудченко.\nЯсная Поляна.\nПолучил ваше хорошее письмо, милый Митрофан Семенович. Очень рад был прочесть то, что вы пишете в нем, и почувствовать ту любовь, которую вы имеете ко мне, и желаете мне именно самого лучшего, чего только я и могу желать себе.\nОдно могу сказать, что причины, удерживающие меня от той перемены жизни, которую вы мне советуете, и отсутствие которой составляет для меня мучение, что причины, препятствующие этой перемене, вытекают из тех самых основ любви, во имя которых эта перемена желательна и вам и мне. Весьма вероятно, что я не знаю, не умею, или просто во мне есть те дурные свойства, которые мешают мне исполнить то, что вы советуете мне. Но что же делать? Со всем усилием моего ума и сердца я не могу найти этого способа и буду только благодарен тому, кто мне укажет его. И это я говорю совсем не с иронией, а совершенно искренно.\nПрощайте, благодарю вас за вашу любовь ко мне и не только стараюсь, но всей душой отплачиваю вам тем же.\nЛюбящий вас Лев Толстой.\n7 апр. 1908.\n",
  "notes" : [ "Подлинник написан на машинке, подпись и дата собственноручные. Продиктовано в фонограф. Впервые опубликовано в ПТС, II, № 509.", "В письме от 27 марта 1908 г. (почт. шт.), написанном под впечатлением прочитанного им письма Толстого к А. М. Бодянскому (см. № 79), М. С. Дудченко остановился на проблеме согласования убеждений и внешней жизни. По его мнению, этот вопрос стоит теперь перед Толстым сильнее, чем когда-либо. По поводу письма М. С. Дудченко есть запись в Г, 2 (стр. 125) и в ЯЗ (16 апреля)." ],
  "source" : "Письма. 1908 г."
}