{
  "id" : "113",
  "to" : [ {
    "firstName" : "Н",
    "lastName" : "Ге",
    "paternalName" : "Н",
    "originalEntry" : "* 113. Н. Н. Ге (сыну)."
  } ],
  "date" : -2463246000000,
  "place" : "Бегичевка.",
  "content" : "* 113. Н. Н. Ге (сыну).\nСведения о горохе и требования денег за него обращайте Рафаилу Алексеевичу Писареву, Тула, Губернская управа.\nЕсли горох хороший, то за 95 коп. присылайте два вагона. Для отправки требуйте от Писарева свидетельства Красного креста для бесплатного провоза.\nЛ. Толстой.\n",
  "notes" : [ "Печатается по копии рукой П. И. Бирюкова из AЧ. Дата копии.", "Написано в дополнение к отправленному из Москвы письму, № 110.", "H. Н. Ге отвечал в письме от 14 декабря (почт. шт. ): «...Вчера я получил от Вас открытое письмо, в котором Вы пишете, чтобы я обратился к Писареву за свидетельствами. Но я уже три дня тому назад купил второй вагон гороху и телеграфировал тогда же Софье Андреевне, чтобы она выслала свидетельства, так что теперь уже лишнее писать Писареву»." ],
  "source" : "Письма. 1891 г."
}