{
  "id" : "113",
  "to" : [ {
    "firstName" : "Т",
    "lastName" : "Кузминской",
    "paternalName" : "А",
    "originalEntry" : "* 113. Т. А. Кузминской."
  } ],
  "date" : -2018804400000,
  "place" : "Я. П.",
  "content" : "* 113. Т. А. Кузминской.\nСоня дала мне это письмецо, чтобы снести его вниз, а я нашел, что неприятно посылать открытую карт[очку] с портретом. Вложил в конверт, а кстати пишу тебе, что по-старому тебя помню и люблю.\nЛев Толстой.\n1906. 11 янв.\n",
  "notes" : [ "Приписка к письму С. А. Толстой, написанному на открытке с ее портретом (домашняя фотография).", "О Татьяне Андреевне Кузминской (1846—1925) см. т. 83, стр. 15—16." ],
  "source" : "Письма. 1906 г."
}