{
  "id" : "113",
  "to" : [ {
    "firstName" : "Аллену",
    "lastName" : "Кларку",
    "paternalName" : null,
    "originalEntry" : "* 113. Аллену Кларку (Allen Clarke)."
  } ],
  "date" : -2073927600000,
  "place" : "30/мая Я. П",
  "content" : "* 113. Аллену Кларку (Allen Clarke).\nDear friend Allen Clarke,\nI was glad to have news from you. I wish success to your scheme. It is the beginning of a great and very important work which will be done sooner or later. Your book translated in russian is very much apreciated. Now I will try to translate one of your novels. I have not yet read them but judging by the opinions of the press and my own based on the book what I know — they must have the same merits as the «Factory System».1\nYour friend Leo Tolstoy.\n13 May 1904.\n\nДорогой друг Аллен Кларк,\nВаш друг Лев Толстой.\n",
  "notes" : [ "Рад был получить от пас письмо. Желаю вашему замыслу успеха. Это — начало большого и очень важного дела, которое будет сделано рано или поздно. Книга ваша, переведенная на русский язык, пользуется большим успехом. Теперь постараюсь перевести один из ваших романов. Я еще не читал их, но, судя по отзывам печати и моему личному мнению, основанному на известной мне книге, они должны обладать теми же достоинствами, что и «Factory System».1", "13 мая 1904.", "Печатается по копировальной книге № 6, л. 133. Впервые опубликовано в английской газете «Northern Weekly» от 28 мая н. с. 1904 г.", "Чарльз Аллен Кларк (р. 1863) — английский журналист, писатель и издатель. Псевдоним Teddy Ashton.", "Лично с Толстым знаком не был. Ответ на письмо Кларка от 20 апреля н. с. 1904 г., в котором он писал о своем желании создать в Англии организацию, целью которой будет устройство колоний для возвращения людей к земледельческому труду.", "1 Allen Clarke, «The Effects of the Factory System», Grant Richards, London, 1899. В этом издании книга имеется в яснополянской библиотеке (см. т. 72, стр. 290). Книга прислана Моодом по просьбе Толстого. В 1904 г. вышла на русском языке: Аллен Кларк, «Фабричная жизнь в Англии», изд. «Посредник», М. 1904." ],
  "source" : "Полное собрание сочинений. Том 75"
}