{
  "id" : "113",
  "to" : [ {
    "firstName" : "П",
    "lastName" : "Бирюкову",
    "paternalName" : "И",
    "originalEntry" : "113. П. И. Бирюкову."
  } ],
  "date" : -2508001200000,
  "place" : "Я. П.",
  "content" : "113. П. И. Бирюкову.\nСпасибо, милый друг, за скорый ответ и за содержание его. Это не совсем то, чего я желаю, но и то хорошо, и за то спасибо. Вот то, что про меня говорят: что я вместо того, чтобы жить хорошо, живу дурно и из своей дурной жизни пишу советы, как жить хорошо, вот это верно и то, что нужно мне. И другое всё верно, но это то, что нужно, настоящее указание греха. Кабы еще, да побольше. Кольнуло меня, п[отому] ч[то] правда, и подействовало. Будем помогать друг другу. Помогайте мне. Ко мне обращаются за помощью, а мне ее как нужно: — Я очень рад за вас обоих, что Е[вгении] И[ванович]1 у вас, целую его. Если ваша любовь с И[ваном] Д[митриевичем]2 не нарушена то всё хорошо. Я живу так, как мне следует. Целую вас.\nЛ. Т.\nКак хорошо бы продолжать и написать то, что вы начали.3\nНедавно узнал, что в 70-х годах нашего столетия в Италии в горах жили люди под руководством одного человека Лазарони,4 исповедовавшие непротивл[ение] злу и практическое христ[ианство]. Им велено б[ыло] разойтись. Они не послушались. В них стреляли и убили нескольких и Лазарони. Мне обещали подробные сведения.\nЕще есть «Назарены»5 в Сербии, основалось в 50-х годах. О них есть где-то у меня сведения в письме — очень краткие. При этом же нужно бы собрать всё, что у нас зародилось и зарождается: Сютаев, казак в Сибири (помните рукопись, кажется Морозова6), Зосима,7 Емельян8 и мн[огие], мн[огие] др[угие]. Такой сборник, сначала исторический с краткими описаниями учений так называемых ересей и с выставлением главного — практически-христ[ианского] значения, и потом — современных проявлений того же — была бы драгоценная книга. В предисловии надо бы подчеркнуть то, что как было христианство в его начале при Хр[исте], и при апостолах, и при мучениках — всегда смиренно, тайно почти, так оно осталось и до конца, таково оно и теперь; с тою только разницей, что оно прежде захватывало десятки, а теперь захватывает десятки тысяч людей. И что торжествующим, блестящим, победным, каким его представляют церкви, оно никогда не было и по свойству своему не может быть. — Оно по свойству своему смиренно и незаметно. Оно и душу человеческую и всё человечество захватывает без треска, так, что и не знаешь, когда оно вошло и окрепло.\nЗамечали ли вы проницательность злобы, того, что мы называем злобой, но что есть не что иное, как не в своем месте, запутавшаяся та же доброта и любовь, к[оторою] жив мир. Я это говорю по случаю той пользы, к[оторую] мы всегда получаем от осуждений, и тем большую, чем больше они проникнуты злобой. Это как какая-то серная кислота, к[оторая] выедает грязь во всех закоулочках. Чем ядовитее, тем лучше. Коли бы мы были чисты, на нас бы не стали употреблять этой серной кислоты, а то наша гадость, вызывая ее, вызывает чувство испортившейся любви, которая и представляется злобой и выедает и к[оторая] полезна очень, очень. А мы как привыкли угощать людей вином, мясом, обкармливать их, думая делать им пользу, так мы и обкармливаем их лестью. А любя, надо дать им попоститься, поголодать и почувствовать то, как они воздействуют на других.\nЕсли будете писать вы и Е[вгений] И[ванович], и И[ван] Д[митриевич], пишите так. И я буду, коли хотите. И[вана] Д[митриевича] и Е[вгения] И[вановича] целую.\n",
  "notes" : [ "В отрывках, почти полностью, напечатано в Б, III, стр. 140 и 143—145. Дата определяется записями в Дневнике Толстого 9 июля, о получении им письма от П. И. Бирюкова, и 12 июля: «Написал вчера письмо и послал» (см. т. 51, стр. 60 и 62).", "Ответ на письмо Бирюкова от 6 июля 1890 г., в котором он, исполняя просьбу Толстого, в письме от 30 июня (см. № 101), сообщал Толстому известные ему отрицательные суждения окружающих его людей о жизни и взглядах Толстого. В конце письма Бирюков писал: «Я недавно слышал осуждение вас за то, что вы много пишете писем, отвечая на частные вопросы. Говорилось, что вы поставили себя в ложное положение учителя, оракула, вместо того чтобы самою жизнью отвечать на эти вопросы. Вместо того, чтобы жить, вы пишете рассуждения о жизни».", "1 Е. И. Попов.", "2 И. Д. Ругин.", "3 См. прим. 3 к письму № 5.", "4 Толстой имеет в виду итальянского религиозного проповедника «Общества священной лиги» Давида Лазаретти (1834—1878), которого он ошибочно называет Лазарони.", "5 Назарены — сектанты в Венгрии и Сербии. См. В. Ольховский [В. Д. Бонч-Бруевич], «Назарены в Венгрии и Сербии», изд. «Посредник», М. 1905.", "6 По сообщению Бирюкова, рукопись под названием «За совесть» доставил не Морозов, а ссыльный сектант. По цензурным условиям издана она не была.", "7 Зосима Семенович Широв, арестованный в марте 1881 г. за «непочтительное отношение к властям» и за отрицание церкви. Толстой узнал о нем от А. С. Пругавина. См. А. С. Пругавин, «Религиозные отщепенцы», изд. «Посредник», М. 1906, стр. 145—171.", "8 Емельян Максимович Ещенко. См. прим. к письму № 176." ],
  "source" : "Письма. 1890 г."
}