{
  "id" : "113",
  "to" : [ {
    "firstName" : "Е",
    "lastName" : "Поспеловой",
    "paternalName" : "Д",
    "originalEntry" : "* 113. Е. Д. Поспеловой."
  } ],
  "date" : -1976900400000,
  "place" : "Я. П.",
  "content" : "* 113. Е. Д. Поспеловой.\n11 мая 1907 года,\nЯсная Поляна.\n\nЕкатерина Дмитриевна,\nПонимаю ваше положение и очень бы рад был, если бы мог исполнить ваше желанье. Правда, мне нужно бы было знать верно ваше отношение к религии. Если вы верите в церковное учение, то ответ на ваш вопрос (хотя и очевидно неудовлетворительный) вы нашли бы там. Из того, что вы обращаетесь ко мне, я заключаю, что вы не верите в церковное учение (которое и я считаю очень вредным обманом), и потому постараюсь, как умею, ответить вам, предполагая, что и вы точно так же смотрите на это учение.\n«Венец мученичества», рай и вечная жизнь с богом, всё это басни, тем вредные, что, если человек не верит в них (а верить в них разумному человеку невозможно), что, не веря в них, он так же, как и вы, приходит в полное отчаяние, не имея уже никакого представления о том, что такое смерть, и остается ли что-нибудь от человека после уничтожения его тела.\nПостараюсь вкратце изложить вам мою веру и вытекающее из нее отношение к вопросу о том, что такое смерть, уничтожающая наше тело. Жизнь наша есть проявление духа божьего в наших телах. Смерть есть освобождение этого духа от уз тела. Вложен дух божий в наши тела для какой-то недоступной нам цели. Пока мы живем, мы знаем только то, что должны исполнять волю и закон этого духа, сознаваемые нами и выраженные во всех учениях святых людей и в особенности ясно в учении Христа. Одно, что мы знаем про бога, это то, что он благ, что бог есть любовь. Поэтому и то дело, которое предназначено нам в этой жизни — исполнение его воли — есть дело радостное и дающее нам благо. Такое же дающее нам благо есть и то освобождение от тела, которое мы называем смертью. И потому зло может быть только в том, что мы не исполняем воли бога. То же, что по воле бога случается с нами, никак не может быть злом. А так как смерть случается с нами по воле бога, то она может казаться нам злом, но никак не может быть им.\nВы пишете, что дочь ваша была добра, кротка, прощала своему мужу, который делал ей зло, и умерла в таком же настроении. Такой жизни и смерти можно только радоваться, но никак не печалиться.\nПростите меня, если я, пользуясь тем, что вы обратились ко мне с вопросом, позволю себе дать вам совет и даже осудить вас. Главная причина вашего горя в том, что вы не исполняете закона бога любви ко всем людям и в особенности к врагам, к тем людям, которые сделали нам зло.\nВам не только надо не осуждать вашего зятя, не думать о возмездии ему, а постараться вырвать из своей души всякое недоброе чувство к нему, постараться полюбить его, простить и, если можно, сделать ему добро. Попытайтесь сделать это, и вы увидите, как тотчас же облегчится ваше горе, и то, что мучает вас теперь, сделается для вас радостью.\nВот всё, что умел вам сказать. Простите за неполноту и неясность. Мысли мои об этих предметах выражены много раз в разных моих книгах. Посылаю вам некоторые из них.\n",
  "notes" : [ "Печатается по копировальной книге № 7, л. 333, куда вклеен дубликат подлинника, написанного на машинке. Мелкие собственноручные исправления внесены в дубликат рукой секретаря, подпись не восстановлена.", "Ответ на письмо Екатерины Дмитриевны Поспеловой, рожд. Макуловой (Нижний Ломов Пензенской губ.) от 6 мая 1907 г. Е. Д. Поспелова писала о том, что ее дочь, вышедшая замуж девятнадцати лет, в браке была несчастна. После родов она и новорожденный ребенок были замучены извергом мужем, и она скончалась на одиннадцатом месяце их совместной жизни (в чем именно состояла его вина, в письме не сказано). Дочь Поспеловой, при своей необычайной доброте, не питала к мужу злобы, а родные скрывали от нее его изуверства. Горе матери было безгранично, и ей казалось, что только вера в загробную жизнь могла бы ее примирить с жизнью.", "«Если в Вас есть сердце, если есть хотя капля любви к ближнему, то ради создателя, граф, не откажитесь убедить меня в существовании загробной жизни, где такие добрые существа, как несчастная страдалица и мученица дочь моя, могла бы наследовать венец праведницы. Сознание этого может вернуть меня к жизни и заставить меня замолить мой грех желания себе смерти. Я бы могла, конечно, обратиться к властям, могущим покарать зверские поступки моего недостойного зятя, но, в память моей незлобивой и ангельски доброй дочери, я отстранилась лишь от этой гадины, тем более, что ведь никакая кара над убийцей не вернет уже мне моей страдалицы»." ],
  "source" : "Письма. 1907 г."
}