{
  "id" : "113",
  "to" : [ {
    "firstName" : "Софье",
    "lastName" : "Толстой",
    "paternalName" : "Андреевне",
    "originalEntry" : null
  } ],
  "date" : -2958490800000,
  "place" : "Конец Я. П.",
  "content" : "113.\nИстоминъ1 приехал в 3 часа; когда я только хотел ехать верхом кататься. Он очень мил и очень много выиграл.\nДети ходили гулять, но тепло одеты, и не озябли. Гувернантки очень заботятся. Все вели себя хорошо. Ре с Истоминым играли в шахматы. Илюша без Тани заснул на диване. Мы были с Ист[оминым] на тяге, много стреляли, но ничего не убили. Заколдованные валдшнепы. Боюсь я все за тебя, как бы ты по этому холоду не простудилась.\nПожалуйста, помни, что покупки важны очень, но здоровье твое важнее. И не уставай. Лучше оставайся дольше, но не уставай. Получил письмо от Владимира.2 Они послали Костиньке3 100 рублей. Я утром писал только письма. — Страхову (философское),4 Урусову5 и Бобринскому.6\nПрощай, душенька. Без Тани7 за столом ужасно пусто. Целую тебя, Таничка. Мне без тебя скучно. —\n",
  "notes" : [ "Печатается по автографу, хранящемуся в АТБ. Впервые опубликовано по копии, сделанной С. А. Толстой, в ПЖ, стр. 104. Датируется на основании: 1) слов письма С. А. Толстой Т. А. Кузминской от 6 апреля 1876 г. «после святой [4—11 апреля] еду в Москву за шляпами, башмаками» [Толстой пишет к С. А. Толстой в Москву, куда она уехала с дочерью Татьяной]; 2) в виду слов письма Толстого к Фету от 29 апреля 1876 г.: («из разговоров Марьи Петровны, переданных мне женою»), указывающих на недавно бывшую поездку С. А. Толстой в Москву; 3) упоминания в настоящем письме Толстого о писании письма Н. Н. Страхову. В письме же Страхову, помеченном последним 26 апреля 1876 г., говорится об Истомине («как это сделал недавно Истомин»), а о нем, как находящемся в Ясной поляне, идет речь в настоящем письме.", "1 Владимир Константинович Истомин (1847—1914). «Молодой человек, служивший одно время вместе с братом моим, Александром Андреевичем, в Преображенском полку; потом работал в редакции Каткова. Позднее был директором Московского Воспитательного дома. Последняя служба его была при Московском губернаторе [правителем канцелярии]. Высоко ценил и любил Л. Н-ча» (н. п. С. А.). В конце жизни — крайний реакционер. Перу В. К. Истомина принадлежат: статьи о графе Платове («Русский архив» 1877, II), о Наваринском бое (в связи с книгой Лакроа) (там же, 1877, III), о контр-адмирале Истомине (там же, 1877, I) и другие публикации.", "2 Владимир Александрович Иславин (1818—1895), дядя С. А. Толстой, сын А. М. Исленьева и кн. С. П. Козловской; окончил Дерптский университет; в службе с 1841 г.; в 1860 г. действительный статский советник; в 1861 г. назначен членом совета министра земледелия и государственных имуществ. Этнограф. Автор книги: «Самоеды в домашнем и общественном быту» (Спб. 1847) и обследования земледельческих колоний юга России. О нем некрологи: 1) в «Всемирной иллюстрации» за 1895 г., т. LIII, стр. 487, 2) в «Новом времени» за 1895 г., № 6921. Девять неопубликованных писем Толстого к В. А. Иславину хранятся в ГЛМ. В одном из них Толстой отзывался об Иславине, что он удивлял его «соединением Адуевщины [из «Обыкновенной истории» Гончарова] с самой несвойственной его готовностью делать добро для других».", "3 Константин Александрович Иславин. Он часто нуждался, когда бывал без места. Ближайшие родственники (Иславины, Кузминские, Толстые) ему оказывали материальную помощь.", "4 Николай Николаевич Страхов (1828—1896), критик и философ. Сын священника; получил первоначально духовное образование. В 1851 г. кончил курс по физико-математическому отделению. Был преподавателем физики, математики и естественной истории. В 1857 г. получил степень магистра зоологии. Сотрудничал в журналах «Время» и «Эпоха»; был редактором «Отечественных записок» и «Зари», а также помощником редактора «Журнала министерства народного просвещения». В 1873 г. поступил на службу библиотекарем юридического отделения Публичной библиотеки в Петербурге и вышел в отставку в 1885 г. Его главный философский труд: «Мир, как целое». Автор книги: «Критические статьи о Тургеневе и Толстом» (1885 г.). Познакомившись с Толстым в 1871 г., он стал ему близким человеком. В письме (с пометой Страхова 18 апреля 1878 г.) Толстой писал ему: «Нет человека, которого я больше уважал, чем вас и которому бы желал быть более приятным». По поручению Толстого Страхов редактировал его «Азбуку», эпилог «Анны Карениной» и второе издание этого романа. Часто бывал в Ясной поляне, ездил с семьей Толстых в их Самарское имение, совершил с Толстым поездку в Оптину пустынь. Часть обширной корреспонденции Толстого со Страховым составила второй том издания «Толстовского музея». Спб. 1914. О взаимоотношениях Толстого и Страхова см. Илья Толстой, «Мои воспоминания». М. 1914 (глава XIII) и очерк «Л. Н. Толстой и H. Н. Страхов» в «Воспоминаниях о Л. Н. Толстом» В. Лазурского. М. 1911. Письмо H. Н. Страхову, о котором пишет Толстой, помечено Страховым 26 апреля 1876 г. См. т. 61.", "5 Кн. С. С. Урусов. Письмо это не сохранилось. Ответ на него С. С. Урусова (недатирован) начинается словами: «Вернувшись домой вчера в двенадцатом часу ночи, нашел на столе конверт с любезным мне почерком» (хранится в АТБ).", "6 Гр. Алексей Павлович Бобринский (1826—1894), министр путей сообщения с 1871 по 1874 г., вместе с В. А. Пашковым и бар. Корфом был основателем «Общества поощрения духовно-нравственного чтения», последователь Редстока. Толстой писал С. С. Урусову 21 февраля 1876 г.: «Ha-днях был у меня Бобринский, Алексей Павлович. Он очень замечательный человек и, как нарочно, разговор зашел о религии. Он горячий верующий, и его слова после вас имели на меня то же влияние, чувство зависти к той высоте и спокойствию, которыми вы обладаете». Тогда же Толстой писал А. А. Толстой: «И никто никогда лучше мне не говорил о вере, чем Бобринский» (ПТ, стр. 265). Письмо Толстого Бобринскому неизвестно.", "7 Татьяна Львовна Толстая, уехавшая с С. А. Толстой в Москву." ],
  "source" : "Письма к С. А. Толстой 1862-1910 гг."
}