{
  "id" : "113",
  "to" : [ {
    "firstName" : "Мирзе",
    "lastName" : "Риза",
    "paternalName" : null,
    "originalEntry" : "*113. Мирзе Риза Хану (Mirza Riza Khan)."
  } ],
  "date" : -2161796400000,
  "place" : "10/23. Я П.",
  "content" : "*113. Мирзе Риза Хану (Mirza Riza Khan).\nMon Prince,\nJe vous suis très reconnaissant pour l’еnvои de votre poème. Il est du plus haut intérêt et je crois que la propagation des idées qu’il contient sera d’une grande utilité non seulement pour le peuple persan, mais pour les hommes de tous les continents. Je partage parfaitement l’idée émise par le dernier orateur — l’Oriental, que pour remédier au mal il faut en trouver la cause et tâcher de la supprimer. L’Oriental dit que la cause du mal est l’égoïsme et l’ignorance, mais je voudrais ajouter seulement au mot ignorance — l’ignorance de la vraie religion. Sous le terme de vraie religion j’entends une religion à la portée de tous les hommes, fondée sur la raison commune à tous les peuples et à cause de cela obligatoire pour tous.\nLe principe de cette religion est exprimé dans l’evangile par ces mots: «Fais à autrui ce que tu voudrais qu’on te fît. Ceci est la loi et les prophètes». Si seulement ce principe était reconnu comme unique principe religieux pour tous les hommes, l’égoïsme qui est prêt à sacrifier le bien de son prochain pour atteindre à ces fins disparaîtrait de soi-même. De sorte que je reconnais comme cause du mal en général et des guerres en particulier uniquement l’ignorance de la vraie religion.\nJe ne suis pas non plus tout-à-fait d’accord avec vous sur la fraternité que vous supposez possible entre les états et leurs chefs. Je crois que l’état, formé et soutenu toujours par la violence, non seulement exclut la fraternité, mais en est tout l’opposé.\nSi les hommes sont frères, il ne peut y avoir ni empereur, ni ministre, ni général, ni sujet, ni soldat. Entre frères personne ne peut avoir le droit de commander, ni personne le devoir d’obéir. Tous doivent obéir à Dieu et non aux hommes dont les ordres le plus souvent sont contraires à la loi de Dieu.\nSelon moi les guerres ne finiront que quand chaque individu sera imbu à un tel point du principe religieux de ne pas faire à autrui ce qu’il ne veut pas qu’on lui fasse, que personne ne pourra accepter l’obligation du service militaire, qui n’est pas autre chose que la préparation au meurtre, l’acte le plus contraire au principe de la réciprocité, puisque chaque homme tient plus qu’à tout autre chose à la vie et par conséquent vouloir l’en priver est faire à autrui ce que l’on ne voudrait pas qu’on vous fit.\nJe crois que partout, comme chez vous en Perse les Babistes,1 il y a des gens professant la vraie religion et que malgré les persécutions, auxquelles ces gens sont partout et toujours exposés, leurs idées se propageront de plus en plus et triompheront à la fin de la barbarie et de la férocité des gouvernements et surtout des tromperies, dans lesquelles ils tâchent de tenir leurs peuples. Ce ne seront pas les gouvernements qui aboliront la guerre. Au contraire, les gouvernements tâcheront toujours d’attiser les haines nationales pour rendre nécessaires les armées, qui seules constituent leur force et leur raison d’être.\nLa guerre ne peut etre abolie que par les individus qui en souffrent. Elles ne seront abolies que quand la vraie religion sera tellement répandue que la majorité des hommes sera prête à souffrir plutôt la violence, que de l’employer et en refusant le service militaire rendra par là la guerre absolument impossible.\nEn vous remerciant encore une fois pour votre lettre et votre poème je vous prie, mon Prince, de recevoir l’expression de ma parfaite considération et de mes sentiments distingués.\nJe ne vous écris pas de ma propre main, parce que étant malade je suis alité.\nLéon Tolstoy.\nJuillet 10/23.\n1901.\nToula. Russie.\n\nКнязь,\nЛев Толстой.\n",
  "notes" : [ "Очень благодарен вам за присылку вашей поэмы. Она представляет высокий интерес, и я думаю, что распространение мыслей, которые она заключает, послужит на великую пользу не только для персидского народа, но и для людей всех стран. Я совершенно разделяю мысль, выраженную последним оратором, уроженцем Востока, о том, что для того, чтобы лечить зло, нужно найти причину и стараться уничтожить ее. Восточный человек говорит, что причина зла заключается в эгоизме и незнании, но я хотел бы только добавить к слову незнание — незнание истинной религии.", "Под понятием истинной религии я разумею религию, доступную всем людям, основанную на разуме, общем всем народам, и поэтому уже обязательную для всех.", "Основа этой религии выражена в евангелии словами: «Делай другим то, что желал бы, чтобы делали тебе. В этом закон и пророки». Если бы только эта основа была осознана, как единственная религиозная основа для всех людей, эгоизм, который всегда готов пожертвовать благом своего ближнего для достижения своих целей, исчез бы сам собой. Таким образом, я признаю причиной как вообще зла, так в частности и войны, единственно незнание истинной религии.", "Точно так же я не совсем согласен с вами относительно братства, которое вы предполагаете возможным между государствами и их главами. Я считаю, что государство, основанное и постоянно поддерживаемое насилием, не только исключает братство, но представляет совершенную противоположность ему.", "Если люди братья, то не может быть ни императора, ни генерала, ни подданного, ни солдата. Между братьями никто не имеет права командовать, никто не обязан повиноваться. Все должны повиноваться богу, а не людям, приказания которых чаще всего противны закону бога.", "По-моему, войны не прекратятся до тех пор, пока каждый не проникнется до такой степени религиозным требованием не делать другому того, чего он не желал бы, чтобы ему делали, что никто не в состоянии будет принять на себя обязательства итти на военную службу, которая есть не что иное, как приготовление к убийству, акт, наиболее противоречащий закону взаимной любви, так как каждый человек дорожит больше всего жизнью, и потому желание лишить его этого и значит — делать то, чего не желали бы, чтобы делали вам.", "Я верю, что везде, как и у вас в Персии бабиды,1 есть люди, исповедующие истинную религию, и, несмотря на все преследования, которым подвергаются эти люди везде и всегда, их идеи будут распространяться всё больше и больше, и, наконец, восторжествуют над варварством и жестокостью правительств и в особенности над теми обманами, в которых правительства стараются держать свои народы. Не правительствами будут уничтожены войны. Напротив, правительства всегда будут стараться вызывать национальную ненависть, чтобы сделать необходимым войско, которое одно только и составляет их силу и смысл их существования.", "Войны могут быть уничтожены только отдельными личностями, которые от них страдают. Войны будут уничтожены только тогда, когда истинная религия будет настолько распространена, что большинство людей готово будет скорее пострадать от насилия, чем употреблять его, и, отказываясь поступать на военную службу, сделает войну совершенно невозможной.", "Благодаря вас еще раз за ваше письмо и за вашу поэму, прошу вас, князь, принять уверение в моем совершенном уважении и лучших чувствах.", "Не пишу своей рукой, потому что, будучи больным, прикован к постели.", "Июля 10/23.", "1901.", "Тула. Россия.", "Написано и датировано рукой Т. Л. Сухотиной, подпись собственноручная. Отрывок, без указания фамилии адресата и точной даты, в переводе на русский язык впервые опубликован в журнале «Россия» 1924, 3 (12), стр. 179—180.", "Князь Мирза Риза Хан — иранский сановник, дипломат, занимал пост иранского посланника при Александре III и Николае II. Иранский поэт (псевдоним Даниш).", "При письме от 29 июня 1901 г. Мирза Риза Хан прислал перевод своей оды «Мир», посвященной Гаагской конференции 1899 г. (он был делегатом на этой конференции).", "1 Бабизм — магометанская секта." ],
  "source" : "Письма. 1901 г."
}