{
  "id" : "114",
  "to" : [ {
    "firstName" : "А",
    "lastName" : "Дружинину",
    "paternalName" : "В",
    "originalEntry" : "114. А. В. Дружинину."
  } ],
  "date" : -3523978800000,
  "place" : "Я. П.",
  "content" : "114. А. В. Дружинину.\nТочно обыкновенная фраза выдет объявление моей радости о вашем выздоровлении, любезный друг Александр Васильевич, а мне бы хотелось вам рассказать, как я обрадовался. Мне смешно стало, и я один, смеясь, ходил по комнате с вашим письмом в руках. Ну да, слава Богу, только ради Бога берегите себя, особенно насчет женщин — уезжайте в деревню поскорей. Теперь уж так хорошо. А что вы не приедете ли в наши края? Я пробуду должно быть всё лето. Копаюсь за романом1 и хозяйничаю немножко, и соловьи, и природа, и чтенье, и музыка — дел не оберешься. Ох! коли бы вы приехали пожить у меня. Как [бы] мы устроились, как бы работалось, как бы болталось, как бы отлично. На Тургенева нет никакой надежды кажется. Колбасин писал, что [он] едет лечить свои [[1]] в Зинциг.2 Ей Богу несносно. Ну болят [[1]], ну что делать. Можно и в России жить с больными [[1]]; а время уходит. Досадно. Подумайте, любезный друг, почему бы вам не приехать. Как бы мы устроились, как бы всё переговорили. Нынче о журнале3 ничего не пишу, потому что не могу подумать хорошенько об этом; но, что сердце и мысли мои лежат к этому делу, что я совершенно свободен и ничем не свяжу себя впредь, это несомненно. Что касается до сотрудничества в «Библиотеке»,4 то, хотя ничего не могу обещать, при одинаковых условиях я предпочту «Библиотеку», т. е. вас, всем другим редакторам, это тоже несомненно. — Насчет предполагаемого журнала скажу два пункта, в которых я не согласен с вами: 1) Журнал с новым исключительным направлением, должен быть новый, без прошедшего, без составившегося о нем мнения. — 2) Ученая часть будет слаба. Все сотрудники дельные разобраны. Конкуренция везде. Полемика. — И в журнале, как и в сочинении, — еще больше — особенно в новом журнале главное достоинство не столько в том, чтобы были в 12 книжках три хорошие статьи ученые, сколько в том, чтобы в целый год не было ни одной вздорной. А с теми средствами по ученому отделу, которые можно предвидеть, это невозможно. — Но дело вот в чем. Место у меня славное — не хуже Кунцова;5 комната, хоть дом вам будет отдельной, город два шага. В матерьяльном отношении устройтесь как хотите, будьте сами хозяином. Право, пожалуйста приезжайте. — Затем прощайте, от души жму вам руку и ожидаю благоприятного ответа на мое приглашение.\nВаш Гр. Л. Толстой.\n1 Мая.\n",
  "notes" : [ "Впервые опубликовано в статье «Молодой Толстой» («Звезда», 1930, 4, стр. 223). Год определяется содержанием и записью в Дневнике Толстого под 1 мая 1858 г.: «Написал... Дружинину».", "Настоящее письмо — ответ на письмо Дружинина от 15 апреля 1858 г. из Петербурга.", "1 «Казаки».", "2 Письмо Д. Я. Колбасина к Толстому 21 апреля 1858 г. из Петербурга.", "3 О проекте издания журнала см. письмо Боткину от 4 января, № 102.", "4 В письме от 15 апреля 1858 г. Дружинин предлагал Толстому сотрудничество в журнале «Библиотека для чтения».", "5 В Кунцеве под Москвой гостил Дружинин у В. П. Боткина летом 1856 г. См. т. 47, стр. 73, 177, 323, 324 и 527.", "В ответ на это письмо Толстого Дружинин писал 15 мая 1858 г. из Петербурга, что приглашение Толстого «пожить в Ясной Поляне повергнуло и его в большое искушение: лучшей жизни и лучшей компании я не могу себе и вообразить в моем настоящем положении, при остатках душевной и физической усталости, — писал Дружинин, — но беда в том, что обстоятельства не позволяют... и думать о такой жизни».", "Далее Дружинин уговаривал Толстого бросить его затею о новом журнале, так как за дело можно браться «лишь при двух условиях: 1) огромном основном капитале... и 2) при неутомимой ярости участников по части работы. К сожалению, — писал Дружинин, — вы знаете, что наш круг не трудолюбив, а денег приходится ему занять у французского короля...»" ],
  "source" : "Письма. 1858 г."
}