{
  "id" : "114",
  "to" : [ {
    "firstName" : "А",
    "lastName" : "Жиркевичу",
    "paternalName" : "В",
    "originalEntry" : "* 114. А. В. Жиркевичу."
  } ],
  "date" : -2263489200000,
  "place" : "Москва.",
  "content" : "* 114. А. В. Жиркевичу.\nНе отвечал вам, любезный Александр Владимирович, о вашем предложении хлопотать о перемещении Егор[ова] и др. в лучшее место, п[отому] ч[то] если вы можете это сделать, то какое же может быть сомнение, что это надо сделать, а, в 2-х, п[отому] ч[то] предположение о том, что вы можете это сделать, невероятно. Вопрос о духоб[орах] и всех отказывающихся от воен[ной] службы рассматривается как вопрос государств[енный] и огромной важности, и принимаемые меры решительные и неизменные. Одах[овского]1 помню. Поклонитесь ему от меня.\nЖму вам руку.\nЛ. Толстой.\n\nНа обороте: Вильно. Военно-окружной суд. Александру Владимировичу Жиркевичу.\n",
  "notes" : [ "Датируется на основании почтовых штемпелей.", "Ответ на письмо Жиркевича от 21 марта, в котором он спрашивал Толстого, не следует ли хлопотать о переводе Егорова и других сосланных ближе к Якутску.", "1 Юлиан Игнатьевич Одаховский, полковник, сослуживец Толстого по Севастополю. См. о нем в т. 74." ],
  "source" : "Письма. 1898 г."
}