{
  "id" : "114",
  "to" : [ {
    "firstName" : "А",
    "lastName" : "Фету",
    "paternalName" : "А",
    "originalEntry" : "* 114. А. А. Фету."
  } ],
  "date" : -3002900400000,
  "place" : "Я. П.",
  "content" : "* 114. А. А. Фету.\nДеньги я уже достал1 и очень рад, что у вас не случилось. Лучше не иметь денежных дел. Но что это вы затеваете? Не знаю, почему и как; но вперед уверен, что когда увижусь с вами и вы растолкуете, зачем, я пойму, что это так надо. Вашу статью еще не нашел, но завтра еду в Москву и найду.2 Знаете, зачем я еду? Дочь Таня бегала по паркету, а я, приехав с охоты, сидел один и обедал. Вдруг удар, Таня лежит навзничь без чувств. Я понес ее на постель. Голова, т. е. мозг был в опасности целые сутки. — Теперь опасность прошла, но пиявки и сотрясение из здоровой девочки сделали слабого ребенка. Но, кроме того, ключица сломана, как говорит один доктор, и надломлена, как говорит другой. Плечо не на месте, и я везу завтра в Москву.\nЖена в лихорадке, грудной в кори или в оспе. Я сам всё время нездоров. И вообще у нас грустно и мрачно. Авось еще до смерти прояснится. Жду этого. — Я все-таки мечтаю, что вы по старой хорошей привычке заедете к нам. Наш поклон Марье Петровне. Перешли[те] брату это письмо.3\nВаш Л. Толстой.\n\nНа конверте: На Московско-Курской железной дороге, на полустанцию Еропкино. Его высокоблагородию Афанасью Афанасьевичу Шеншину.\n",
  "notes" : [ "Датируется почтовым штемпелем на конверте: «Тула 4 ноября 1874 г.». Ответ на неизвестное письмо Фета, являющееся, в свою очередь, ответом на письмо Толстого от 22 октября.", "1 Деньги Толстой достал позднее, так как 8 ноября, т. е. спустя пять дней после этого письма, он писал Некрасову о «нужде в 10 тысячах».", "2 В 1874 г. в четвертой книге «Русского вестника» были напечатаны две статьи Фета: «Голос сельского судьи» и автобиографический рассказ «Не те».", "3 Письмо к брату А. А. Фета — П. А. Шеншину. Оно неизвестно." ],
  "source" : "Письма. 1874 г."
}