{
  "id" : "114",
  "to" : [ {
    "firstName" : "П",
    "lastName" : "Великанову",
    "paternalName" : "В",
    "originalEntry" : "* 114. П. В. Великанову."
  } ],
  "date" : -2289322800000,
  "place" : "Я. П.",
  "content" : "* 114. П. В. Великанову.\nДорогой Павел Васильевич.\nПростите пожалуйста, что так долго не отвечал на ваше письмо, за кот[орое] вам очень благодарен. Мне так приятно было видеть в нем ваши добрые чувства ко мне. Я очень дорожу ими. Не отвечал я п[отому], ч[то] не отвечал ни одного письма в продолжение месяца, а потом заболел. Теперь я здоров и, перебирая неотвеченные письма, с ужасом увидал ваше от 3-го июня.\nПрограмма вашей жизни мне очень нравится, но, простите меня, я не вижу того внутреннего мотива, кот[орый] заставляет вас изменить свою прежнюю жизнь на эту. Я знаю, что он есть и очень сильный, п[отому] ч[то] иначе вы бы не жили так, как живете, но он не выражен вами. А это нужнее всего, особенно для детей. Ваши же дети так готовы к хорошему и свободны еще от соблазнов, как я это видел на вашем милом мальчике.1\nПисьмо шурину2 при этом прилагаю. Дай бог, чтобы оно пригодилось. Он человек очень хороший и разумный, и нам с ним хорошо будет.\nПрощайте или до свидания. Дружески жму вашу руку.\nЛев Толстой.\n15 июня.\n",
  "notes" : [ "Год в дате определяется по содержанию письма.", "Павел Васильевич Великанов (1860—1945) — учитель, знакомый Толстого с 1891 г. В начале 1890-х гг. сочувствовал взглядам Толстого, позднее изменил свои взгляды и выступал в печати, резко критикуя Толстого, и писал ему обличительные письма. Толстой перестал распечатывать, его письма и отсылал их обратно.", "Письмо Великанова, на которое отвечает Толстой, неизвестно.", "1 Владимир Павлович Великанов (1886—1921).", "2 Вячеслав Андреевич Берс (1861—1907), младший брат С. А. Толстой, инженер путей сообщения, один из строителей сибирской магистрали и Троицкого моста в Петербурге (см. о нем в т. 68). Толстой просил его о службе для Великанова. Это письмо Толстого к В. А. Берсу неизвестно." ],
  "source" : "Письма. 1897 г."
}