{
  "id" : "114",
  "to" : [ {
    "firstName" : "Ж",
    "lastName" : "Пети",
    "paternalName" : "А",
    "originalEntry" : "* 114. Ж. А. Пети (J. A. Petit)."
  } ],
  "date" : -2160759600000,
  "place" : "Я П.",
  "content" : "* 114. Ж. А. Пети (J. A. Petit).\nCher frère,\nVous m'excuserez de ce que je n’emploie pas le titre ecclésiastique qui n’a aucun sens pour moi, mais que j’emploie celui de frère qui a la même signification et importance pour vous comme pour moi.\nJe vous suis très reconnaissant pour l’envoi de votre livre. J’ai lu et relu la déclaration que j’admire beaucoup et n’ai fait que feuilleter le reste qui n’a pas d’intérêt pour moi. Votre belle exposition des vrais principes chrétiens m’est une nouvelle preuve de ce que l’âme humaine est chrétienne par naissance, comme le disait un des pères de l’église1 ou plutôt le vrai christianisme correspond parfaitement aux besoins spirituels de l’homme.\nLes idées que vous émettez dans votre déclaration sont les mêmes que celles auxquelles je suis arrivé en étudiant l’évangile et en y cherchant la solution du problème de ma vie. La même solution est donnée presque dans toutes les religions en leur essence et le plus clairement dans celle des brahmanes. Je dis que je n’ai fait que feuilleter le reste du livre parceque j’y trouve le vain effort, si souvent répété, de concilier les superstitions ecclésiastiques avec la véritable doctrine de Jésus. Je crois que nous servirions Dieu plus conformément à sa volonté en abandonnant complètement tous les dogmes et toutes les traditions contraires à notre notion de la vérité plutôt que de concilier ces dogmes et traditions avec la véritable doctrine chrétienne une fois qu’elle nous est révélée. Je vous prie, cher frère, de m’excuser pour la sincérité peut-être trop rude de ma lettre et d’accepter l’assurance de la parfaite considération de\n\nДорогой брат,\n",
  "notes" : [ "Простите меня, что я не употребляю церковного обращения, которое не имеет для меня ни малейшего смысла, а употребляю обращение «брат», которое имеет те же самые смысл и значение для вас, как и для меня.", "Очень вам признателен за присылку вашей книги. Я читал и перечитывал декларацию, которой восхищаюсь, и лишь перелистал остальное, не представляющее для меня интереса. Ваше прекрасное изложение истинных христианских принципов является для меня новым доказательством того, что человеческая душа по природе своей христианка, как это говорил один из отцов церкви,1 или, скорее, что истинное христианство вполне согласуется с духовными потребностями человека.", "Положения, которые вы излагаете в своей декларации, те же самые, к которым я пришел, изучая евангелие и стараясь найти в нем решение задачи моей жизни. То же решение дано почти во всех религиях в их основной сущности и наиболее ясно в браманизме. Я говорю, что лишь перелистал остальную часть книги, потому, что я нахожу в ней тщетную попытку, так часто повторяемую, примирить церковные предрассудки с истинным учением Христа. Мне думается, что мы служили бы богу более согласно его воле, отбросив совершенно все догматы и все традиции, противоречащие нашему пониманию истины, чем пытаясь примирить эти догматы и традиции с открывшимся нам истинным христианским учением. Простите мне, дорогой брат, быть может, слишком резкую искренность моего письма и примите уверение в совершенном уважении", "Печатается по копировальной книге № 3, лл. 155—156. Текст написан рукой М. Л. Оболенской, подписи нет. Помеченная в копировальной книге дата (13 июля) — старого стиля, что подтверждается ответным письмом.", "Французский аббат Ж. А. Пети в письмах от 27 мая и 7 июня н. ст. 1901 г. выражал Толстому сочувствие по поводу его отлучения от церкви. Кроме того, Пети прислал свою книгу «La Rénovation religieuse» [«Религиозное обновление»] (в яснополянской библиотеке не сохранилась).", "1 Тертулиан (160—230)." ],
  "source" : "Письма. 1901 г."
}