{
  "id" : "114",
  "to" : [ {
    "firstName" : "В",
    "lastName" : "Бабочкину",
    "paternalName" : "И",
    "originalEntry" : "114. В. И. Бабочкину."
  } ],
  "date" : -1875380400000,
  "place" : "Я. П.",
  "content" : "114. В. И. Бабочкину.\nЯсная Поляна. 29 июля 10 г.\nВ. Бабочкину.\nПомогай бог. Посылаю кое-какие книги, которые помогут приближаться к доброй жизни и держаться в ней.\nКооперация — дело не дурное, между прочим, но сила вся не во внешнем устроительстве, а во внутреннем, в самом себе. Улучшать жизнь вообще можно только улучшением себя.\nЛев Толстой.\n",
  "notes" : [ "Кроме машинописного подлинника, сохранился черновик-автограф на конверте письма Бабочкина. Впервые опубликовано в сборнике: «Толстой. Памятники творчества и жизни», 2, стр. 26.", "Василий Иванович Бабочкин — крестьянин, служивший в 1910 г. в трактире в Петербурге, впоследствии агроном. Бабочкин спрашивал Толстого, может ли дать кооперация «некоторые улучшения в жизни крестьян, если ее ввести в деревню»." ],
  "source" : "Письма 1910 гг."
}