{
  "id" : "114",
  "to" : [ {
    "firstName" : null,
    "lastName" : null,
    "paternalName" : null,
    "originalEntry" : "114. В редакцию газеты «Русские ведомости»."
  } ],
  "date" : -2227719600000,
  "place" : "Я. П.",
  "content" : "114. В редакцию газеты «Русские ведомости».\nПокорно прошу редакцию «Русских Ведомостей» напечатать отчет о полученных мною с 15-го мая пожертвованиях в пользу голодающих и об их распределении:\nот Stadling 50 р., от Марии Бороженской 25 р., от Вас. Як. Балакшева 95 р. 61 к., от управляющаго нижегородской казенной палатой Ник. Ник. Нечаева 20 р. 95 к., от Мани и Оли 3 р., из банкирской конторы А. П. Андреева в Екатеринбурге 200 р., из конторы «Русских Ведомостей» 72 р. 86 к., от кондукторов Риго-орловской жел. дор. через Д. М. Поливанова 50 р., из редакции «Восточнаго Обозрения» в Иркутске 226 р., от пастора Гейне 70 р., от товарища прокурора Ник. Алекс. Муравьева 50 р., из редакции «Нивы» 20 р. Итого 883 р. 42 к. Из этих денег половина послана в г. Самару, А. С. Пругавину, другая половина — в г. Казань, П. М. Останкову.1\nЛев Толстой.\n29-го мая.\n",
  "notes" : [ "Перепечатывается из газеты «Русские ведомости» 1899, № 153 от 5 июня. Местонахождение подлинника неизвестно. Датируется по той же газете.", "1 Петр Матвеевич Останков (1842—1911) — председатель Казанской губернской земской управы в 1866—1899 гг. В 1899 г. Толстой писал Останкову по поводу голода, но эти письма погибли у семьи адресата. Копий писем не сохранилось." ],
  "source" : "Письма 1899 г."
}