{
  "id" : "114",
  "to" : [ {
    "firstName" : "Софье",
    "lastName" : "Толстой",
    "paternalName" : "Андреевне",
    "originalEntry" : null
  } ],
  "date" : -2945012400000,
  "place" : "Пароход на Волге.",
  "content" : "114.\n4 Сентября, суббота, 12 часов дня.\nДоехали до Москвы, — не видали времени. Нагорновъ1 встретил нас с Варенькой2 и Леонид.3 Нагорн[ов] привез 1200 р[ублей].4 Распростились с Машенькой,5 к[оторую] мне очень жаль, и поехали на Нижегородскую.6 Несмотря на то, что мы взяли мест во 2-м классе, спали прекрасно. А в Нижнем, несмотря на то, что народа было очень мало, была ужасная суета. Отходил один только Самолетский пароход,7 и мест не было. После большой суетни разместились на другой, экстренный пароход, с котораго я тебе и пишу. Я не написал из Нижняго от суеты; но нетолько помнил, но думал и думаю о тебе всякую минуту; и думаю так, как ужасно люблю: переношусь в прошедшее — Покровское,8 лиловое платье, чувство умиленности, и сердце бьется.\nНиколинька9 очень милый товарищ; и ему все интересно и весело. С нами теперь в 1-м классе маленькаго парохода — немка с двумя немцами — верно купцы, и купец землевладелец из Оренбурга, владетель 50 000 дес[ятин] и 1500 лошадей, — завод, — вроде того, к[оторый] я завожу: и еще Хивинец,10 котораго я еще не изследовал. Я совершенно здоров, кроме насморка.\nГоворят, что в Оренбург ездят по чугунке, и, может быть, я поеду, но все в пределах 14 дней. К твоим имянинам буду, если Бог даст.\nЯ знаю, что тебе тяжело и страшно, но я видел то усилие, к[оторое] ты сделала над собой, чтобы не помешать мне, и если можно, — еще больше люблю тебя за это. Если бы только Бог дал тебе хорошо, здорово и энергично деятельно провести это время. Господь помилуй тебя и меня.\nМой план, хотя и очень неопределенный, такой: как приеду в Самару, так найду Боля11 и попрошу его довезти меня до Бузулука;12 оттуда поеду на хутор, и, если можно, из Бузулука ехать дальше до Оренбурга, и если на хуторе есть деньги, то, забрав с собой Никитича13 и мужика для прогона лошадей, поеду назад в Бузулук и оттуда в Оренбург. Это все планы, но я напишу еще из Самары.\nА Дьяков проехал прямо в Москву. Леонид видел его.\nПрощай, милая душенька. Господи помилуй.\nТвой Л. Т.\n\nЦелую всех детей14 и вперед благодарю их за то, что они тебя слушают и стараются радовать.\nСтепу15 обнимаю и не велю ему думать, как матерьялисты.\nMr. Rey кланяюсь.\n",
  "notes" : [ "Печатается по автографу, хранящемуся в АТБ. Небольшой отрывок письма впервые напечатан в Б, II, 1908, стр. 301. Впервые полностью письмо опубликовано по копии, сделанной С. А. Толстой, в ПЖ, стр. 105—106.", "1 Николай Михайлович Нагорнов.", "2 Варвара Валерьяновна Нагорнова, его жена.", "3 Леонид Дмитриевич Оболенский.", "4 От продажи сочинений Толстого.", "5 М. Н. Толстая. Она уезжала за границу, где прожила в Ницце до середины 1877 г.", "6 Нижегородский вокзал в Москве находился в то время за Покровской заставой, близ Рогожского кладбища. Путь на вокзал через Швивую горку и «низкое строение Нижегородской станции» описан в XXX главе седьмой части «Анны Карениной».", "7 Пароход волжского пароходства «Самолет».", "8 В Покровском-Стрешневе под Москвой С. А. Толстая живала по летам со своими родителями до замужества.", "9 Толстой отправился в Оренбург для покупки лошадей со своим племянником, сыном М. Н. Толстой, двадцатипятилетним Николаем Валерьяновичем Толстым.", "10 Уроженец Хивы, среднеазиатского ханства, населенного народностями тюркского племени.", "11 Николай Львович фон-Болль — «бывший учитель в одной из открытых Львом Николаевичем сельских школ в 1862 г. Служил тогда на железной дороге» (п. С. А.). Оставил Московский университет вследствие беспорядков. В 1862 г. управлял имением Толстого. Во время обыска в Ясной поляне у него были обнаружены статьи из «Колокола», после чего за ним был учрежден секретный надзор. В 1864 г. служил в Тамбовский губернии управляющим у родственников своей жены.", "12 В это время открывалась Самаро-Златоустовская ж. д.", "13 Василий Никитич — знакомый крестьянин Самарской губернии, живший в соседнем с хутором Толстого селе Гавриловне.", "14 Семья Толстого состояла в 1876 г. из детей: Сергея, Татьяны, Ильи, Льва, Марии.", "15 Степан Андреевич Берс, живший тогда у Толстых в Ясной поляне. С. А. Толстая писала о нем во встречном письме от 4 сентября: «Степа всё с змеем возится»." ],
  "source" : "Письма к С. А. Толстой 1862-1910 гг."
}