{
  "id" : "114",
  "to" : [ {
    "firstName" : "А",
    "lastName" : "Никитину",
    "paternalName" : "Ф",
    "originalEntry" : "*114. А. Ф. Никитину."
  } ],
  "date" : -1948215600000,
  "place" : "Я. П.",
  "content" : "*114. А. Ф. Никитину.\nЯсная Поляна.\nПолучил ваше письмо, милый брат Никитин, и очень рад был увидать из него ваше хорошее, радостное, твердое настроение. Помогай вам бог удерживаться в нем. Я думаю, что это всегда во власти нашей. Если у вас нет Круга Чтения, то попрошу Николая Николаевича1 послать вам, особенно потому, что в нем 4 апреля сказано именно то, что я бы хотел сказать вам.2 Письмо ваше во всех отношениях так интересно, что мы два раза перечли его с Николаем Николаевичем. Те ваши сожители, о которых вы пишете, тоже очень, очень интересны, я бы сказал, жалки, но боюсь, что письмо это попадет им, и это было бы неприятно им. А мне истинно жалко этих хороших, честных большею частью людей, с самыми искренними стремлениями, так глубоко заблуждающихся. Посылаю вам еще брошюру — письмо мое давнишнее к одному из революционеров,3 которое отвечает на все те доводы, которые теперь продолжают делать люди-революционеры, не думая о том, что все эти вопросы давным-давно уже заданы и давным-давно на них отвечено, так что отвечать дальше нечего. Пожалуйста, пишите о себе и, если могу чем-нибудь быть полезен вам, то вы мне сделаете именно радость, дав эту возможность. Прощайте, братски целую вас.\nЛев Толстой.\n7 апр. 1908.\n",
  "notes" : [ "Печатается по копировальной книге № 8, л. 180, куда вклеен дубликат подлинника, написанного на машинке (в дубликате собственноручные подпись и дата восстановлены рукой H. Н. Гусева). Продиктовано в фонограф.", "Об Александре Феофилактовиче Никитине см. т. 77, стр. 265.", "В письме из Оренбургской тюрьмы от 20 марта 1908 г. А. Ф. Никитин подробно сообщал о тюремной жизни, о своих спорах с политическими заключенными, подсмеивавшимися над его религиозными убеждениями.", "1 H. Н. Гусев.", "2 Тема 4 апреля «Круга чтения»: «Жизнь должна и может быть неперестающей радостью».", "3 См. письмо к М. М. Чернавскому 1888 г. (т. 64, стр. 140). А. Ф. Никитин больше Толстому не писал. Дальнейшая судьба его после высылки неизвестна." ],
  "source" : "Письма. 1908 г."
}