{
  "id" : "114",
  "to" : [ {
    "firstName" : "Н",
    "lastName" : "Депрейс",
    "paternalName" : "П",
    "originalEntry" : "* 114. Н. П. Депрейс."
  } ],
  "date" : -2018718000000,
  "place" : "Я. П.",
  "content" : "* 114. Н. П. Депрейс.\nМне неудобно приглашать вашего батюшку, но если вы можете это сделать, то передайте ему, что я сожалею о том, что огорчил его, и рад буду с ним видеться.\nЛев Толстой.\n12 янв.\n1906 года.\n",
  "notes" : [ "Печатается по копии, написанной рукою Ю. И. Игумновой в копировальной книге № 6, л. 465.", "Надежда Петровна Депрейс (р. 1875?) — дочь Петра Николаевича Депрейса (см. письмо № 14).", "Ответ на письмо от 4 января 1906 г., в котором Н. П. Депрейс просила позволения приехать в Ясную Поляну ее отцу, огорченному отказом Толстого принять его." ],
  "source" : "Письма. 1906 г."
}