{
  "id" : "114",
  "to" : [ {
    "firstName" : "Н",
    "lastName" : "Страхову",
    "paternalName" : "Н",
    "originalEntry" : "114. H. Н. Страхову."
  } ],
  "date" : -2463246000000,
  "place" : "Бегичевка.",
  "content" : "114. H. Н. Страхову.\nСейчас только прочел ваше, как всегда доброе, и умное, и интересное письмо. Мы были в Москве и нынче вернулись. Да, впрочем, Вера, наша милая сотрудница и сожительница, вам всё расскажет.1\nДело наше всё растет и всё больше и больше захватывает. — Впрочем, письмо это не считайте письмом, а просьбой.\nВот в чем дело:\nОдно из главных бедствий (впрочем, все главные) это погибель скота от бескормицы и, главное, рабочей силы — лошадей. Спасение лошадей в том, чтобы для них устраивать столовые, дворы, где их кормить до весны. Главный расчет тот, что если у 4-х мужиков, у каждого порознь, есть лошадь, к[отор]ую каждый порознь кормит и хочет уберечь, то кончится тем, что каждый не докормит до весны и все 4 лошади падут. Если устроить общее кормление, то на цену одной лошади из 4-х, даже если бы и двух, можно прокормить остальных. Это одно средство спасения лошадей, к[отор]ое мы стараемся организовать; другое в том, чтобы перевозить лошадей в те места, где есть корм. Это я и делаю отчасти, но затруднение в том, что провоз по удешевленному тарифу 11/4 коп. с версты за лошадь составляет огромную недоступную цифру при дешевизне лошадей и дальности расстояний. Я просил Предс[едателя] Кр[асного] Кр[еста] Кауфмана о перевозке бесплатной 80 лошадей в Калужск[ую] губ[ернию]. Он не разрешил общей меры (не ходатайствовал о ней), а прислал мне деньги на уплату железн[ой] дороги. Это любезно с его стороны, [но] не хорошо. Важна общая мера. — Теперь с нынеш[ней] почтой я получил с Кавказа от людей, занятых там изъисканием средств для спасения лошадей и заарендовавших там для этой цели 30-ть десятин пастбищ, предложение принять туда десятки тысяч лошадей для прокорма, если бы только можно было их туда доставить. Я нынче же пишу опять Кауфману, прося его об исходатайствовании бесплатного провоза. Но боюсь, что он не постарается.2 Грот, который здесь с нами,3 пишет нынче Семенову.4 Не можете ли поговорить об этом вашим сильным друзьям, из кот[орых] первый и самый важный и дельный, я думаю, Вышнегр[адский].5 Разрешение это — перевозки бесплатной на Кавказ — тем легче бы было дать, что большое количество вагонов, везущих хлеб с Кавказа, должны возвращаться назад пустыми. Отчего бы их не грузить лошадьми?\nЦелую вас.\nЛюбящий вас Л. Толстой.\n",
  "notes" : [ "Впервые опубликовано в ПС, стр. 439—440. Датируется на основании пометы Страхова на автографе «13 дек. 1891» п слов: «Мы были в Москве и нынче вернулись».", "Ответ на неопубликованное письмо Страхова из Петербурга от 24 ноября по поводу статьи Толстого «О голоде».", "1 В. А. Кузминская.", "2 Письмо Толстого к Кауфману неизвестно. Кауфман отвечал 22 декабря в официальной бумаге, что докладывал «Особому комитету наследника цесаревича предложение Вашего сиятельства об организации отправки крестьянских лошадей на Кавказ для прокорма.... Особый комитет не признал, однако, возможным удовлетворить Ваше ходатайство, ввиду крайней сложности организации этого дела».", "3 Н. Я. Грот приехал вместе с Толстым из Москвы в Бегичевку, где пробыл до 18 декабря, знакомясь на месте с организацией помощи голодающим.", "4 Николай Петрович Семенов (1823—1904), сенатор, близкий знакомый Страхова. Семенов приходился дядей Н. Я. Гроту.", "5 Иван Алексеевич Вышнеградский (1831—1895), старый товарищ Страхова по Главному педагогическому институту. В 1887—1892 гг. министр финансов.", "Страхов отвечал письмами от 17 и 19 декабря." ],
  "source" : "Письма. 1891 г."
}