{
  "id" : "114",
  "to" : [ {
    "firstName" : "И",
    "lastName" : "Петрову",
    "paternalName" : "И",
    "originalEntry" : "* 114. И. И. Петрову."
  } ],
  "date" : -2600881200000,
  "place" : "— Я. П.",
  "content" : "* 114. И. И. Петрову.\nИван Иванович!\nБудьте так добры, попросите Сытина прислать мне всех вышедших Посредниковых книг по 50, но пожалуйста, скажите ему, чтобы не «даром», а за деньги или за новые издания «Сочинений»,1 о выдаче которых я передал в конторе. Благодарю вас за присылку книг.2 Пришлите, пожалуйста, «Азбуку»,3 она мне нужнее всего. И всё новое, что вышло. Я писал было, что всех книг поровну, но раздумал. Вот как:\n",
  "notes" : [ "Датируется на основании пометы на письме рукой неизвестного.", "1 Толстой имеет в виду печатавшееся в 1887 г. седьмое издание его собрания сочинений, вышедшее в одиннадцати частях.", "2 О каких книгах идет речь, неизвестно.", "3 См. прим. 1 к письму № 77.", "4 Л. Н. Толстой, «Чем люди живы», М. 1885.", "5 Л. Н. Толстой, «Бог правду видит, да не скоро скажет», М. 1887.", "6 Л. Н. Толстой, «Кавказский пленник», М. 1886.", "7 Л. Н. Толстой, «Два старика», М. 1886.", "8 Л. Н. Толстой, «Упустишь огонь, не потушишь», М. 1886.", "9 Л. Н. Толстой, «Где любовь, там и бог», М. 1886.", "10 Н. С. Лесков, «Христос в гостях у мужика», М. 1886.", "11 О. И. Шмидт, «Галя», М. 1886.", "12 [Л. Е. Оболенский,] «Странник», М. 1886.", "13 «Житие Филарета милостивого», М. 1887.", "14 Е. П. Свешникова, «Франциск Ассизский», М. 1886.", "15 В. И. Савихин, «Кривая доля», М. 1887.", "16 «Греческий учитель Сократ», М. 1886.", "17 В. И. Савихин, «Дед Софрон, или суд людской — не божий», М. 1886.", "18 [П. П. Беликов,] «Житие святого Петра, бывшего прежде мытарем, и преподобного Моисея Мурина», М. 1886.", "19 [П. П. Беликов,] «Житие святого Павлина Ноланского и страдание святого мученика Федора и Никифора. Составлено по Четии-минеи святого Дмитрия Ростовского», М. 1887.", "20 Л. Н. Толстой, «Свечка, или как добрый мужик пересилил злого приказчика», М. 1886.", "21 «Фабиола, или древние христиане», М. 1887. (Переделка Е. П. Свешниковой романа Е. Тур «Катакомбы»; печаталась без обозначения фамилии автора.)", "22 «Брат на брата», М. 1887 (Эпизод из романа В. Гюго «93-й год», в изложении Е. П. Свешниковой; печатался без обозначения фамилии автора и составителя.)", "23 «Иоанн-воин. Рассказ из времен первых христиан», М. 1886.", "24 «Царь Крез и учитель Солон и другие рассказы», М. 1886.", "25 Следующий затем № 22 пропущен в подлиннике.", "26 А. И. Эртель, «Повесть о жадном мужике Ермиле», М. 1887.", "27 Л. Н. Толстой, «Три сказки», М. 1886.", "28 Л. Н. Толстой, «Первый винокур, или как чертенок краюшку заслужил», М. 1887.", "29 Л. Н. Толстой, «Сказка об Иване Дураке и его двух братьях: Семене-воине и Тарасе-брюхане и немой сестре Маланье и о старом дьяволе и трех чертенятах», М. 1886.", "30 О. Н. Хмелева, «Марья кружевница. Повесть. Заимствовано из журнала «Родник», М. 1886.", "31 В. И. Немирович-Данченко, «Махмудкины дети», М. 1886.", "32 Я. Е. Гололобов, «Вор», М. 1886.", "33 [Т. А. Кузминская,] «Бабья доля (рассказ крестьянки)», М. 1887.", "34 Л. Н. Толстой, «Осада Севастополя», М. 1887.", "35 А. Эрленвейн, «Иван Гус. Рассказ», М. 1887.", "36 «Рождественская сказка (переделка с английского)», М. 1887.", "37 «Цветник». Сборник рассказов», М. 1887.", "38 [О. Н. Спенглер,] «Свет жизни», М. 1887.", "39 И. В. Засодимский, «Мирское дитя», М. 1887.", "40 Л. Н. Толстой, «Власть тьмы, или коготок увяз, всей птичке пропасть», М. 1887.", "41 [И. Г. Журавов,] «Раздел», М. 1887.", "42 П. Пэйверинт, «Попутчик», М. 1887.", "43 В. М. Гаршин, «Сигнал», М. 1887.", "44 «Пословицы на каждый день», М. 1887.", "45 А. А. Потехин, «Хворая», М. 1887.", "46 П. В. Засодимский, «Черные вороны», М. 1887." ],
  "source" : "Письма. 1887 г."
}