{
  "id" : "114",
  "to" : [ {
    "firstName" : null,
    "lastName" : null,
    "paternalName" : null,
    "originalEntry" : "* 114. Е. И. Попову."
  } ],
  "date" : -2387991600000,
  "place" : "Я. П.",
  "content" : "* 114. Е. И. Попову.\n30 апреля.\nПолучил ваше письмо и тетради,1 дорогой Евгений Иванович. Заключение хорошо: в нем есть много хорошо сказанного и разъясненного, но оно слишком длинно, несоразмерно с биографией и, пожалуй, т. е. может быть, неподходящее к ней. Впрочем, это видно будет, а это заключение хотя, как вы и сами говорите, всё написано в том же направлении мысли, как и мои две последние статьи,2 наверное будет производить хорошее действие на людей, уясняя им много нового. Пишите биографию и не загадывайте вперед, как и что вы напишете, и не отчаивайтесь в том, что вы напишете то самое, что нужно. В этом деле более, чем в каком-либо другом, дух дышит, где хочет и когда хочет. Вы только пишите, собирайте любя, и будет, что нужно. А напишу ли заключение я, или вы, или кто другой — этого никто не знает.3\nВаше сомнение о том, насколько Дрожжин делал то, что он делал, для людей, а не для бога, мне кажется, не может мешать вам. Для истины есть только один узкий путь, узкий, как математическая линия. Чем ближе к этой линии, тем плодотворнее действует истина. И приближение к истине иногда и даже чаще в сомнении, в накладывании теней, чем в бесконтрольном восхвалении. Где же те совсем чистые, совсем святые люди? Судить мы можем только по себе. А каждый из нас знает, сколько гадостей в каждом из нас, как неразрывны эти гадости с самыми высокими нашими свойствами. Для того, чтобы описать человека — пускай это будет Христос — надо описывать, судя по себе (иначе и нельзя), только в самые лучшие свои минуты. А и в самые лучшие минуты мы остаемся людьми с нашими человеческими свойствами. Идем на смерть, чтобы спасти людей, и просим, чтобы бог отвел от нас то, чем мы спасаем людей. Умираем для свидетельства истины и упрекаем бога за то, что он оставил нас. Для описания людей, как образцов для жизни, нужнее всего не забывать элемент человеческий, слабостей, в деле Дрожжина тщеславия даже, привычки к одурманению табаком и т. п. Сильнее, благотворнее подействует на людей описание разбойника с его злобой, жестокостью и похотью и проблесками раскаяния, жалости, чем описание святого без слабостей. Адресую в Москву.4 Пишите же, где вы. Целую вас,\nлюбящий вас\nЛ. Толстой.\n",
  "notes" : [ "Печатается по рукописной копии Е. И. Попова.", "1 Тетради с «заключением» к биографии Дрожжина, присланные Поповым на просмотр Толстому.", "2 «Царство божие внутри вас» и «Тулон» («Христианство и патриотизм»).", "3 Толстой написал предисловие к книге Е. И. Попова «Жизнь и смерть Е. Н. Дрожжина».", "4 В адрес издательства «Посредник», в помещении которого жил эту зиму Е. И. Попов, принимая участие в делах издательства." ],
  "source" : "Письма. 1894 г."
}