{
  "id" : "114",
  "to" : [ {
    "firstName" : null,
    "lastName" : null,
    "paternalName" : null,
    "originalEntry" : "* 114. A. E. Мокшанцеву."
  } ],
  "date" : -2313082800000,
  "place" : "Я. П.",
  "content" : "* 114. A. E. Мокшанцеву.\nМилостивый Государь\nА[лексей] Е[горович].\nВаше письмо, брошюра1 и копии с бумаг, касающихся вашего дела, в высшей степени интересны и важны. Не только устройство домов для душевно-больных, но самое существование таких домов, в которых насильно можно запирать и держать людей, по моему мнению, будет через 50 лет для наших потомков предметом такого же ужаса и недоумения перед тем, как могли люди терпеть такие ужасы, какими представляются нам вырывание ноздрей или пытки.\n[Я]2 давно уже с отвраще[нием и]2 ужасом смотрю на насилия, совершаемые в этих домах, и потому с величайшим интересом и сочувствием прочел присланные вами мне матерьялы. Очень бы рад бы был, если бы представился случай сказать об этом в печати и принести свою песчинку на весы дела освобождения людей от всякого рода насилий, которыми они сами себя мучают, но не могу ничего обещать; у меня очень много дела, а сил становится всё меньше и меньше.\nС совершенным уважением имею честь быть ваш покорный слуга\nЛев Толстой.\n13 сент. 1896.\n",
  "notes" : [ "Печатается по листам 80 и не обозначенному номером копировальной книги.", "Ответ на письмо Мокшанцева от 7 августа 1896 г.", "Алексей Егорович Мокшанцев (р. 1835) — доктор медицины. В 1891 г. был взят в своем доме в Саратове полицией и отвезен в Саратовскую психиатрическую лечебницу, где содержался около года «по поводу психического расстройства, вызванного не душевною болезнью, а семейными обстоятельствами». В 1895 г. подал жалобу саратовскому губернатору на «насильственное помещение и содержание его в лечебнице и заведомо ложное признание его душевнобольным» и тогда же написал статью «К вопросу о положении душевнобольных в России», напечатанную в апрельской книжке журнала «Наблюдатель» за 1895 г. Жалоба его осталась без последствий.", "1 Под «брошюрой» следует разуметь, вероятно, отдельный оттиск упомянутой выше статьи Мокшанцева в «Наблюдателе».", "2 Слова, взятые в прямые скобки, вырваны в копировальном листе.", "О дальнейшем участии Толстого в этом деле см. в тт. 71 и 72." ],
  "source" : "Письма. 1896 г."
}