{
  "id" : "114",
  "to" : [ {
    "firstName" : "В",
    "lastName" : "Гольцеву",
    "paternalName" : "А",
    "originalEntry" : "* 114. В. А. Гольцеву."
  } ],
  "date" : -2507742000000,
  "place" : "Я. П.",
  "content" : "* 114. В. А. Гольцеву.\nПосылаю вам, дорогой Виктор Александрович, исправленное предисловие.1 Я бы не утруждал вас, а послал бы прямо в типографию, но не знаю в какую, а потому прошу уже вас: 1) Попросить в типографии, чтобы, исправив, прислали мне два экземпляра сверстанные, 2) чтобы вы сами, прочтя, решили, что может вызвать запрещение всей книги, и выкинули бы. —\nКогда может выдти книга?2 Нельзя ли отпечатать предисловие отдельной брошюрой?3\nЖелаю вам всего хорошего.\nЛ. Толстой.\n",
  "notes" : [ "Датируется на основании записей в Дневнике Толстого 13 и 14 июля 1890 г. об исправлении корректур «статьи от Гольцева» (см. т. 51, стр. 62).", "Виктор Александрович Гольцев (1850—1906) — ученый юрист, либеральный публицист и критик; с 1885 г. редактор «Русской мысли».", "1 Предисловие Толстого к книге доктора П. С. Алексеева «О пьянстве», озаглавленное: «Для чего люди одурманиваются?», печаталось в издании журнала «Русская мысль». См. прим. 3 к письму № 63.", "2 Книга П. С. Алексеева «О пьянстве» вышла между 24 и 31 марта 1891 г.", "3 Отдельной брошюрой статья «Для чего люди одурманиваются?» не была издана, и на этот вопрос Гольцев Толстому не ответил." ],
  "source" : "Письма. 1890 г."
}