{
  "id" : "114",
  "to" : [ {
    "firstName" : "П",
    "lastName" : "Васильеву",
    "paternalName" : "Д",
    "originalEntry" : "114. П. Д. Васильеву."
  } ],
  "date" : -1919358000000,
  "place" : "Я. П.",
  "content" : "114. П. Д. Васильеву.\nНе сделал я того, о чем вы пишете, только потому, что я слаб и плох, и не переставая каюсь за эту свою слабость перед богом.\n \n",
  "notes" : [ "Печатается по машинописной копии. Впервые опубликовано в книге В. А. Жданова «Любовь в жизни Льва Толстого», М. 1928, кн. 2, стр. 221. Дата копии.", "Ответ на письмо (без даты) Павла Дмитриевича Васильева, учителя пения начальных городских училищ, писавшего со ст. Лигово, Северо-Западной ж. д.: «Как понимать Ваши слова из исследования четырех евангелий, ч. II, стр. 93: «Кто не оставит дом, имения и семьи и не идет за мной, тот не может быть моим учеником, т. е. тот не понял меня.... Но ведь Вы-то поняли Христа, почему же не сделали этого?» На конверте письма адресата Толстой набросал конспект ответа." ],
  "source" : "Письма 1909 г."
}