{
  "id" : "114",
  "to" : [ {
    "firstName" : "Н",
    "lastName" : "Давыдову",
    "paternalName" : "В",
    "originalEntry" : "* 114. Н. В. Давыдову."
  } ],
  "date" : -2303578800000,
  "place" : "1880—1897 гг. Я. П.",
  "content" : "* 114. Н. В. Давыдову.\nВсё жду от вас, Николай Васильевич, указания о том, что я дошел до предела вашего терпения. — Для облегчения вашего приму молчание ваше за такое указание.\nПисьмо это передаст вам тот молодой человек, про кот[орого] я говорил вам.1\nЛ. Толстой.\n\nНа обороте: Николаю Васильевичу Давыдову.\n",
  "notes" : [ "Датируется по почерку и временем пребывания Н. В. Давыдова в Туле.", "1 О ком здесь идет речь, не установлено." ],
  "source" : "Письма 1840—1910 гг."
}