{
  "id" : "114",
  "to" : [ {
    "firstName" : "Эугену",
    "lastName" : "Генриху",
    "paternalName" : null,
    "originalEntry" : "114. Эугену Генриху Шмиту (Eugen Heinrich Schmitt)."
  } ],
  "date" : -2350926000000,
  "place" : "Я. П.",
  "content" : "114. Эугену Генриху Шмиту (Eugen Heinrich Schmitt).\nLieber Freund,\nSie müssen mich verzeihen, dass ich so lange Ihnen nicht geantwortet habe. Der Tod meines Kindes und die darauf folgende Krankheit meiner Frau und meine eigene, von welcher ich nur eben retabliert bin, waren davon die Ursache. Ihre Sendungen und Briefe1 habe ich alle erhalten, und, wie ich mich erinnere, habe ich auf ihre Brochüre Herodes2 geantwortet. Wie es aber sein mag, antworte ich jetzt Ihren Brief vom 20 Juni. Die Lage der Socialdemokraten Ihnen entgegen ist für mich nichts neues. Es ist nur ein Beweis, dass ihre Thätigkeit wichtig ist und deswegen den Socialdemokraten gefährlich scheint. Es thut mir nur leid, dass Sie dabei von Verleumdung zu leiden haben. Sie müssen nicht verzagen und das Herausgeben Ihrer Zeitschrift aufhören. Jede Numer, die ich bekomme, lese ich durch mit grössten Interesse und Vergnügen. Ihren Artikel über Anarchie3 werde ich auch übersetzen lassen. Er hat mir besonders gefallen.4 Ich hatte vor einigen Wochen einen Aufsatz angefangen über die einfachsten und zugängligsten Mitteln der Erlösung von der Knechtschaft, in welcher wir leben,5 und dieser Aufsatz wäre eben, was Sie für Ihre Zeitschrift wünschen, aber jetzt habe ich andere Arbeiten am Werktisch.6 Wenn ich aber mit diesen fertig bin, werde ich mit dem grössten Vergnügen diesen Artikel für Ihre Zeitschrift senden.\nMit der internationaler Edition habe ich noch nichts angefangen, aber die Idee nicht verlassen.\nIhr Freund Leo Tolstoy.\n3/15 Juli 1895.\n\nДорогой друг,\nВаш друг Лев Толстой.\n",
  "notes" : [ "Простите, что так долго вам не отвечал. Смерть ребенка и последовавшая за этим болезнь жены и моя собственная, от которой я только что оправился, были тому причиной. Ваши посылки и письма1 я все получил и, насколько помню, на вашу брошюру «Ирод»2 уже ответил. Как бы там ни было, отвечаю вам сейчас на ваше письмо от 20 июня. Отношение к вам социал-демократов не представляет для меня ничего нового. Это только доказательство того, что ваша деятельность важна и потому кажется социал-демократам опасной. Мне только жаль, что вам приходится при этом терпеть клеветы. Вы не должны падать духом и прекращать издание вашего журнала. Каждый номер, который я получаю, я прочитываю с величайшим интересом и удовольствием. Вашу статью об анархизме3 я также дам перевести. Она особенно мне понравилась.4 Несколько недель тому назад я начал статью о самых простых и доступных способах освобождения от рабства,5 в котором мы живем, и эта статья как раз подошла бы для вашего журнала, но сейчас я занят другими работами.6 Как только с ними справлюсь, я с величайшим удовольствием пошлю эту статью для вашего журнала.", "Для международного издания я еще ничего не сделал, но мысль о нем не оставил.", "Печатается по тексту, опубликованному в книге Э. Кейхеля «Die Rettung wird kommen», Hamburg, 1926, стр. 33, с датой «3/15 июля 1895 г.».", "1 В архиве Толстого сохранились письма Шмита от 13/1 и 14/2 мая и 20/8 июня, сопровождавшиеся, как это видно из текста письма, посылками номеров его журнала «Религия духа».", "2 О брошюре Шмита «Herodes» («Ирод») см. письмо № 60, прим. 19.", "3 Статья Шмита «Anarchie» была напечатана в «Религии духа» 1895, № 3, стр. 69—80; в ней он излагал свой идеал такого будущего строя, при котором будет устранен всякий эгоизм, а вместе с ним и всякое принуждение — государство и закон.", "4 Эта фраза, пропущенная в немецком издании, восполнена на основании машинописной копии, сохранившейся в архиве H. Л. Оболенского в ГМТ.", "5 Под этим следует, быть может, разуметь статью «Бессмысленные мечтания» (см. т. 31), поводом к которой послужила известная речь Николая II представителям земств 17 января 1895 г., чрезвычайно возмутившая Толстого, упомянутая в Дневнике 7 мая 1895 г. (т. 53, стр. 30).", "6 Работой над романом «Воскресение» и над «Катехизисом». О том и о другом неоднократно упоминается в записях Дневника летом 1895 г. (т. 53)." ],
  "source" : "Письма. 1895 г."
}