{
  "id" : "115",
  "to" : [ {
    "firstName" : null,
    "lastName" : null,
    "paternalName" : null,
    "originalEntry" : "* 115. C. H. Толстому."
  } ],
  "date" : -2160759600000,
  "place" : "Я П",
  "content" : "* 115. C. H. Толстому.\nЕще ехавши из Москвы два месяца тому назад,1 я всё радовался мысли, что, приехав в Ясную, съезжу к тебе и повидаюсь. Но вышло так, что не совсем здоровилось, началось леченье, потом болезнь.2 Так что, живя близко, чувствую себя дальше от тебя, чем в Москве. Хорошо, что есть Maшa, кот[орая] мне всё хорошо и подробно о тебе рассказывает. Я думаю, что у вас теперь с приездом Веры,3 кот[орую] целую, всё так хорошо, как может быть при существующих условиях. Прошедшего не вернешь и не переделаешь, а настоящее при всех возможных условиях может быть хорошо, если мы только употребляем то средство доброты, неосуждения и смирения, кот[орое] всё исправляет и даже часто пользуется дурными условиями, чтобы сделать жизнь лучше. Судя по рассказам Маши, ты это самое и делаешь, и я очень радуюсь этому. Когда, как мы с тобой, так близки к переезду через главный перевал, все отношения в этом мире теряют свою задорность, и важны только всё более и более устанавливающиеся отношения с богом. Так, по крайней мере, у меня и особенно сильно было во время болезни. И того же желаю очень тебе. Верно, оно и есть. Мне во время всей моей болезни было очень, очень хорошо. Одно смущало и смущает меня, что так ли это было бы, если бы за мной не было такого облегчающего болезнь — боли — ухода. Если бы я лежал во вшах на печи с тараканами под крик детей, баб, и некому бы было подать напиться. Теперь мне совсем хорошо, только слабость — хожу, но не схожу вниз и продолжаю писать то, что кажется нужным. Прощай пока, целую тебя, Марью Мих[айловну], Веру.\nЛ. Т.\n\nУ меня теперь чувство, как будто на последней станции от того места, куда я еду не без удовольствия, по крайней мере, наверное без неудовольствия, нет лошадей, и надо дожидаться, пока приедут обратные или выкормят. И на станции недурно, и я стараюсь с пользой и приятностью провести время. Кстати отдохнешь, почистишься, и веселее будет ехать последний перегон.\n",
  "notes" : [ "Печатается по копии, сделанной М. JI. Оболенской и тогда же отпечатанной в копировальной книге № 3, лл. 153—154. Дата копии. Отрывок, без указания даты, впервые опубликован в Б, IV, стр. 40.", "1 7 (8?) мая 1901 г.", "2 Толстому нездоровилось весну и лето 1901 г. Новая болезнь бурно началась в ночь с 27 на 28 июня. В продолжение десяти дней положение было угрожающим. 1 июля С. А. Толстая писала Т. А. Кузминской: «Доктор живет неотлучно до завтра вечера и говорит, что завтрашний день все решит. Если сердце угомонится, то Левочка может еще на этот раз встать: но во всяком случае жить долго не может». Приехавший 5 июля московский врач В. А. Щуровский нашел, что основная болезнь Толстого — малярия. 4—6 июля наступило улучшение. Для окончательного выздоровления решено было, по совету врачей, осенью переехать в Крым. См. П. А. Буланже, «Болезнь JI. Н. Толстого в 1901—1902 гг.» — «Минувшие годы» 1908, 9, стр. 38—43; П. И. Бирюков, «Биография JI. Н. Толстого», IV, М.—П. 1923, стр. 38—41.", "3 Вера Сергеевна Толстая, дочь С. Н. Толстого. См. письмо № 144." ],
  "source" : "Письма. 1901 г."
}