{
  "id" : "115",
  "to" : [ {
    "firstName" : "Гр",
    "lastName" : "С",
    "paternalName" : "А",
    "originalEntry" : "115. Гр. А. С. Уварову."
  } ],
  "date" : -2764263600000,
  "place" : "Я. П",
  "content" : "115. Гр. А. С. Уварову.\nМногоуважаемый Граф Алексей Сергеевич!\nЯ был на днях в Москве, но к сожалению не застал вас. В Поречье-же1 ехать, чего мне давно хочется, я не имел времени. Надеюсь сделать это другой раз, если не буду у вас лишний.\nВидеть же мне особенно хотелось вас по делу. — Почему-то мне кажется, что вы не откажете мне; и по тому же самому мне легко будет принять ваш отказ, если нельзя исполнить моей просьбы. — Если же вы исполните мою просьбу, вы будете иметь на меня вечный неоплатный вексель; и я ваш слуга во всем, чем могу быть вам полезен.\nВот в чем просьба: у вас в музее2 будут служащие. Мой друг с детства и дядя моей жены, Конст[антин] Александр[ович] Иславинъ3 желал бы получить место у вас, главное, я бы желал чтобы он получил место у вас; потому что такое место по нем и он будет на нем очень полезен. Главныя характеристическия черты его следующия: хорошее образование — энциклопедическое, доброта, мягкость и большой такт в обращении и главное — выдающееся художественное чутье и вкус. Вы его, я думаю, встречали. Он был последние пять лет секретарем редакции Моск[овских] Вед[омостей]. —\nТребования его самые ограниченныя — то, чтò бы дало возможность существовать независимо холостяку. Работать он может и хочет. — Адрес его теперь — Денежный пер[еулок] дом Волконской. —\nЕсли это возможно, сделайте это, пожалуйста, милый Граф. —\nПрошу передать мой душевный привет Графине4 и всем вашим.\nВаш Л. Толстой.\n28 Мая 1882.\n\nНа конверте:\nЕго Сиятельству Графу Алексею Сергеевичу Уварову.\n",
  "notes" : [ "Печатается по автографу, хранящемуся в Древлехранилище Центрархива. Впервые опубликовано в журн. «Красный архив», 1924, 7, стр. 251.", "Гр. Алексей Сергеевич Уваров (1828—1884) — археолог; сын министра просвещения гр. С. С. Уварова. В 1845 г. окончив Петербургский университет, довершил образование в Германии и Италии (где одно время служил при посольстве). В 1848 г. организовал раскопки на юге России, на основании которых написал книгу: «Исследование древностей южной России и берегов Черного моря», создавшую скоро имя автору. В 1851 г. он предпринял раскопки с целью изучения княжества Суздальского. Результатом этой работы явилась его книга: «Меряне и их быт по курганным раскопкам». В 1864 г. А. С. Уваров является одним из основателей Московского Археологического общества, где занимает пост председателя, сохраняя его за собой до своей смерти. Завершает свою деятельность гр. А. С. Уваров устройством Исторического музея в Москве, который к 1883 году частью уже был открыт. В 1881 г. вышел первый том сочинений гр. А. С. Уварова: «Археология России. Каменный период». Помимо этого, много статей им помещено в «Древностях» (изд. Московского Археологического общества) и «Археологическом вестнике». См. кн.: «Незабвенной памяти гр. А. С. Уварова». Казань. 1885.", "1 Поречье — Московской губ., Можайского у., имение гр. Уваровых.", "2 Исторический музей, одним из основателей которого являлся гр. А. С. Уваров. В то время музей уже подготовлялся к открытию.", "3 См. прим. 1 к письму № 84.", "4 Гр. Прасковья Сергеевна Уварова (1840—1924), рожд. кж. Щербатова, жена гр. А. С. Уварова. По смерти своего мужа явилась продолжательницей его дела. О ней подробнее см. в прим. к письмам Толстого к ней, т. 60." ],
  "source" : "Письма. 1882 г."
}