{
  "id" : "115",
  "to" : [ {
    "firstName" : "Л",
    "lastName" : "Никифорову",
    "paternalName" : "П",
    "originalEntry" : "115. Л. П. Никифорову."
  } ],
  "date" : -2072458800000,
  "place" : "Я. П.",
  "content" : "115. Л. П. Никифорову.\nДорогой Лев Павлович,\nПоследнее письмо ваше с выписками из библии получил. Некоторые очень хороши. Большая же часть слишком известна. Желание ваше о портрете очень рад буду исполнить, но до сих пор не получил портрета.1 Скажите, какой портрет. Может б[ыть], у меня найдется, я могу вам прислать. Книгу Solidarité2 я знаю. Bourgeois3 давно мне прислал ее, и я поверхностно немного просмотрел ее, и она меня к себе не поманила. Мне показалось, что это нерелигиозная мораль, довольная, низменная французская, как книга Desjardin4 и Wagner’a.5 Мож[ет] быть, я ошибаюсь. Посылаю вам несколько книг.6 Они интересны, и, может быть, вы найдете стоющими извлечь из них то хорошее, к[оторое] есть в них. По миновании надобности возвратите. Посылаю тоже и вашу Solidarité. Я виноват перед вами, что давно не ответил вам на ваш запрос о моем мнении о книжках Карлейля7 и Мадзини.8 Я не ответил просто по неряшеству и теперь очень рад бы был исправить свою ошибку, только не знаю, что именно вы желаете, чтобы я разрешил напечатать: уже сделанные мною отзывы или вновь сделал таковые? В первом случае — очень рад, во втором — постараюсь.\nВы напрасно меня благодарите за разрешение,9 это сделал не я.\nВаши замечания и дальнейшее развитие мысли о трех ступенях сознания мне очень понравились. У меня очень много работы. Всё кажется, что надо сказать несказанное. Радуюсь вашему душевному состоянию. Пожалуйста, пишите мне.\nИскренно любящий и почитающий вас\nЛев Толстой.\n30 апр. 1904.\n",
  "notes" : [ "Печатается по копировальной книге № 6, лл. 136—137. Некоторые слова скопировались нечетко и обведены карандашом.", "Впервые опубликовано в «Ежемесячном журнале» 1914, 1, XXIII, стр. 90—91.", "Ответ на два письма Никифорова от 5 и 14 апреля 1904 г. Первое из них религиозно-философского содержания. Во втором Никифоров писал о своих литературных занятиях.", "1 Никифоров послал Толстому его портрет с просьбой сделать на нем надпись.", "2 Léon Bourgeois, «Solidarité», troisième édition, Paris, 1902 (Леон Буржуа, «Солидарность», изд. 3-е). Это издание имеется в яснополянской библиотеке.", "3 Леон Буржуа (Léon Bourgeois, 1851—1925) — французский буржуазный политический деятель.", "4 Какую книгу Desjardin имел в виду Толстой, установить не удалось.", "5 G. Wagner, «La vie simple», deuxième édition, Paris, 1895 (Г. Вагнер, «Простая жизнь»,изд. 2-е). В этом издании книга имеется в яснополянской библиотеке.", "6 Какие книги послал Толстой Никифорову, неизвестно.", "7 Томас Карлейль, «Загадка сфинкса», перевод Л. П. Никифорова, М. 1900.", "8 В яснополянской библиотеке имеется книга: Иосиф Мадзини, «Об обязанностях человека», перевод Л. П. Никифорова, «Этико-художественная библиотека», вып. 12, М. 1902. Никифоров хотел переиздать эти книги с предисловием или отзывом о них Толстого. Переиздание книги Карлейля не осуществилось. Книга Мадзини была переиздана в 1909 г.: И. Мадзини, «Об обязанностях человека», перевод Л. П. Никифорова, изд. «Посредник», 1909. Предисловия Толстого в ней не было.", "9 Никифоров сообщал в письме от 14 апреля, что им получено разрешение заниматься переводами и право их издания." ],
  "source" : "Полное собрание сочинений. Том 75"
}