{
  "id" : "115",
  "to" : [ {
    "firstName" : "Д",
    "lastName" : "Масло",
    "paternalName" : "Г",
    "originalEntry" : "* 115. Д. Г. Масло."
  } ],
  "date" : -1875207600000,
  "place" : "Я. П.",
  "content" : "* 115. Д. Г. Масло.\n31 июля 10 г. Ясная Поляна.\nМасло.\nКак вам должно поступить перед богом и своей совестью, не может быть никакого сомнения, и вы сами в глубине души очень хорошо знаете: вам должно оставить Марию и вернуться к жене. Должно вам поступить так, во-первых, потому, что, прерывая связь с Марией и возвращаясь к жене, вы избавляете жену от величайшего несчастья: ревности, злобы и упреков вам и Марии. Саму же Марию избавляете от неизбежно испытываемых ею, если она хорошая женщина, укоров совести и страданий, которые она теперь испытывает и по всем вероятиям будет еще в сильнейшей степени испытывать в будущем. Во-вторых, вам должно поступить так потому, что, оставаясь с Марией, вы угождаете себе, своему эгоизму, отрываясь же от нее, вы отрекаетесь от своего личного счастья ради добра и истины, ради исполнения нравственно-религиозного закона. А самоотречение, как ни тяжело бывает в ту минуту, когда совершается, всегда сторицей вознаграждается внутренним душевным спокойствием, которое одно дает истинное благо.\nОт вас будет зависеть, последуете ли вы моему совету или нет, но считаю нужным сказать вам то, что я, как умел, от всей души и всего своего разума, обдумав ваш вопрос, отвечаю вам, любя вас и желая истинного добра и вам, и тем двум женщинам, с которыми вы связаны.\n",
  "notes" : [ "Печатается по копии, сверенной с черновиком-автографом, начатым на конверте письма Масло, продолженным на полулисте почтовой бумаги и подписанным инициалами: Л. Т.", "Ответ на письмо Доминика Григорьевича Масло из Харькова, в котором Масло писал Толстому про свою семейную жизнь и просил совета.", "Масло женат семнадцать лет; имеет двух дочерей — пятнадцати и двенадцати лет; жена в течение последних шести лет больна. В 1909 г. он встретил одну женщину — Марию, находившуюся в крайне бедственном положении, помог ей материально и потом сошелся с ней. В 1910 г. оставил семью и живет с Марией в другом городе, но тоскует без детей, которых очень любит. Обращался за советом к римско-католическому духовенству, так как сам католик. Духовенство требует его возвращения к семье. «Терзания совести, — пишет Масло, — заставили меня обратиться к вам за советом, многоуважаемый Лев Николаевич. Я себе дал честное слово, что Ваш совет для меня будет роковым; как Вы посоветуете, так и исполню: вернуться к детям и жене или навсегда остаться жить с Марией. Но, как бы то ни было, я послушаю Вашего решения, хотя бы стоило это жизни одному из нас (подразумеваю здесь Марию и себя)»." ],
  "source" : "Письма 1910 гг."
}