{
  "id" : "115",
  "to" : [ {
    "firstName" : "А",
    "lastName" : "Пругавину",
    "paternalName" : "С",
    "originalEntry" : "115. А. С. Пругавину."
  } ],
  "date" : -2227719600000,
  "place" : "Я. П.",
  "content" : "115. А. С. Пругавину.\nПосылаю вам, дорогой А[лександр] С[тепанович], часть полученных мною от жертвователей денег, 441 р., прося вас распределить их наилучшим образом на помощь страждущим.\nЖелаю вам всего лучшаго.\nЛ. Толстой.\n29 Мая.\n\nНа конверте: Самара. Александру Степановичу Пругавину.\n",
  "notes" : [ "Печатается по автографу, хранящемуся в ИЛ. Письмо «заказное», запечатано сургучной печатью с инициалами «К. Т» и сдано на почту в Москве. На письме пометка адресата: «№ 3. Получ. 5 июня». Дата дополняется по почтовому штемпелю: «Москва, 1 июня 1899». Впервые опубликовано в статье А. С. Пругавина «Письма и записочки Л. Н. Толстого» — «Вестник Европы» 1911, 2, стр. 278.", "Как было указано выше, в 1899 г. получавшиеся пожертвования в пользу голодающих Поволжья Толстой направлял в Самару, на имя А. С. Пругавина. См. письма №№ 57 и 89." ],
  "source" : "Письма 1899 г."
}