{
  "id" : "115",
  "to" : [ {
    "firstName" : null,
    "lastName" : null,
    "paternalName" : null,
    "originalEntry" : "*115. А."
  } ],
  "date" : -1948215600000,
  "place" : "Я. П.",
  "content" : "*115. А. и Г. Павленко и Я. Стрижаку.\nЯсная Поляна.\nЛюбезные братья Григорий, Яков и Авраам,\nОчень рад был получить известие о вас и ваш дорогой мне привет. Радуюсь тому, что вы так же крепки в вере, как и были прежде. Помогай вам бог жить в любви и согласии между собою и со всеми братьями, окружающими вас. Посылаю вам несколько книг, которые, может быть, вам пригодятся.1 При случае извещайте о себе; мне всегда радостно будет знать о вас. Прощайте, братски целую вас и ваши семейства.\nЛев Толстой.\n7 апр. 1908.\n",
  "notes" : [ "Печатается по копировальной книге № 8, л. 178, куда вклеен дубликат подлинника, написанного на машинке (в дубликате собственноручные подпись и дата восстановлены рукой H. Н. Гусева). Продиктовано в фонограф.", "Ответ на письмо Авраама Павленко (р. 1850), Григория Павленко (р. 1875) и Якова Стрижака (р. 1838) — крестьян с. Павловки Харьковской губ., сосланных в Забайкальскую область за разгром церкви в 1901 г. (см. т. 73, стр. 160). Корреспонденты поздравляли своего «неоцененного защитника» с днем 80-летия. «По получении нашего приветствия отзовитесь к нам своим любезным голосом, ибо мы сироты в мире сем, и призревают [презирают] нас и называют: богоотступники», — писали они в письме от 15 марта 1908 г. (написано очень безграмотно).", "1 В ответном письме от 26 мая Г. Павленко сообщил, что книги не получены." ],
  "source" : "Письма. 1908 г."
}