{
  "id" : "115",
  "to" : [ {
    "firstName" : null,
    "lastName" : null,
    "paternalName" : null,
    "originalEntry" : "* 115. Тоду."
  } ],
  "date" : -2313082800000,
  "place" : "Я П.",
  "content" : "* 115. Тоду.\n13 сентября 1896.\nЯ получил ваше письмо и книгу и очень благодарен вам за то и другое. Книга очень замечательная, и я многое почерпнул из нее. Метафизическая сторона учения, установление того, что есть истинное я человека, превосходна. В этой области до сих пор человечество отступало от такого истинного, высокого и ясного понимания основы жизни, что не пошло дальше его.\nС вашим замечанием о том, что изгнание из храма есть противоречие учению о непротивлении злу, я не согласен: учение о непротивлении злу относится к людям и к употреблению насилия против них, а изгнание скота из храма и upsetting the money tables1 не есть насилие против людей.\nПоверьте, что я не защищаю quand même.2 Мне это не нужно, так как я первым правилом при изучении писаний ставлю не только право, но обязанность критиковать их. Я не согласен потому, что мне кажется, вы неправильно понимаете смысл непротивления. Что же касается до вашего замечания о том, что в учении Христа недостает указания на милосердие к животным, то я совершенно согласен с ним. Что же касается до вашего несогласия со мной насчет значения дарвинизма, то мне кажется, что в выраженных вами мыслях есть недоразумения, разъяснить которые, как и всякое недоразумение, невозможно в письме.\nВы пишете, что книги мои в Англии продаются дорого и желательно бы иметь их в дешевых изданиях. Я очень желал бы этого, но книги мои в Англии продаются теми, которые берут на себя труд переводить и издавать их. Право издания предоставлено всем желающим. И поэтому если они не печатаются в дешевых изданиях, то только потому, что на них нет спроса и потому невыгодно.\nЕще раз очень и очень благодарю вас за ваше доброе письмо и прекрасную книгу. Я очень рад общению с вами и желал бы не прекращать его.\nЛ. Т.\n",
  "notes" : [ "Печатается по машинописной копии. Дата копии, подтверждаемая записью в Дневнике Толстого от 14 сентября 1896 г. (т. 53, стр. 106).", "Адресат — индус, приславший Толстому письмо и английскую книгу своего соотечественника Свами Вивекананда «Joga’s Philosophy. Lectures on Râja Joga or conquering internal nature». By Swâmi Vivekânanda» («Философия йога. Лекция о раджайоге, или овладение внутренней природой»), Нью-Йорк, 1896. См. т. 53, стр. 106 и 454.", "1 Опрокидывание столов с деньгами.", "2 Во что бы то ни стало." ],
  "source" : "Письма. 1896 г."
}