{
  "id" : "115",
  "to" : [ {
    "firstName" : "Н",
    "lastName" : "Некрасову",
    "paternalName" : "А",
    "originalEntry" : "115. Н. А. Некрасову."
  } ],
  "date" : -3002900400000,
  "place" : "Я. П.",
  "content" : "115. Н. А. Некрасову.\nМилостивый государь\nНиколай Алексеевич!\nОчень рад, что статья моя понравилась вам и вообще редакции О[течественных] з[аписок]. Соглашаясь с нею, я надеюсь, что редакция захочет и сумеет защитить этот взгляд на народное образование от тех нападений, которые будут на него направлены со стороны тупоумия и чиновничества. И радуюсь тому, что Н. К. Михайловский не оставил своего намерения высказаться по этому случаю.1 Если я могу быть ему полезен для справок и разъяснений, то я к его услугам. —\nС совершенным уважением и преданностью вам\nгр. Л. Толстой.\n4 ноября.\n",
  "notes" : [ "Впервые опубликовано в «Литературном наследстве», т. 51-52, М. 1949, стр. 530—531.", "Год определяется письмом Некрасова от 12 октября 1874 г., в котором он сообщал: «Статью Вашу я напечатал и, выждав несколько времени, пишу Вам, что все наши сотрудники отзываются о ней с сочувствием и единодушными похвалами. Публика петербургская не читает, а если читает, то молчит. Мне Ваша статья очень по душе, и я думаю, что дело народного образования, которым Вы занимаетесь, есть главное русское дело настоящего времени. Н. К. Михайловский еще не покинул желания высказаться в «Отечественных записках» по вопросам педагогическим и сделает это, как только представится случай. Я очень доволен, что украсил журнал и хорошею статьею и Вашим именем» (Н. А. Некрасов, Полное собрание сочинений и писем, т. XI, М. 1952, стр. 338).", "1 См. статьи Михайловского в «Отечественных записках», 1875, №№ I и V—VII." ],
  "source" : "Письма. 1874 г."
}