{
  "id" : "115",
  "to" : [ {
    "firstName" : "В",
    "lastName" : "Стасову",
    "paternalName" : "В",
    "originalEntry" : "115. В. В. Стасову."
  } ],
  "date" : -2597598000000,
  "place" : "Я. П.",
  "content" : "115. В. В. Стасову.\nВладимир Васильевич! Писем от Крамского1 у меня было, кажется, два: давнишнее и мало интересное, к[оторое] едва ли найду, а другое интересное — оно в Москве. Когда приеду или жена поедет раньше меня, попрошу ее найти и прислать вам. Портрет Репина уложен и завтра отсылается.2 Дружески жму вам руку.\nЛ. Толстой.\n\nНа обратной стороне открытки:\nПетербург. Публичная библиотека. Владимиру Васильевичу Стасову.\n",
  "notes" : [ "Впервые опубликовано в книге «Лев Толстой и В. В. Стасов. Переписка. 1878—1906», Л. 1929, стр. 79. Датируется на основании почтовых штемпелей.", "О Владимире Васильевиче Стасове (1824—1906) см. т. 62. Толстой отвечает на письмо В. В. Стасова от 31 августа 1887 г. («Лев Толстой и B. В. Стасов. Переписка. 1878—1906», Л. 1929, стр. 77—78).", "1 Иван Николаевич Крамской (1837—1887), художник. В. В. Стасов просил Толстого прислать для подготовлявшейся им тогда биографии И. Н. Крамского письма его к Толстому. В архиве Толстого имеются два письма И. Н. Крамского: 1) к Толстому от 29 января 1885 г.; 2) к C. А. Толстой от 3 сентября 1883 г. Первое из них напечатано в книге: В. В. Стасов, «Иван Николаевич Крамской. Его жизнь, переписка и художественно-критические статьи. 1837—1887», СПб. 1888, стр. 512—516.", "2 См. письмо № 111, прим. 3." ],
  "source" : "Письма. 1887 г."
}