{
  "id" : "115",
  "to" : [ {
    "firstName" : "Л",
    "lastName" : "Никифорову",
    "paternalName" : "П",
    "originalEntry" : "115. Л. П. Никифорову."
  } ],
  "date" : -2507137200000,
  "place" : "Я. П.",
  "content" : "115. Л. П. Никифорову.\nСейчас получил ваше письмо, дорогой Лев Павлович, и очень благодарен вам за то, что вы написали мне о своем, не скажу горе, но затруднении. Очень желаю быть вам полезным и вот посылаю вам то, что придумал: 1) Роман английский Edna Lyall, Donavan.1 Он не новый — лет 5 ему — но почти наверно не переведенный, а между тем очень заслуживающий того: роман с серьезным религиозным содержанием. Я думаю, что Гайдебуров напечатает его в Неделе, несмотря на некоторую опасность в цензурн[ом] отношении, и я охотно напишу ему об этом. Есть еще другой роман того же автора, служащий продолжением этому, We Two.2 Если этот годится, я пришлю другой. 2) Книжечка весьма оригинального и смелого поэта Walt Whitman.3 Он в Европе очень известен, у нас его почти не знают. И статья о нем с выборкой переведенных его стихотворений будет, я думаю, принята всяким журналом (Р[усской] М[ыслью] я уверен, — тоже могу написать). Переводить его стихи не трудно, т[ак] к[ак] и подлинник без размера и рифмы. 3) Drummond’a The greatest thing in the world,4 небольшая статья о любви, прекрасная и имевшая большой успех в Европе. Не знаю только, в какой журнал поместить.5 4) Роман Howels,6 лучшего и очень замечательного американского романиста, с хорошим современным содержанием и прекрасно написанный. Это, если только не переведено, должно быть принято с радостью всяким журналом. Еще посылаю вам хорошенький рукописный рассказ Houthorn’a7 и другой Theuriet.8 Оба годятся для фельетона и для Посредника.\nЕще чем не могу ли служить? Приходит в голову, что в нашей большой роскошно живущей семье так много лишнего, что хотелось бы поделиться, если бы вы позволили прислать и указали бы то, чего больше всего недостает, и возраст и рост детей. Я живу попрежнему, недовольный внешними формами своей жизни, и пытаясь улучшить внутреннюю жизнь. Здоровье хорошо, работаю понемногу. Вас всегда был очень рад видеть и теперь больше, чем когда-нибудь.\nЛюбящий вас Л. Толстой.\nКак завидно сложилась ваша жизнь. Помогай вам бог.\nКнижки мои, пожалуйста, не заменяйте.\n",
  "notes" : [ "Впервые опубликовано без даты с ошибками в «Ежемесячном журнале» 1914, I, стр. 87. Дата определяется первыми словами письма и почтовым штемпелем «Москва, 21 июля 1890» на конверте недатированного письма Никифорова, на которое отвечает Толстой.", "Лев Павлович Никифоров (1848—1917) — революционно настроенный народник, в молодости подвергавшийся гонениям и ссылкам, в 1880—1890-х гг. разделял взгляды Толстого. Занимался переводами. См. т. 63, стр. 318—319.", "Ответ на письмо Никифорова без даты, в котором он извещал Толстого, что вследствие пожара у него сгорело всё «до нитки», и просил оказать помощь, прислав или указав книгу, пригодную для перевода. Никифоров сообщал, что сгорели и две книги о Джоне Рескине, взятые им у Толстого, но что он выписал новые и вернет их.", "1 Edna Lyall (Эдна Лайэль) — псевдоним английской романистки Ada Ellen Вауly (Ада-Элен Бэли, 1857—1903). Наиболее известный ее роман «Donovan» вышел в Англии в 1882 г.", "2 Роман «We Two» («Мы двое») вышел в Англии в 1884 г.", "3 Walt Whitman (Уот Уитмен, 1819—1892) — американский поэт-демократ. Книга Уитмена, упоминаемая Толстым и сохранившаяся в яснополянской библиотеке: Walt Whitman, «Leaves of Grass», Walter Scott, London 1887 (Уот Уитмен, «Листья травы», изд. Вальтера Скотта).", "4 Брошюра английского богослова и естествоиспытателя Генри Друммонда (1851—1897) «The greatest Thing in the World» («Самое великое в мире»), вышедшая в 1889 г. В яснополянской библиотеке сохранилось шестое издание (Лондон 1890).", "5 Здесь сделана сноска рукой Татьяны Львовны: «Отец просмотрел еще раз эту книгу и не одобряет ее, поэтому я ее и не посылаю, он не велел. Татьяна Толстая».", "6 William Dean Howells (Уильям-Диан Хоуэлз или Гоуэлс (1837—1920) — американский писатель-реалист. По свидетельству посетившей Толстого в то время американки мисс Гапгуд, Толстой хвалил роман Хоуэлза «The undiscovered country» («Неведомая страна»)» В яснополянской библиотеке сохранился роман Хоуэлза «The Rise of Silas Laphan», Boston 1884 («Карьера Сайлеса Лафена», Бостон).", "7 Nathaniel Hawthorne (Натаниель Гоуторн, 1804—1864) — американский писатель, автор многочисленных рассказов. В письме с почтовым штемпелем «Тверь 12 ноября 1890 г.» Никифоров сообщал: «Готорна я перевел и послал в одну провинциальную газету».", "8 André Theuriet (Андре Терье, 1833—1907) — французский писатель и поэт, воспевавший патриархальную деревню." ],
  "source" : "Письма. 1890 г."
}