{
  "id" : "115",
  "to" : [ {
    "firstName" : "Н",
    "lastName" : "Давыдову",
    "paternalName" : "В",
    "originalEntry" : "* 115. Н. В. Давыдову."
  } ],
  "date" : -2303578800000,
  "place" : "1880—1897 гг. Я. П.",
  "content" : "* 115. Н. В. Давыдову.\nБудьте добры, Николай Васильевич, посоветуйте этому подателю, как ему поступить для удержания того, что он приобрел. На наследство, я не знаю, имеет ли он право.\nЛ. Толстой.\n\nМы вчера вернулись. Как всегда вам рады.\n",
  "notes" : [ "Датируется по почерку и временем пребывания Н. В. Давыдова в Туле." ],
  "source" : "Письма 1840—1910 гг."
}