{
  "id" : "115",
  "to" : [ {
    "firstName" : "Софье",
    "lastName" : "Толстой",
    "paternalName" : "Андреевне",
    "originalEntry" : null
  } ],
  "date" : -2944926000000,
  "place" : "Казань.",
  "content" : "115.\nПишу тебе, милый друг, из Казани, сегодня, 5-го, в 11 часов вечера, и не с парохода, а из самаго города Казани, куда мы приехали ночевать, так как, от безпорядицы Самолетскаго парохода, на который мы к несчастию попали и к[оторый] сел на мели и сломался, мы потеряли целыя сутки. Ты не можешь себе представить, как это обидно, когда, как я, считаешь каждую минуту и для тебя, и еще более для себя. Поездка по Волге до сих пор имела мало приятнаго — теснота и купеческое общество. Впрочем, я нашел несколько интересных и даже очень интересных людей, в том числе купца Деева,1 владетеля 100 тысяч дес[ятин] земли, с кот[орым] я теперь сижу в номере, в то время как Николенька с Хивинцем пошли в Казанской театр. Был еще Татарин, поп. —\nПогода прелестная, здоровье хорошо. Вы верно ездите за грыбами. Пожалуйста, не езди на Шарике.2\nОб Оренбургском плане напишу тебе из Самары. В Оренбург мне бы приятно съездить потому, что Деев этот тамошний и мне поможет в покупке лошадей, и там бы я увидал Крыжановскаго.3 Во всяком случае я постараюсь не выйти из 14 дней. —\nКазань возбуждает во мне своими воспоминаниями неприятную грусть.4 Ах, только бы ты и дети, главное ты была здорова и спокойна. Целую тебя, душенька голубчик мой, целуй детей и кланяйся Софеш,5 если она у нас и Mr. Rеу.6 —\nТвой Л.\n\nПисать как будто очень хочется.7\n\nНа конверте: В Тулу. Ея Сиятельству Графине Софье Андреевне Толстой.\n",
  "notes" : [ "Печатается по автографу, хранящемуся в АТБ. Впервые опубликовано по копии, сделанной С. А. Толстой, в ПЖ, стр. 106—107. Датируется на основании первых слов письма: «Пишу тебе..... из Казани, сегодня, 5-го». Почтовые штемпеля: «Казань. 6 сентября 1876; Тула 10 сентября 1876».", "1 Из семьи богачей Деевых, арендовывавших в компании с другими лицами Илецкие казенные копи.", "2 Шарик — лошадь из киргизских степей. Описывая проводы Т. А. Кузминской 3 сентября (в письме от 7 сентября), С. А. Толстая писала: «Таня сестра и я поехали в тележке, и Степа на приступке правил Шариком и Гнедым».", "3 Николай Андреевич Крыжановский (1818—1888). Во время Восточной войны был начальником штаба артиллерии. После взятия Севастополя поручил Толстому написать общий отчет о действиях русской артиллерии во время последней бомбардировки. В 1857—1860 гг. — начальник артиллерийской академии. Затем был варшавским генерал-губернатором. В 1865—1881 гг. — оренбургский генерал-губернатор.", "4 В Казани Толстой жил у опекунши П. И. Юшковой с 1841 г. по 1847 г.", "5 С. Р. Войткевич, вышедшая в июле 1877 г. замуж за Д. А. Дьякова. О ней писала С. А. Толстая 7 сентября: «За Софеш я распорядилась, чтоб выехал тарантас Ермилина, как ты говорил, и она благополучно приехала в первом часу. Сначала я ей не очень обрадовалась, но теперь мне с ней приятно, и я по вечерам не скучаю с ней и Степой... Софеш, бедная, очень грустна и несчастлива, всё плачет и мне рассказывает свое горе и свое предшествующее горе-счастье, а первые два дня на меня, и без того грустную, она навела такую тоску, что я не знала, куда деваться. Теперь она спокойнее и я веселее» (ПСТ, стр. 133).", "6 В письме от 7 сентября С. А. Толстая писала: «Mr Rey всякий день ходит с ружьем и Снобом, и вчера было за столом десять штук его дичи, из которых, кажется, два дупеля и два бекаса. А вчера же он убил двух вальдшнепов, и очень горд и весел. Мы с ним в хороших отношениях. Вместе устроили ordre du jour [распорядок дня], делая уступки друг другу, как нам удобнее, и по моему отлично расписали занятия детей. Вчера уже учились очень охотно и довольно хорошо, но мальчики подрались на гулянье, и им поставили по два за поведение. Баллы я тоже начала ставить; всё на зимнем положении, но при чудесной летней погоде» (ПСТ, стр. 133).", "7 «Анну Каренину». Предстояло дописать конец пятой части романа, напечатанный в № 12 «Русского вестника» за 1876 г." ],
  "source" : "Письма к С. А. Толстой 1862-1910 гг."
}