{
  "id" : "115",
  "to" : [ {
    "firstName" : null,
    "lastName" : null,
    "paternalName" : null,
    "originalEntry" : "* 115. Неизвестной (Варваре Николаевне)."
  } ],
  "date" : -1919185200000,
  "place" : "Я. П.",
  "content" : "* 115. Неизвестной (Варваре Николаевне).\nЯсная Поляна. 9 марта 09 года.\nВарвара Николаевна,\nУничтожить жизнь нельзя, испортить можно. Главная порча в том, чтобы поступать противно воле бога. Воля бога в том, чтобы мы жили, и жили по его закону; а закон его в том, чтобы мы во всяком положении любили всех, с кем входить в общение.\n",
  "notes" : [ "Печатается по дубликату подлинника. Сверено с черновиком-автографом, написанным на конверте письма адресата.", "Об адресате сведений не имеется. На одной из копий этого письма из AЧ рукой неизвестного помечено: «Варваре Николаевне Да-Винчи».", "Ответ на письмо Варвары Николаевны (фамилия в письме не указана) от 6 марта 1909 г. (почт, шт.) из Петербурга, которая писала о недовольстве своей жизнью и спрашивала: «Могу я сама кончить эту жизнь? »" ],
  "source" : "Письма 1909 г."
}