{
  "id" : "115",
  "to" : [ {
    "firstName" : "С",
    "lastName" : "Егорову",
    "paternalName" : "В",
    "originalEntry" : "* 115. С. В. Егорову."
  } ],
  "date" : -2018545200000,
  "place" : "Я. П.",
  "content" : "* 115. С. В. Егорову.\nЯ не помню, получал ли от вас письма.1 Если и получил, то не отвечал, п[отому] ч[то] считаю ваше посещение меня совершенно излишним и неудобным как для вас, так и для меня. Всё, что я знаю, я высказал в своих писаниях. Напишите, что вас интересует, и, если мои статьи отвечают на ваши вопросы, я вышлю их вам.\nПока высылаю вам собрание Мыслей.2 Ежедневное чтение этой книги я считаю полезным.\nЛев Толстой.\n14 янв. 1906.\n",
  "notes" : [ "Печатается по копировальной книге № 6, лл. 465—466.", "Сергей Васильевич Егоров — сын крестьянина-плотника д. Лузгарино, в 1906 г. учился в 3-м классе прогимназии г. Егорьевска Рязанской губ.", "Ответ на письмо Егорова от 12 января 1906 г.", "1 В ГМТ хранится восемь писем С. В. Егорова к Толстому.", "2 Сборник «Мысли мудрых людей на каждый день». См. т. 39." ],
  "source" : "Письма. 1906 г."
}