{
  "id" : "115",
  "to" : [ {
    "firstName" : "И",
    "lastName" : "Андрюшину",
    "paternalName" : "Р",
    "originalEntry" : "* 115. И. Р. Андрюшину."
  } ],
  "date" : -1976382000000,
  "place" : "Я. П.",
  "content" : "* 115. И. Р. Андрюшину.\nИ. Андрюшину.\n\nПисьмо ваше получил. То, что вы воспитываете детей дома и сами, считаю разумным и правильным. Думаю, что бояться гонений за истину не надо, п[отому] ч[то] гонений этих всё меньше и меньше, а если бы они и были, то христианин не должен тяготиться ими.\nУчить детей ремеслу считаю не только хорошим делом, но не учить детей ремеслу — преступлением, как сказал кто-то.1\nДумаю тоже, что не надо переменять внешнее положение до тех пор, пока нет физической или нравственной невозможности оставаться в нем.\nОт души желаю вам душевного спокойствия и успеха в главном деле всех людей: нравственном совершенствовании.\nЛев Толстой.\n17 мая 1907.\n",
  "notes" : [ "Печатается по копировальной книге № 7, лл. 338 и 339.", "Игнатий Родионович Андрюшин — крестьянин с. Шаблыкино Орловской губ. Окончил сельскую школу. В 1907 г. был надзирателем в лечебнице для душевнобольных в г. Виннице Подольской губ. В письме от 27 апреля 1907 г. И. Р. Андрюшин просил совета в вопросах воспитания детей.", "1 Толстой, вероятно, имел в виду мысль из талмуда: «Не обучать сына какому-нибудь ремеслу — все равно, что приготовлять его к грабежу» («Мысли мудрых людей на каждый день», 16 марта)." ],
  "source" : "Письма. 1907 г."
}