{
  "id" : "115",
  "to" : [ {
    "firstName" : "Эрнесту",
    "lastName" : "Кросби",
    "paternalName" : null,
    "originalEntry" : "* 115. Эрнесту Кросби (Ernest Crosby)."
  } ],
  "date" : -2263402800000,
  "place" : "Москва.",
  "content" : "* 115. Эрнесту Кросби (Ernest Crosby).\n23 April 1898.\nMy dear Crosby,\nI think that Mr. Jones has noted quite rightly in refusing to help in the coercion that was wanted for the general good. (Coercion and all kind of violence is always wanted for the general good). To say that he acted rightly is not the adequate expression. I think he acted as he did because he could not act otherwise. To use coercion for a true christian is like a physical impossibility. And this impossibility is determining the position that such a man can occupy in society. Therefore I think that for a christian it is not necessary to renounce the position that he occupies for the reason of non-conformity of his position with his faith; he must only put in his position — it may be of an emperor, of a hangman, a president, a spy, a priest, a soldier, a judge — act in the position in which the christian enlightenment found him, as his conscience bids him, and the result will be just what it ought to be: he will be chassed from the position that he ocupied and that may be the best thing for him. That is what I think about the difficulty Mr. Jones is in.\nIt is great joy for me to know that there are men like Mr. Jones professing the christian doctrine not only in words but in deeds. Give him please my respect and love.\nWhat a pitiful state of jingoistic hypnotization is your people in now. It is dreadful but gives me nothing unexpected and new. This terrible evil and superstition which is called a virtue and which is unhappily so strong in America — patriotism could not produce anything else. They do not gather grapes from thornes... And so patriotism produces only lies, violence, murder. The sole sorrow of my old age is that I have not succeded to communicate to my brothers the truth which I feel with the same evidence as I feel the light of the sun. That patriotism must lead to lies, violence, murder and the loss not only of material wellbeing but of the greatest moral depravation. I am not yet discouraged and am now writing again on the same subject an article entitled «Carthago delenda est»; I will speak and write on this theme till my last breath because I think patriotism is one of the draedfullest delusions and evils of the world.\nYours truly Leo Tolstoy.\n23 апреля 1898.\n\nДорогой Кросби,\nИскренне ваш Лев Толстой.\n",
  "notes" : [ "Я думаю, что Джонс совершенно правильно поступил, отказавшись помочь в принуждении, которое было нужно для общего блага. (Принуждение и всякого рода насилия всегда необходимы для общего блага.) Сказать, что он поступил правильно, неточное выражение. Я думаю, что он поступил так потому, что не мог поступить иначе. Истинному христианину применять принуждение физическое невозможно. И эта невозможность определяет положение, которое такой человек может занимать в обществе. Поэтому я думаю, что христианину нет необходимости отказываться от того положения, которое он занимает, ввиду несовместимости этого положения с его верой; он должен действовать в том положении, в котором его застало христианское просветление — будь то положение императора, палача, президента, шпиона, священника, солдата, судьи, — должен действовать так, как указывает ему его совесть, и тогда последствия будут таковы, какими они должны быть: он будет лишен занимаемого им положения, и это будет для него наилучшим. Вот что я думаю о затруднении, в котором находится г. Джонс.", "Для меня является великой радостью сознание, что есть такие люди, как г. Джонс, которые исповедуют христианское учение не только на словах, но и на деле. Передайте ему, пожалуйста, мою любовь и уважение.", "В каком жалком состоянии джингоистического гипноза находится сейчас ваш народ.1 Оно ужасно, но в этом для меня нет ничего ни неожиданного, ни нового. Патриотизм, — это ужасное зло и суеверие, которое называется добродетелью и которое так сильно, к сожалению, в Америке,— не мог создать ничего другого. Не собирают с терновника виноград... так и патриотизм рождает только ложь, насилие и убийство. Единственным огорчением моей старости является то, что мне не удалось сообщить моим братьям ту истину, которую я воспринял с такою же ясностью, с какою воспринимаю солнечный свет, а именно, что патриотизм должен приводить ко лжи, насилию, убийству и утрате не только материального благосостояния, но и к огромному моральному извращению. Я еще не отчаиваюсь и теперь опять пишу статью на ту же тему, озаглавленную: «Carthago delenda est»2; я буду говорить и писать на эту тему до последнего вздоха, так как думаю, что патриотизм одно из ужаснейших заблуждений и зол всего мира.", "Печатается по листу копировальной книги. Дата копии нового стиля. 23 апреля старого стиля является датой окончания статьи «Carthago delenda est»).", "Эрнест Говард Кросби (Ernest Howard Crosby, 1856—1906) — американский писатель, сочувствовавший взглядам Толстого. См. т. 70.", "Ответ на письмо Кросби от 19 марта нов. ст., в котором Кросби писал о мэре города Толедо (штат Огайо) Самуиле Джонсе (см. о нем в т. 72, стр. 25), который отказывался применить насилие при проведении закона, «требующего закрытия питейных заведений в воскресные дни». Кросби просил написать Джонсу «по вопросу распространения трезвости при помощи насилия и о фальшивом положении христианина, стоящего во главе полиции». К своему письму Кросби прилагал письмо Джонса к нему от 15 марта нов. ст. по этому вопросу, в котором Джонс писал: «Я начинаю чувствовать, что реформаторство в капиталистических поселениях почти бесполезно. У меня нет готовой программы для будущего, но я стараюсь ото дня ко дню поступать так хорошо, как могу».", "1 Толстой имеет в виду испано-американскую войну, которая фактически велась с февраля, хотя официально была объявлена 20 апреля 1898 г.", "2 «Carthago delenda est» («Карфаген должен быть разрушен») — статья Толстого, оконченная 23 апреля 1898 г." ],
  "source" : "Письма. 1898 г."
}