{
  "id" : "115",
  "to" : [ {
    "firstName" : "А",
    "lastName" : "Фету",
    "paternalName" : "А",
    "originalEntry" : "115. А. А. Фету."
  } ],
  "date" : -3523028400000,
  "place" : "Я. П.",
  "content" : "115. А. А. Фету.\nДрагоценный Дядинька!\nПишу два слова, только затем, чтобы сказать, что обнимаю вас изо всех сил, что письмо ваше получил,1 что М[арье] П[етровне]2 целую руки, всем вашим кланиусь. Тетинька очень благодарна за память и кланиица; а сестра кланица.3 Что за весна была и есть чудная! Я в одиночестве смаковал ее чудесно. Брат Николай должен быть в Никольском (Вяземском);4 поймайте его и не пускайте, я в этом месяце хочу придти к вам.5 Тургенев поехал в Зинциг до Августа лечить пузырь. Черт его возьми. Надоело любить его. Пузыря не вылечит, а нас лишит. Затем прощайте, любезный друг, ежели до моего прихода не будет стихотворенья, уж я из вас его выжму.\nВаш Гр. Л. Толстой.\n12 Мая.\nКакой Тройцын день был вчера! Какая обедня, с вянущей черемухой, седыми волосами и ярко-красным кумачом и горячее солнце. —\n",
  "notes" : [ "Впервые опубликовано Фетом в «Моих воспоминаниях», I, стр. 242.", "Афанасий Афанасьевич Фет (1820—1892) — поэт, поборник «чистого искусства». См. т. 47, стр. 303, прим. 551. Частые встречи Толстого с Фетом и их оживленная переписка в 1860—1870 гг. свидетельствуют о том, что Фет в это время был очень близок с Толстым. Дружба продолжалась до 1880-х гг., когда без всякой ссоры они отдалились друг от друга.", "1 Судя по дневниковой записи Толстого, письмо Фета было получено 9 мая 1858 г.", "2 М. П. Фет, рожд. Боткина, сестра В. П. Боткина.", "3 Начертанием слов «кланиица» и «кланица» Толстой, очевидно, подражал Н. П. Охотницкой.", "4 Имение H. Н. Толстого в Чернском уезде Тульской губернии.", "5 Фет в это время жил в своем имении Новоселки (Орловской губернии)." ],
  "source" : "Письма. 1858 г."
}