{
  "id" : "115",
  "to" : [ {
    "firstName" : "Л",
    "lastName" : "Веселитской",
    "paternalName" : "И",
    "originalEntry" : "115. Л. И. Веселитской."
  } ],
  "date" : -2350321200000,
  "place" : "Я. П.",
  "content" : "115. Л. И. Веселитской.\nНиколай Николаевич1 пишет вам, и мне захотелось написать вам хоть несколько слов, чтобы поблагодарить вас за ваши хорошие письма и мне, и девочкам и, в особенности, жене. Н[иколай] Н[иколаевич] пишет вам про меня, так я же вам напишу про него. Я особенно рад ему, и мне чрезвычайно хорошо с ним. Радуюсь тоже тому, что здоровье его гораздо лучше, чем я думал. Он пишет вам про мою работу.2 Мне бы не хотелось, чтобы про нее знали редакторы, а то не будет покоя и будет какой-нибудь грех. Вы, верно, знаете стихотворение, кажется, Фрейлиграта, о том, что смерть напоминает нам о том, как мы пропускаем случай любить.3 Ваши сожаления о том, что вы уехали от вашего отчима, и еще многое другое напомнили мне это. Как хорошо бы было, если бы мы всегда помнили это. Кажется, вся наша жизнь с своими бедствиями, болезнями достаточно напоминает нам это, а мы все забываем. Хотим, чтоб на каждого человека было наложено особое клеймо: этот человек непременно умрет. Желаю, чтобы вам никогда не нужно было напоминать этого, это самое лучшее, что могу пожелать.\nИскренно любящий вас Л. Толстой.\n",
  "notes" : [ "Печатается по автографу, представляющему собою приписку к письму H. Н. Страхова к Л. И. Веселитской от 10 июля 1895 г. Автограф вплетен в альбом Л. И. Веселитской, хранящийся в Пушкинском доме Академии наук СССР. Впервые опубликовано в журнале «Исторический вестник» 1913, апрель, стр. 53.", "Лидия Ивановна Веселитская-Божидарович (1857—1935) — писательница (литературный псевдоним «В. Микулич»). Была в дружеских отношениях с семьей Толстых и часто гостила у них в Москве и в Ясной Поляне. См. т. 66, стр. 275.", "1 H. Н. Страхов приехал в Ясную Поляну, после операции рака, 4 июля и пробыл до 8 августа.", "2 Имеется в виду будущий роман «Воскресение», в то время называвшийся «Коневской повестью».", "3 Имеется в виду стихотворение немецкого поэта Фердинанда Фрейлиграта (1814—1876), озаглавленное «Oh, lieb so lang du lieben kannst» («Люби, пока можешь любить»). Перевод его, сделанный А. Н. Плещеевым, напечатан в сборнике «Немецкие поэты в биографиях и образцах», под ред. Н. В. Гербеля, СПб. 1877, стр. 585—586." ],
  "source" : "Письма. 1895 г."
}