{
  "id" : "115",
  "to" : [ {
    "firstName" : "И",
    "lastName" : "Трегубову",
    "paternalName" : "М",
    "originalEntry" : "* 115. И. М. Трегубову."
  } ],
  "date" : -2106586800000,
  "place" : "Я. П.",
  "content" : "* 115. И. М. Трегубову.\nДорогой Иван Михайлович,\nСтатейка «Голос др[евной] ц[еркви]» мне очень нравится, и я постараюсь провести ее в печать, в Петерб[ургские] Ведомости], всего вероятнее, а потом попытаемся и в Посредник.1 На днях я должен буду писать приближенному царя Олсуфьеву о прошении моего соседа, крестьянина Агеева, приговоренного в ссылку, и приложу вашу, брошюрку, может б[ыть], он покажет ее царю.2 Чертковым скажите, что я получил его последнее письмо и прошу его простить меня за то, что не отвечаю ему. Нынче должен ответить 21 письмо.3 Статью его о революционерах я, снабдив примечаниями, отправил со случаем.4\nПрощайте. Передайте привет всем.\nЛ. Толстой.\n1 апреля 1903.\n",
  "notes" : [ "С письмом от 1 апреля н. ст. И. М. Трегубов прислал для опубликования свою переработанную статью «Голос древней церкви в защиту свободы веры» (первое издание вышло в 1897 г. в Лондоне).", "1 Второе издание было осуществлено только в 1908 г. (в Петербурге).", "2 См. письмо № 125. Толстой писал В. Г. Черткову 19 апреля 1903 г.: «Олсуфьев передал царю прошение и статью Ивана Михайловича, которую я нарочно списал. Царь оставил ее у себя с намерением прочесть».", "3 Известны семнадцать писем, написанных 1 апреля.", "4 См. письмо к В. Г. Черткову от 29 марта 1903 г., т. 88." ],
  "source" : "Письма. 1903 г."
}