{
  "id" : "116",
  "to" : [ {
    "firstName" : "С",
    "lastName" : "Семенову",
    "paternalName" : "Т",
    "originalEntry" : "* 116. С. Т. Семенову."
  } ],
  "date" : -2597511600000,
  "place" : "Я. П.",
  "content" : "* 116. С. Т. Семенову.\nСовершенно согласен с выраженными в этом письме мыслями В. Г. Черткова и очень советую вам принять их к руководству.1 Очень желаю вам устроить свою судьбу сообразно со своими взглядами на жизнь. Не думаю, чтобы отсутствие денег могло бы мешать этому. Ищите царствия божия и правды его, а остальное приложится вам.\nЛ. Толстой.\n",
  "notes" : [ "Приписка к письму В. Г. Черткова к С. Т. Семенову от 9 сентября 1887 г. Дата В. Г. Черткова. См. т. 86, стр. 83—84.", "Сергей Терентьевич Семенов (1868—1922) — писатель из крестьян. Толстой высоко ценил его «Крестьянские рассказы» и в 1894 г. написал к ним предисловие (см. т. 31). Познакомился Семенов с Толстым в конце 1886 г. в Москве, явившись по вызову Толстого, которому он принес на просмотр свой первый рассказ «Два брата». О своем знакомстве с Толстым написал «Воспоминания» (СПб. 1912).", "1 Чертков сообщал Семенову свой отзыв о его рассказах: «Два брата», «В город» и неизвестном. Попутно он высказывал свой общий взгляд на литературную деятельность." ],
  "source" : "Письма. 1887 г."
}