{
  "id" : "116",
  "to" : [ {
    "firstName" : "М",
    "lastName" : "Болквадзе",
    "paternalName" : "Г",
    "originalEntry" : "* 116. М. Г. Болквадзе."
  } ],
  "date" : -1890068400000,
  "place" : "Я. П.",
  "content" : "* 116. М. Г. Болквадзе.\n9 февраля 10 г. Ясная Поляна.\nБоюсь, что всё, что мне придется написать, будет нецензурно. Постараюсь, однако, сделать так, чтобы то, что напишу, могло бы быть напечатано.\nОбещать не обещаю, но очень желал бы исполнить вашу просьбу.\n",
  "notes" : [ "Печатается по копии, сверенной с черновиком-автографом, написанным на конверте письма Болквадзе.", "Малахий Георгиевич Болквадзе — редактор-издатель журнала «Защита человека» в Петербурге, автор книги «Исповедь адвоката», председатель бюро печати первой и второй Государственной думы. Болквадзе в письме от 31 января 1910 г. благодарил Толстого за письмо от 31 декабря 1909 г. (см. т. 80), в котором Толстой обещал свое сотрудничество в журнале. Он сообщал, что выпуск первого номера журнала задержался до 1 марта, так как для выпуска его «необходимо мощное слово великого мудреца», и просил Толстого исполнить свое обещание о сотрудничестве в журнале. См. письмо № 237." ],
  "source" : "Письма 1910 гг."
}