{
  "id" : "116",
  "to" : [ {
    "firstName" : "Н",
    "lastName" : "Страхову",
    "paternalName" : "Н",
    "originalEntry" : "116. Н. Н. Страхову."
  } ],
  "date" : -2763313200000,
  "place" : "Я. П",
  "content" : "116. Н. Н. Страхову.\nНиколай Николаич.\nВаше последнее письмо жена мне читала. Я лежал в сильнейшем жару и проболел тяжело 3 суток, нынче мне лучше и вот пишу вам, чтобы просить непременно заехать к нам.1 Я не отвечал на последнее письмо ваше, потому что совсем несогласен и мне казалось, что я слишком резко выскажу причину этаго несогласия. При том предметы эти такие сами по себе неинтересные, что не стоит из за отступления мысли нарушать естественную любовную связь между людьми. При свиданьи поговорим, если хотите.\nИ так до свиданья.\nВаш Л. Толстой.\nОчень вам благодарен за книгу. — Мысль беседы с Никод[имом] там у Конфуция2 ясно выражена.\n",
  "notes" : [ "Печатается по автографу, хранящемуся в ИЛ. Впервые опубликовано Б. Л. Модзалевским в СМ 1913, 10, стр. 297. Датируется на основании пометки Н. Н. Страхова: «10 июня 1882. Ясн.» (дата получения письма).", "Письмо Н. Н. Страхова, на которое отвечает Толстой, датировано 21 апреля 1882. В нем, возражая Толстому на его письмо от 1? апреля 1882 г., Страхов писал: «Я не отрицаю Вашего отрицания, а отрицаю другое отрицание, совершенно противоположное Вашему. Что говорит христианин? «Я не хочу имущества, не хочу власти над другими, не хочу судить, не хочу убивать, брать подати». Это святые желания и их запрещать невозможно. А что говорят те отрицатели, которых я отрицаю? «Я не хочу, чтобы у кого-нибудь было имущество больше моего, не хочу, чтобы кто-нибудь имел власть надо мною, не хочу быть судимым, не хочу быть убитым, не хочу платить подати». Разница большая, и как возможно смешать тех и других? Источник одних желаний есть отречение от себя, источник других — чистый эгоизм. Сходство заключается только в том, что, повидимому, отрицаются одни и те же предметы; но в сущности отрицание имеет не одинаковый смысл, и это тотчас видно по последствиям.... Характер эгоизма в высшей степени ясен у всех отрицателей; т. е. не то, что они сами великие эгоисты, а то, что признают эгоизм священным принципом. Они пылают негодованием против неправды, а неправдою называют нарушение чьего-нибудь эгоизма; тогда как грех вовсе не в этом нарушении, а в нечистом желании, в неправде душевной.... Во всем направлении современных умов, во всех толках и стремлениях Вы не найдете и намека на самоотречение, как на коренной принцип; всякое душевное благородство рассматривается только как средство для эгоистического земного благополучия. Эта черта нынешних умов и душ отвратительна; и самые эти души гораздо лучше своего исповедания. Государство и церковь действуют иначе. Они выставляют своею целью общее благо и прямо требуют для этого блага ограничения эгоизма, пожертвования некоторою его долею. Это понятно, это логично, и достижимо, и выполняется в огромных размерах. Злоупотребления не вытекают из самого принципа государства и церкви, точно также как и добрые чувства отрицателей не вытекают из принципа эгоизма.... Итак мир и мирское для меня имеют такое же низкое значение, как и для Вас; но Вы, отвергая мир, находите что-то подобное своему отвержению в том, в чем я вижу только крайнее выражение мирского начала; Вы думаете, что мир добивается жизни, а я думаю, что он идет к смерти, что он доводит развитие своих начал до того, что сам себя убьет и только этим убедится в ложности этих начал. Мечты человеколюбия, обновления, благополучия не имеют правильного источника, правильной цели и потому приведут к убійству, к хаосу и страданию. Весь вопрос, как Вы справедливо говорите, заключается в том, какое безобразие больше, то ли, которое Вы отрицаете, или то, которое я; но я твердо убежден, что то, что я отрицаю, есть несомненное безобразие» (см. ПС, № 173).", "1 Н. Н. Страхов ехал тогда в отпуск, намереваясь посетить Москву, а потом погостить в Ясной поляне, у А. А. Фета в Воробьевке и, наконец, у Н. Я. Данилевского в Мшатке — в Крыму (см. «Русский вестник» 1901, 2, стр. 457—459).", "2 Конфуций — Кун-фу-цзы (551—479 до н. э.) — китайский философ, основатель религии, известной под именем конфуцианства. Толстой очень интересовался его учением и многие мысли его взял для «Круга чтения» и «Пути жизни». Кроме того под редакцией Толстого была составлена брошюра П. А. Буланже «Жизнь и учение Конфуция» и издана в «Посреднике» со статьею Толстого: «Изложение китайского учения»." ],
  "source" : "Письма. 1882 г."
}