{
  "id" : "116",
  "to" : [ {
    "firstName" : "Д",
    "lastName" : "Свербееву",
    "paternalName" : "Д",
    "originalEntry" : "* 116. Д. Д. Свербееву."
  } ],
  "date" : -2263402800000,
  "place" : "Москва.",
  "content" : "* 116. Д. Д. Свербееву.\nДорогой Дмитрий Дмитриевич,\nПосылаю вам копию с посланного вам И. М. Трегубовым прошения.1 Он боится, что оно не дошло до вас. Что И. М. Трегубов человек самой чистой жизни и высокой нравственности, я смело могу свидетельствовать, то же, что он страдает изгнанием и одиночеством, вы, я думаю, сами знаете, и потому я только напоминаю вашему доброму сердцу то, что могло быть вами не замечено. Смягчите насколько возможно тяжесть его изгнания и одиночества.\nЯ переношусь в его положение и чувствую, как ему должно быть тяжело и как важно всякое облегчение и всякое доброе расположение.\nДружески жму вам руку и желаю всего хорошего.\nЛев Толстой.\n11 апреля 1898.\n",
  "notes" : [ "Печатается по листам 128—129 копировальной книги № 1.", "Дмитрий Дмитриевич Свербеев (1845—1920) — сын славянофила Д. Н. Свербеева (1799—1876); в 1886—1892 гг. вице-губернатор в Туле, в 1892—1905 гг. курляндский губернатор. Живя в Туле, часто бывал в Ясной Поляне; встречался с Толстым в Туле и в Москве.", "1 См. прим. к письму № 117." ],
  "source" : "Письма. 1898 г."
}