{
  "id" : "116",
  "to" : [ {
    "firstName" : "В",
    "lastName" : "Гольцеву",
    "paternalName" : "А",
    "originalEntry" : "* 116. В. А. Гольцеву."
  } ],
  "date" : -2506791600000,
  "place" : "Я. П.",
  "content" : "* 116. В. А. Гольцеву.\nДорогой Виктор Александрович.\nПисьмо это вам передаст доктор Лöвенфельд, берлинский переводчик некотор[ых] моих писаний, очень образованный и приятный человек. Я просил его передать вам кое-что о моем предисловьице и узнать о судьбе его. Если можно, дайте ему экземпл[яр] этого предисловия.\nЛюбящий вас Л. Толстой.\n",
  "notes" : [ "Дата определяется сопоставлением упоминаний в предыдущем письме к Гольцеву (см. № 114) и в настоящем письме о статье «Для чего люди одурманиваются?», записью в Дневнике Толстого 26 июля 1890 г. об отъезде (накануне) Лёвенфельда (т. 51, стр. 68) и ответным письмом Гольцева от 28 июля." ],
  "source" : "Письма. 1890 г."
}