{
  "id" : "116",
  "to" : [ {
    "firstName" : "Н",
    "lastName" : "Некрасову",
    "paternalName" : "А",
    "originalEntry" : "116. H. А. Некрасову. Неотправленное."
  } ],
  "date" : -3002554800000,
  "place" : "Я. П.",
  "content" : "116. H. А. Некрасову. Неотправленное.\nМилостивый государь\nНиколай Алексеевич!\nНужда в 10 тысячах заставила меня отступить от моего намерения печатать мой роман отдельной книгой. Я считал себя связанным случайно данным обещанием Русскому вестнику печатать у них, если бы я вздумал печатать в журнале,1 и потому сделал им предложение отдать 20 листов моего романа в их журнал, с платою по 500 р. за лист и выдачею мне 10 тысяч вперед, с обязательством в случае, если бы я не выдал в продолжение определенного срока рукописи, уплатить эти деньги; и с правом печатать роман отдельно по выходе последних частей в журнале. Они стали торговаться,2 и я очень рад был, что этим освободили меня от моего обещания. Делаю теперь то же предложение вам, предуведомляя, что я не отступлю от предлагаемых условий, и вместе с тем — зная, что предлагаемые мною условия тяжелы для журнала, я нисколько не удивлюсь, если вы их не примете, и что ваш отказ нисколько, надеюсь, не изменит тех хороших отношений, в которые мы вновь вступили с вами. — Роман, вероятно, будет состоять из 40 листов. Печатание окончания в вашем журнале или отдельно будет зависеть от нашего дальнейшего соглашения.\nВ ожидании вашего ответа, остаюсь с совершенным уважением ваш покорный слуга\nгр. Лев Толстой.\n8 Nоября.\n",
  "notes" : [ "Впервые опубликовано в «Литературном наследстве», т. 51-52, М. 1949, стр. 530. Год определяется содержанием.", "1 См. письмо № 55.", "2 См. письмо № 119 и комментарий к нему.", "Хотя Толстой и не послал этого письма, Некрасов, очевидно, знал о разрыве его переговоров с «Русским вестником» и в письме от 1 декабря 1874 г. к А. Н. Островскому, перечисляя материал для «Отечественных записок» на 1875 г., назвал «Анну Каренину», говоря, что Толстой «поманил... этою надеждою» (см. Н. А. Некрасов, Полное собрание сочинений и писем, т. XI, М. 1952, стр. 345). Печатание «Анны Карениной» в «Отечественных записках» не состоялось. См. письма №№ 119 и 121." ],
  "source" : "Письма. 1874 г."
}