{
  "id" : "116",
  "to" : [ {
    "firstName" : "Н",
    "lastName" : "Давыдову",
    "paternalName" : "В",
    "originalEntry" : "* 116. Н. В. Давыдову."
  } ],
  "date" : -2303578800000,
  "place" : "1880—1897 гг. Я. П.",
  "content" : "* 116. Н. В. Давыдову.\nДорогой Николай Васильевич,\nХотя дело этой просительницы,1 кажется мне, вне вашей власти, я все-таки надеюсь, что вы не откажетесь помочь нам советом. Я, как умел, написал ей прошение2 (всё правда), но так ли и нет ли ошибок. Если нужно, то поправьте и имейте в виду, что срок 16-го. Очень жалею, что давно не виделся с вами.\nНаши вам и вашим кланяются. Жена завтра едет в Москву Я остаюсь с Машей.\nВаш Л. Толстой.\n\nНа обороте: Николаю Васильевичу Давыдову.\n",
  "notes" : [ "Датируется по почерку и временем пребывания Н. В. Давыдова в Туле.", "1 О ком здесь идет речь, не установлено.", "2 Оно неизвестно." ],
  "source" : "Письма 1840—1910 гг."
}