{
  "id" : "116",
  "to" : [ {
    "firstName" : "Е",
    "lastName" : "Накашидзе",
    "paternalName" : "П",
    "originalEntry" : "* 116. Е. П. Накашидзе."
  } ],
  "date" : -2288890800000,
  "place" : "Я. П.",
  "content" : "* 116. Е. П. Накашидзе.\nДорогая Елена Петровна. Я очень виноват перед вами за то, что не отвечал на ваши письма. Благодарю вас за то, что вы писали мне и дружески высказывали свои задушевные мысли и чувства. То, о чем писано в тех письмах, я полагаю, уже изменилось: и ваше несогласие с Вл[адимиром] Гр[игорьевичем] о ваших отношениях к Ив[ану] М[ихайловичу] и ваше недовольное своим положением состояние. Мы все слабы и плохи, но если любим друг друга, то своей слабостью можем подпирать друг друга. Этим самым я хотел бы служить вам. Я почему-то больше, чем за всех других, боялся за вас о том, как вы перенесете изгнание и удаление от своих и той важной и полезной деятельности, кот[орой] вы отдавались последнее время. Кроме, того, вы физически, как мне кажется, слабы и одиноки, более, чем другие. Не знаю вашей внешней жизни, но все-таки советую вам: во-первых, как можно менее требовать от себя и ожидать, от жизни, а довольствоваться тем, чтобы как можно меньше делать зла и внешние цели ставить себе самые низменные1 — равномерную, чередуемую с отдыхом, самую простую, первых потребностей работу, во-вторых, на свои отношения к людям смотреть, как на самое важное, важнее всех других дел, дело, жизни и спокойно ждать того ли дела, кот[орое] потребует напряжения всех душевных сил, или того духовного подъема, кот[орый] находит временами на каждого человека и указывает определенно новый путь жизни. Советую я то, что сам стараюсь делать и делаю и что помогает мне. Пишите мне. Всегда рад получать известия от вас. Я получил через сына Сережу, что какие-то духоборы прибыли или ожидаются в московской тюрьме.2 Постараемся помочь им и посетить.\nПрощайте, братски целую в[ас].\nЛ. Толстой.\n",
  "notes" : [ "Печатается по листу копировальной книги из AЧ. Оттиск неясный и местами обведен неизвестной рукой чернилами. Датируется на основании пометы на копии неизвестной рукой.", "Елена Петровна Накашидзе (1868—1943) — сестра публициста И. П. Накашидзе (см. прим. к письму № 161); учительница в Тифлисе и деятельница по внешкольному образованию среди рабочих. В 1896 г. познакомилась с В. Г. Чертковым и И. М. Трегубовым, а в марте 1897 г. с Толстым. Была деятельной сотрудницей в деле помощи духоборам, за что была подвергнута тайному полицейскому надзору, а летом 1897 г., во избежание ареста, вынуждена была выехать за границу, где жила до 1905 г. С 1917 г. жила в Тбилиси. См. о ней в книге: Г. Талиашвили, «Лев Толстой и Грузия», изд. «Заря Востока», Тбилиси 1951, стр. 49—50.", "Толстой отвечает на письма Е. П. Накашидзе: от 1 марта, от 11 и 30 апреля и 9 мая, в которых она писала о своей жизни и о своих отношениях с И. М. Трегубовым.", "1 Это слово обведено чернилами по неясной копии.", "2 В это время в Москву прибыла партия духоборов, ссылавшихся зa отказ от военной службы в Якутскую область сроком на восемнадцать лет. Духоборы шли этапом." ],
  "source" : "Письма. 1897 г."
}