{
  "id" : "116",
  "to" : [ {
    "firstName" : "Н",
    "lastName" : "Бухтеевой",
    "paternalName" : "Д",
    "originalEntry" : "* 116. Н. Д. Бухтеевой."
  } ],
  "date" : -1903892400000,
  "place" : "Я. П.",
  "content" : "* 116. Н. Д. Бухтеевой.\n2 сентября 09 г. Ясная Поляна.\nНаталья Дмитриевна,\nОчень благодарю вас за добрые чувства и радуюсь мысли, что мог быть вам полезен.\n",
  "notes" : [ "Печатается по дубликату подлинника.", "Ответ на письмо Наталии Дмитриевны Бухтеевой от 29 августа 1909 г. из Финляндии с выражением сочувствия по поводу ареста H.H. Гусева и с благодарностью за благотворное влияние, которое оказали на нее религиозные взгляды Толстого." ],
  "source" : "Письма 1909 г."
}