{
  "id" : "116",
  "to" : [ {
    "firstName" : "Софье",
    "lastName" : "Толстой",
    "paternalName" : "Андреевне",
    "originalEntry" : null
  } ],
  "date" : -2944753200000,
  "place" : "Пароход на Волге.",
  "content" : "116.\nПишу тебе 3-е письмо, милый друг. Это письмо пишу 7-го в 2 часа дня, еще с парохода, и опущу его в ящик в Самаре, в к[оторой] мы будем, если Бог даст, в 7 часов вечера. Мы имели несчастие встретить 3-х попов в Нижнем, и ряд неудач нас преследовал.\nМы потеряли 2-е суток. Несмотря на то, надеюсь попасть в Оренбурга, куда мне очень хочется. —\nЖелезная дорога, говорят, хотя и не открыта, ходит очень правильно 2 раза в сутки, и езды менее суток. Все решится нынче вечером и я напишу тебе еще из Самары, если не буду очень спешить. Надеюсь, что предзнаменование попов истощилось уже на просрочке 2-х дней и на скучнейшем, безвкусыейшем обществе, кроме купца и Хивинца. Насморк мой прошел и, благодаря винограду и арбузам, желудок,1 и потому состояние духа в порядке. Надеюсь, что будешь писать часто, и что я, хоть сразу, получу письма, буду знать о тебе в разные периоды. Ты меня так напугала нежеланием отпустить меня, что я больше, кажется, чем прежние раза, боюсь за всех вас и, главное, за одну тебя. Я иногда писал тебе, ничего не говоря о своих чувствах, потому что в ту минуту, как писал, не был так расположен а в эту поездку всякую минуту думаю о тебе с нежностью и готов все письмо наполнить нежными словами.\nПрощай, душенька милая. Я так радуюсь тому чувству, которое имею к тебе, и тому, что ты есть на свете.\nТолько бы ты была здорова, и потому сама, какая ты есть. Из Оренбурга я тебе телеграфирую.\nТвой Л.\n",
  "notes" : [ "Печатается по автографу, хранящемуся в АТБ. Впервые опубликовано по копии, сделанной С. А. Толстой, в ПЖ, стр. 107—108. Датируется на основании слов письма: «Это письмо пишу 7-го в 2 часа дня».", "1 Зачеркнуто: въ пре" ],
  "source" : "Письма к С. А. Толстой 1862-1910 гг."
}