{
  "id" : "116",
  "to" : [ {
    "firstName" : null,
    "lastName" : null,
    "paternalName" : null,
    "originalEntry" : "* 116. С. Морозу."
  } ],
  "date" : -2161796400000,
  "place" : "середина. Я. П.",
  "content" : "* 116. С. Морозу.\nЖизнь, по моему мнению, состоит в увеличении любви. Чем больше любви, тем больше блага испытывает человек. Возмездие совершается постоянно, составляет закон жизни, и потому надо предполагать и нельзя не предполагать, что то же самое будет совершаться в жизни загробной. Чем больше увеличилась любовь в этом мире, тем больше возможно благо в будущем.\n",
  "notes" : [ "Печатается по копировальной книге № 4, л. 98, где вклеена копия рукой М. Л. Оболенской (подпись в копии не воспроизведена). Датируется по письму Мороза, на которое отвечает Толстой, и по записи в Дневнике от 16 июля 1901 г. См. т. 54, стр. 105—106.", "Спиридон Мороз, учитель со ст. Славянок Харьковско-Севастопольской жел. дороги, в письме от 9 июля 1901 г. спрашивал, что подразумевает Толстой в «Ответе синоду» под «возмездием душе»." ],
  "source" : "Письма. 1901 г."
}