{
  "id" : "116",
  "to" : [ {
    "firstName" : "Ф",
    "lastName" : "Послениченко",
    "paternalName" : "К",
    "originalEntry" : "* 116. Ф. К. Послениченко."
  } ],
  "date" : -2227633200000,
  "place" : "Я. П.",
  "content" : "* 116. Ф. К. Послениченко.\nФедор Кирилович,\nБратья ваши, живущие в Благовещенске, писали мне о том, что вы находитесь в изгнании, и просили меня постараться освободить вас.\nВсей душой сочувствую вам и желаю вам с твердостью, смирением и радостью переносить гонение. Как ни трудно это, это возможно человеку, духом соединяющемуся с Богом. Дай вам Бог так переносить гонение. Я же с своей стороны, до сих пор не удостоившийся гонения за истину, буду стараться освободить вас. Надежды на успех мало, так как власти не любят меня, но буду стараться; вы же известите меня письмом: Льву Толстому, в Тулу, о том, под каким предлогом вы сосланы, когда и, главное, если можно, кратко и ясно напишите мне, в чем ваша вера.\nБратски приветствую вас.\nЛев Толстой.\n30 Мая.\n\nНапишите также, как вы теперь живете.\n",
  "notes" : [ "Печатается по листам копировальной книги, хранящимся в AЧ. Местонахождение автографа неизвестно. Дата дополняется по ответному письму. Публикуется впервые.", "Федор Кириллович Послениченко, по профессии булочник, восемнадцати лет, под влиянием вождя «Старого израиля» П. П. Катасонова, вступил в эту секту, за что был подвергнут строгому преследованию. В 1887 г. был арестован и в ноябре 1888 г. за принадлежностъ к секте «хлыстов», был осужден Новочеркасским окружным судом к ссылке в Елисаветполь, откуда его выслали административным порядком в Джебраил Елисаветпольской губернии. Десять лет спустя, в 1899 г., он подал прошение в сенат, ходатайствуя о разрешении проживать в Елисаветполе или о переводе его из ссыльно-поселенцев в разряд крестьян. Сенат в просьбе отказал, рекомендовав обратиться в министерство юстиций. Толстой узнал о Послениченко через его благовещенских друзей (см. письмо № 117). В ответных письмах Послениченко просил Толстого взять на себя хлопоты по его делу. Он писал 30 июня 1899 г.: «Изливаю пред вами мою Сердѣчную прозьбу, Если что найдетѣ къ облегченію моей участи и для утѣшенія близкихъ комне ожидающихъ снадѣждою видѣть меня, то я надѣюсь что вы невыпуститѣ извиду. А если ничего не отысчется къ освобождѣнію моему, то все покорнейше прошу Вашего Сіятѣльства уведомить меня. А я готовъ крестъ мой нести доконца отцем назначеннаго. И Если ето Еще неконецъ насталъ къ моему освобожденію, то живъ 6уду и дождусь его. И не могу я выразить словами мою сердечьную прозьбу, но имею надѣжду, что тот которому я служу, іесли онъ восхотѣлъ содѣлать васъ тѣмже Ангелом который во время оно отвалилъ камень отъ гроба господьняго и сам сидѣлъ на немъ, то онъ же и передастъ вамъ мое сердѣчьное желаніе и мою прозьбу, итогда вы ее прочьтетѣ понятьней: въ несчетно разъ какъ она здесь написанна». Об участии Толстого в этом деле сведений не имеется. О «Старом израиле» см. K. Grass, «Die russischen Sekten», I, Juriew, 1913; «Новый израиль». Материалы к истории и изучению русского сектантства и старообрядчества. Вып. IV. Под редакцией со вступительной статьей и примечаниями Владимира Бонч-Бруевича». Спб. 1911 и «Чемреки. Ответвление Старого израиля». Материалы к истории и изучению религиозно-общественных движений в России. Вып. VII. Под редакцией, со вступительной статьей и примечаниями Владимира Бонч-Бруевича. П. 1916." ],
  "source" : "Письма 1899 г."
}