{
  "id" : "116",
  "to" : [ {
    "firstName" : "Н",
    "lastName" : "Ге",
    "paternalName" : "Н",
    "originalEntry" : "* 116. H. H. Ге (сыну)."
  } ],
  "date" : -2463159600000,
  "place" : "Бегичевка.",
  "content" : "* 116. H. H. Ге (сыну).\nЕсли можно, приторгуйте мне кукурузы сухой 6 вагонов.\nЛ. Т.\n",
  "notes" : [ "Печатается по копии рукой П. И. Бирюкова из AЧ. Дата копии. Ге отвечал письмами от 18 декабря (почт. шт. ) и 24 декабря (почт. шт.)." ],
  "source" : "Письма. 1891 г."
}