{
  "id" : "116",
  "to" : [ {
    "firstName" : null,
    "lastName" : null,
    "paternalName" : null,
    "originalEntry" : "116. В редакции газет «Новое время»"
  } ],
  "date" : -2018545200000,
  "place" : "Я. П.",
  "content" : "116. В редакции газет «Новое время» и «Русские ведомости».\nМ. Г. Прошу вас дать место в вашей газете следующему моему заявлению.\nВ последнее время стали появляться в печати объявления о предстоящем выпуске в России тех моих писаний, которые до сих пор печатались только за границей. Так как многие из этих писаний изданы неточно (с пропусками, ошибками и изменениями), есть даже такие, которые написаны не мною, но приписываются мне, то я просил бы всех тех, кто желает издавать не напечатанные в России мои произведения, обращаться за оригиналами таковых в Англию Christchurch, Hants, к другу моему Владимиру Григорьевичу Черткову, у которого находится самое полное собрание всех моих писаний последних 25 лет в самом точном изложении. Ему одному я посылал и посылаю теперь для печатания за границей по-русски и в переводах все мои новые писания. Занимаясь этим делом уже много лет единственно в интересах самого дела, он писал мне, что охотно будет сообщать всем тем, кому это нужно, необходимые указания и справки для наиболее точного издания моих произведений.\nЛев Толстой.\n",
  "notes" : [ "Печатается по публикации в газете «Новое время» 1906, № 10721 от 18 января. Датируется на основании записи в ЯЗ от 13 января 1906 г. и по Ежедневнику С. А. Толстой, которая 14 января 1906 г. отвезла публикуемое письмо из Ясной Поляны в Москву. Одновременно с публикацией в «Новом времени» напечатано в «Русских ведомостях» 1906, № 17 от 18 января. Перепечатано многими другими газетами.", "Письмо написано Толстым по совету В. Г. Черткова. Под давлением развертывавшихся революционных событий 24 ноября 1905 г. были опубликованы «Временные правила о печати» об отмене предварительной общей и духовной цензуры повременных изданий. Многие издатели на этом основании начали публикацию в периодических органах и в приложениях ранее запрещенных произведений Толстого и других авторов." ],
  "source" : "Письма. 1906 г."
}