{
  "id" : "116",
  "to" : [ {
    "firstName" : "С",
    "lastName" : "Данилевичу",
    "paternalName" : "В",
    "originalEntry" : "* 116. С. В. Данилевичу."
  } ],
  "date" : -1976382000000,
  "place" : "Я. П.",
  "content" : "* 116. С. В. Данилевичу.\nДанилевичу.\n\nРад был получить ваше письмо. Поддержи вас бог в тех намерениях чистоты жизни, о к[оторых] вы пишете. В вашем возрасте это один из сильнейших соблазнов. Для успешной борьбы с ним надо верить в возможность успеха и, кроме того, помнить, что всегда есть выход — женитьба.\nНе нужно ли вам каких-либо моих книг? Могу прислать.\nОт всей души желаю вам постоянства и вследствие постоянства преуспеяния на избранном вами едином истинном пути усиления духовной жизни.\nЛев Толстой.\n\n",
  "notes" : [ "Печатается по копировальной книге № 7, л. 337. Основание датировки: в копировальной книге письмо отпечатано среди писем от 17 мая.", "В письме от 13 мая 1907 г. из Екатеринослава портной Самуил Вульфович Данилевич (р. 1881) сообщил, что в разрешении вопроса о смысле жизни и полового вопроса ему помогли религиозно-нравственные взгляды Толстого." ],
  "source" : "Письма. 1907 г."
}