{
  "id" : "116",
  "to" : [ {
    "firstName" : "И",
    "lastName" : "Борисову",
    "paternalName" : "П",
    "originalEntry" : "* 116. И. П. Борисову."
  } ],
  "date" : -3301326000000,
  "place" : "Никольское-Вяземское.",
  "content" : "* 116. И. П. Борисову.\nЗдравствуйте, Иван Петрович!\nЯ третьего дня приехал в Никольское, но не воспользовался этим — повидаться с вами, потому что эти два дня был в делах и разъездах, завтра же думаю быть свободен. Как вы поживаете? Здоровы ли и дома ли вы? Что Фет? Отвечайте мне. Может быть, я завтра приеду к вам, а может быть, и нет. А может быть, вы приедете? Во всяком случае дружески жму руку.\nВаш Л. Толстой.\nВ июне мы собираемся всей семьей переехать в Никольское и пожить.\n\nНа четвертой странице:\nЕго высокоблагородию\nИвану Петровичу Борисову.\n",
  "notes" : [ "Датируется на основании слов письма: «Я третьего дня приехал в Никольское». В Никольское из Ясной Поляны Толстой приехал 19 мая. См. т. 83, письмо № 39." ],
  "source" : "Письма. 1865 г."
}