{
  "id" : "116",
  "to" : [ {
    "firstName" : "М",
    "lastName" : "Новикову",
    "paternalName" : "П",
    "originalEntry" : "116. М. П. Новикову."
  } ],
  "date" : -2072458800000,
  "place" : "Я. П.",
  "content" : "116. М. П. Новикову.\nПолучил ваше второе письмо, дорогой Михаил Петрович. Всей душой сочувствую вам и всем тем несчастным, кот[орые] вместе с вами призваны к этому тяжелому испытанию.\nДолго ли вы пробудете в Туле. Я бы хотел приехать к вам, чтобы повидаться.\nМного не хочется передавать в письме. Как писал вам в первом письме, знайте, что у вас и вашей семьи есть друзья.\nПишите.\nЛюбящий вас\nЛ. Толстой.\n\nТо, что вы пишете о боге, делающем чудеса и не прекращающем жестокости среди людей, не понравилось мне. Что нам до того бога, в к[оторого] веруют православные, нам надо самим-то веровать в настоящего и по-настоящему.\n30 апр. 1904.\n\n",
  "notes" : [ "Впервые опубликовано в ПТС, I, № 228, стр. 290—291.", "Ответ на письмо Новикова от 27 апреля 1904 г., в котором он писал о призыве его на воинскую службу." ],
  "source" : "Полное собрание сочинений. Том 75"
}