{
  "id" : "116",
  "to" : [ {
    "firstName" : "С",
    "lastName" : "Чижову",
    "paternalName" : "П",
    "originalEntry" : "* 116. С. П. Чижову."
  } ],
  "date" : -2313082800000,
  "place" : "Я. П.",
  "content" : "* 116. С. П. Чижову.\nСофрон Павлович,\nПисьмо ваше я получил и рад бы был вас видеть, но боюсь, что вы проедетесь напрасно и напрасно потратите деньги. Истина божия открыта нам в сердце нашем и в разуме, и в евангелии каждый из нас может познать ее. Бог не мог так забросить нас, чтобы мы не могли узнать его волю. Она открыта всем нам. И хотя обманщики стараются извратить истину и скрыть ее от нас, каждый может, если только он правдив перед богом, познать ее. Я послал в Кишенцы Шидловскому1 статейку об евангелии.2 Возьмите у него и прочитайте. Если непременно пожелаете приехать, приезжайте, я вам буду рад, но подумайте, не согрешите ли, потратив время и деньги напрасно, когда бы можно их употребить на помощь нуждающимся.\nЛюбящий вас брат\nЛев Толстой.\n13 сент. 1896.\n",
  "notes" : [ "Печатается по листам 72 и 77 копировальной книги.", "Софрон Павлович Чижов (р. 1862) — крестьянин-штундист с. Кишенцы Уманского уезда Киевской губ. См. т. 72, стр. 273—274.", "Ответ на письмо Чижова от 28 августа 1894 г., в котором он выражал желание лично навестить Толстого.", "1 См. письмо № 117.", "2 Статью «Как читать евангелие и в чем его сущность»." ],
  "source" : "Письма. 1896 г."
}