{
  "id" : "116",
  "to" : [ {
    "firstName" : "Джону",
    "lastName" : "Кенворти",
    "paternalName" : null,
    "originalEntry" : "* 116. Джону Кенворти (John Kenworthy)."
  } ],
  "date" : -2350321200000,
  "place" : "Я. П.",
  "content" : "* 116. Джону Кенворти (John Kenworthy).\nЯ получил ваши переводы1 и не успел еще просмотреть. Как только сделаю это сам, или кто-нибудь из моих друзей, так сообщу вам о достоинстве переводов. Я, разумеется, очень рад вашему плану хорошего и, главное, дешевого издания моих писаний на английском языке. Мой друг Чертков имел эту самую мысль, и вам хорошо бы было войти в сношения с ним, тем более, что нет человека, который бы так внимательно, серьезно и так одинаково со мною смотрел бы на значение моих писаний. Он тоже хотел написать вам об этом деле. Детство я бы не печатал в этой серии, равно как и другие писания — все писанные до 1881 года. Я охотно напишу вам a letter of authorisation,2 но не знаю, в какой форме выразить ее, и потому пришлите мне образец такого письма, которое, подписав, я верну вам. Я получил ваш перевод «Master and Man»3 и благодарю за него.\nПродолжается ли издание следующих томов The Four Gospels? Очень жалко бы было, если бы оно остановилось на первом томе. Неполнота более всего помешала бы пониманию сочинения. Я не удивляюсь тому, что книга эта так плохо продается.4 Это не может быть иначе. Книгу эту нельзя понимать, перетолковывая ее по-своему; нельзя соглашаться кое с чем, отбрасывая другое, а надо принять всю, — не в ее подробностях, а в ее общем смысле, — или всю отбросить. Рискуя подпасть обычному парадоксу о том, что сам автор всегда ложно оценивает свои писания, я все-таки скажу, что это (Work) сочинение важнее в 1000 раз всего, того, что я написал, и я знаю, что не ошибаюсь, потому что это сочинение стоило мне наибольшего радостного труда, было поворотным пунктом всей моей жизни и легло в основание всего того, что я писал после того. Я бы сказал, что ваше суждение о нем верно, если бы оно не было слишком лестно. — План мой международного издания до сих пор еще не начинает осуществляться. Знаете ли вы книгу Lachman, Weder Dogma, noch Glaubensbekenntnis, sondern Religion,5 и два журнала немецких, издающихся один в Штутгарте, Neues Leben, D-r Grunsky, и другой — Religion des Geistes, Eugen Schmitt в Будапеште?\n",
  "notes" : [ "Печатается по машинописной копии. Дата определяется словами ответного письма Кенворти от 7 августа н. ст. 1895 г.: «Я замедлил ответом на ваше письмо от 10/22 августа».", "Ответ на два письма Кенворти от 3 мая и 27 июня н. ст., в которых он сообщает о плане и ходе своих издательских дел и об организации им переводов сочинений Толстого на английский язык.", "1 В письме от 27 июня Кенворти писал: «С той же почтой посылаю английские переводы трех ваших книг: 1) «Отрочества», 2) «В чем моя вера» и 3) «Ходите в свете, пока есть свет».", "2 Разрешение на издание. См. письма №№ 149 и 150.", "3 Английский перевод «Хозяина и работника»: «Master and man». Rendered from the Russian into Inglish by S. Rapoport and John Kenworty, Нью-Йорк, 1895.", "4 В письме от 3 мая н. ст. Кенворти писал по поводу выхода первого тома «Соединения, перевода и исследования четырех евангелий», которое встретило мало внимания со стороны критиков.", "5 Лахман, «Не догмат и не вероисповедание, а религия»." ],
  "source" : "Письма. 1895 г."
}